place_id,external_id,author,rating,text,published_at
sim_lager_ale_tlv,tick_sim_lager_ale_tlv_363314def067,Itai Gold,4,Solid bar with real personality. The porter is my regular order. Seating gets tight by 9pm.,2026-04-24T14:37:57.441702+00:00
sim_tap_room,tick_sim_tap_room_34854b3d1b4a,Barak Levi,3,"Good selection but pricey. You're paying for the curation, which is fair, but still.",2026-04-24T14:38:12.942215+00:00
sim_lager_ale_tlv,tick_sim_lager_ale_tlv_722b435205cb,Ran Ofer,5,Outdoor seating on a warm evening with a cold craft lager. Tel Aviv at its finest.,2026-04-24T14:49:22.880130+00:00
sim_lager_ale_tlv,tick_sim_lager_ale_tlv_9f864293f1b7,Ayelet Ron,4,Love the concept — always something on tap I haven't tried. Wish they did more food.,2026-04-24T14:49:22.880130+00:00
sim_beer_garden,tick_sim_beer_garden_e0c32e64db1d,Tal Weiss,5,The garden brunch is an institution. Go on a Sunday morning and thank me later.,2026-04-24T14:49:40.826895+00:00
sim_tap_room,tick_sim_tap_room_3a8bf4b3e037,Barak Levi,3,"Good selection but pricey. You're paying for the curation, which is fair, but still.",2026-04-24T14:49:55.468265+00:00
sim_tap_room,tick_sim_tap_room_c1ec92193efb,Limor Sela,4,Serious craft beer bar. The staff can talk for hours about beer styles. Very knowledgeable.,2026-04-24T14:49:55.468265+00:00
sim_tap_room,tick_sim_tap_room_f794edc9dd45,Omer Klein,3,"Amazing tap list, claustrophobic space. Hard to relax when you're shoulder to shoulder.",2026-04-24T14:49:55.468265+00:00
sim_lager_ale_tlv,tick_sim_lager_ale_tlv_71059c61ff73,Liron Ben-Zvi,4,Industrial design and long bar are a vibe. Service is fast even when full.,2026-04-24T16:05:22.100950+00:00
sim_beer_garden,tick_sim_beer_garden_a77337768018,Ran Blum,2,"Expected more given the reputation. Noisy, cramped on the weekend, and the service was scattered.",2026-04-24T16:05:37.249832+00:00
sim_tap_room,tick_sim_tap_room_034e999da7c3,Orli Bar,5,Staff recommended a sour I would never have picked myself — it was outstanding. Real expertise here.,2026-04-24T16:05:51.187769+00:00
sim_tap_room,tick_sim_tap_room_224440adb6c5,Inbal Mor,5,"The rotating list keeps me coming back weekly. Never the same beer twice, always excellent.",2026-04-24T16:05:51.187769+00:00
sim_tap_room,tick_sim_tap_room_531b8ea74323,Tali Katz,4,Tiny bar but big on quality. Standing room only on Thursdays but worth the squeeze.,2026-04-24T16:05:51.187769+00:00
sim_tap_room,tick_sim_tap_room_c44a9e2261ba,Yaron Green,4,The flight of four is a great way to explore. Always discover something new here.,2026-04-24T16:05:51.187769+00:00
sim_lager_ale_tlv,tick_sim_lager_ale_tlv_946ebde8b979,Ayelet Ron,4,Love the concept — always something on tap I haven't tried. Wish they did more food.,2026-04-24T17:30:16.912469+00:00
sim_beer_garden,tick_sim_beer_garden_16ec0bd781b5,Hila Ohayon,5,"Took my team here for a celebration. Big tables, great service, everyone was happy.",2026-04-24T17:30:33.245209+00:00
sim_beer_garden,tick_sim_beer_garden_7a97fe3504c4,Amos Tzur,3,"Service is inconsistent — sometimes fast, sometimes you're waiting forever. Nice garden though.",2026-04-24T17:30:33.245209+00:00
sim_tap_room,tick_sim_tap_room_14f6064a1a6c,Pini Ben-Haim,5,For beer geeks this is paradise. Flight of four is the move for first-timers.,2026-04-24T17:30:51.907687+00:00
sim_tap_room,tick_sim_tap_room_24f440c388c0,Moshe Shaul,5,Raised the bar for craft beer in this city. The session IPA on tap now is brilliant.,2026-04-24T17:30:51.907687+00:00
sim_tap_room,tick_sim_tap_room_31a91afb0779,Omer Klein,3,"Amazing tap list, claustrophobic space. Hard to relax when you're shoulder to shoulder.",2026-04-24T17:30:51.907687+00:00
sim_tap_room,tick_sim_tap_room_426b0a989906,Ronit Shahar,4,Great beer education — staff will help you find exactly what you're looking for.,2026-04-24T17:30:51.907687+00:00
sim_tap_room,tick_sim_tap_room_7fe6ecc04668,Noam Elul,4,Love the chalkboard tap list. Something new every time. The sour this week is amazing.,2026-04-24T17:30:51.907687+00:00
sim_lager_ale_tlv,tick_sim_lager_ale_tlv_0aaca734d5c0,Tali Sela,3,Nice place but quite loud. Hard to hold a conversation at peak hours.,2026-04-24T18:08:53.283195+00:00
sim_lager_ale_tlv,tick_sim_lager_ale_tlv_e1b1f78511f4,Itai Gold,4,Solid bar with real personality. The porter is my regular order. Seating gets tight by 9pm.,2026-04-24T18:08:53.283195+00:00
sim_beer_garden,tick_sim_beer_garden_271bd5712d2a,Yossi Katz,4,Great for groups — big tables and the staff handles crowds well. Wish the tap list were wider.,2026-04-24T18:09:06.917548+00:00
sim_beer_garden,tick_sim_beer_garden_400416475e25,Neta Gold,4,The garden in the evening is beautiful. Service is friendly if a little slow.,2026-04-24T18:09:06.917548+00:00
sim_beer_garden,tick_sim_beer_garden_48c55e0eb209,Inbal Cohen,4,Lovely garden bar. The wheat beer is refreshing and the food is better than expected.,2026-04-24T18:09:06.917548+00:00
sim_beer_garden,tick_sim_beer_garden_a84e5aefa798,Dina Koren,3,Pretty place but the beer selection is limited to mainstream brands. Go for the atmosphere.,2026-04-24T18:09:06.917548+00:00
sim_tap_room,tick_sim_tap_room_1efc5b67cc31,Yonit Ziv,5,Consistent quality across every visit. The double IPA is exceptional and the staff are genuine experts.,2026-04-24T18:09:20.487570+00:00
sim_tap_room,tick_sim_tap_room_2c2781ead52e,Moshe Shaul,5,Raised the bar for craft beer in this city. The session IPA on tap now is brilliant.,2026-04-24T18:09:20.487570+00:00
sim_tap_room,tick_sim_tap_room_5357b7ed24e4,Dotan Peretz,5,The chalkboard tap list changes constantly. Something new every visit. The DIPA right now is extraordinary.,2026-04-24T18:09:20.487570+00:00
sim_tap_room,tick_sim_tap_room_58083536045b,Pini Ben-Haim,5,For beer geeks this is paradise. Flight of four is the move for first-timers.,2026-04-24T18:09:20.487570+00:00
sim_tap_room,tick_sim_tap_room_663cba8d922e,Ronit Shahar,4,Great beer education — staff will help you find exactly what you're looking for.,2026-04-24T18:09:20.487570+00:00
sim_tap_room,tick_sim_tap_room_678700da2d1b,Shani Cohen,5,The barrel-aged stout they had last week was the best beer I've had in years. Staff know their stuff.,2026-04-24T18:09:20.487570+00:00
sim_tap_room,tick_sim_tap_room_876155bb92f0,Gad Cohen,4,Serious about craft in a way most Tel Aviv bars aren't. Pricey but fair for the curation.,2026-04-24T18:09:20.487570+00:00
sim_tap_room,tick_sim_tap_room_99e6180443e3,Amir Sagi,5,"24 taps, all rotating, all excellent. This is the only craft beer bar that really gets it in Tel Aviv.",2026-04-24T18:09:20.487570+00:00
sim_tap_room,tick_sim_tap_room_9b9afc2a8da6,Noam Elul,4,Love the chalkboard tap list. Something new every time. The sour this week is amazing.,2026-04-24T18:09:20.487570+00:00
sim_tap_room,tick_sim_tap_room_b6fb388a4849,Inbal Mor,5,"The rotating list keeps me coming back weekly. Never the same beer twice, always excellent.",2026-04-24T18:09:20.487570+00:00
sim_tap_room,tick_sim_tap_room_c8446bf47cf3,Stav Rosen,5,"No shortcuts, just great beer and passion. This is what a craft beer bar should be.",2026-04-24T18:09:20.487570+00:00
sim_tap_room,tick_sim_tap_room_d59b9a005fca,Rafi Levi,5,If you care about craft beer this is your place. They import rare stuff you genuinely can't find elsewhere.,2026-04-24T18:09:20.487570+00:00
sim_tap_room,tick_sim_tap_room_e28ec9963936,Orli Bar,5,Staff recommended a sour I would never have picked myself — it was outstanding. Real expertise here.,2026-04-24T18:09:20.487570+00:00
sim_lager_ale_tlv,tick_sim_lager_ale_tlv_3ab64971c3a1,Ayelet Ron,4,Love the concept — always something on tap I haven't tried. Wish they did more food.,2026-04-24T19:29:29.476403+00:00
sim_lager_ale_tlv,tick_sim_lager_ale_tlv_5dbbe18e7d10,Dana Freed,4,"Great spot, gets crowded on weekends but the quality is consistent. Love the rotating taps.",2026-04-24T19:29:29.476403+00:00
sim_lager_ale_tlv,tick_sim_lager_ale_tlv_bd3277fcfae2,Ofer Mizrahi,4,"Good selection, friendly staff. Slightly pricey but you're paying for curation.",2026-04-24T19:29:29.476403+00:00
sim_beer_garden,tick_sim_beer_garden_00fd572b36aa,Inbal Cohen,4,Lovely garden bar. The wheat beer is refreshing and the food is better than expected.,2026-04-24T19:29:42.672103+00:00
sim_beer_garden,tick_sim_beer_garden_789036187184,Yossi Katz,4,Great for groups — big tables and the staff handles crowds well. Wish the tap list were wider.,2026-04-24T19:29:42.672103+00:00
sim_beer_garden,tick_sim_beer_garden_8777f4afc13e,Kobi Levi,5,The cider is a hidden gem here. Garden is well maintained and vibe is just right.,2026-04-24T19:29:42.672103+00:00
sim_beer_garden,tick_sim_beer_garden_9eb2ed2b5594,Gadi Mor,5,"Came on a Tuesday evening — quiet, gorgeous, and the lager was perfectly cold. Love this place.",2026-04-24T19:29:42.672103+00:00
sim_beer_garden,tick_sim_beer_garden_bf2258337119,Neta Gold,4,The garden in the evening is beautiful. Service is friendly if a little slow.,2026-04-24T19:29:42.672103+00:00
sim_beer_garden,tick_sim_beer_garden_d947f0ed222c,Shir Blum,5,Best outdoor bar in the city. We come every Sunday — the brunch + beer combo is a ritual now.,2026-04-24T19:29:42.672103+00:00
sim_tap_room,tick_sim_tap_room_1737bfb957dc,Noam Elul,4,Love the chalkboard tap list. Something new every time. The sour this week is amazing.,2026-04-24T19:29:56.014703+00:00
sim_tap_room,tick_sim_tap_room_1e12b0a60922,Tali Katz,4,Tiny bar but big on quality. Standing room only on Thursdays but worth the squeeze.,2026-04-24T19:29:56.014703+00:00
sim_tap_room,tick_sim_tap_room_398c6aba4002,Yonit Ziv,5,Consistent quality across every visit. The double IPA is exceptional and the staff are genuine experts.,2026-04-24T19:29:56.014703+00:00
sim_tap_room,tick_sim_tap_room_3b3113da3d25,Limor Sela,4,Serious craft beer bar. The staff can talk for hours about beer styles. Very knowledgeable.,2026-04-24T19:29:56.014703+00:00
sim_tap_room,tick_sim_tap_room_4aa110278019,Moshe Shaul,5,Raised the bar for craft beer in this city. The session IPA on tap now is brilliant.,2026-04-24T19:29:56.014703+00:00
sim_tap_room,tick_sim_tap_room_4fbae13e9be1,Ronit Shahar,4,Great beer education — staff will help you find exactly what you're looking for.,2026-04-24T19:29:56.014703+00:00
sim_tap_room,tick_sim_tap_room_61f1c4a3af89,Gad Cohen,4,Serious about craft in a way most Tel Aviv bars aren't. Pricey but fair for the curation.,2026-04-24T19:29:56.014703+00:00
sim_tap_room,tick_sim_tap_room_89e2537f73d7,Inbal Mor,5,"The rotating list keeps me coming back weekly. Never the same beer twice, always excellent.",2026-04-24T19:29:56.014703+00:00
sim_tap_room,tick_sim_tap_room_8babb030c824,Stav Rosen,5,"No shortcuts, just great beer and passion. This is what a craft beer bar should be.",2026-04-24T19:29:56.014703+00:00
sim_tap_room,tick_sim_tap_room_90263b9d34de,Shani Cohen,5,The barrel-aged stout they had last week was the best beer I've had in years. Staff know their stuff.,2026-04-24T19:29:56.014703+00:00
sim_tap_room,tick_sim_tap_room_a36029f265c9,Pini Ben-Haim,5,For beer geeks this is paradise. Flight of four is the move for first-timers.,2026-04-24T19:29:56.014703+00:00
sim_tap_room,tick_sim_tap_room_d5811e6766c1,Rafi Levi,5,If you care about craft beer this is your place. They import rare stuff you genuinely can't find elsewhere.,2026-04-24T19:29:56.014703+00:00
sim_tap_room,tick_sim_tap_room_e6dc5da3f663,Orli Bar,5,Staff recommended a sour I would never have picked myself — it was outstanding. Real expertise here.,2026-04-24T19:29:56.014703+00:00
sim_tap_room,tick_sim_tap_room_f2c06ab15dd5,Yaron Green,4,The flight of four is a great way to explore. Always discover something new here.,2026-04-24T19:29:56.014703+00:00
sim_tap_room,tick_sim_tap_room_f67da799bbd8,Dotan Peretz,5,The chalkboard tap list changes constantly. Something new every visit. The DIPA right now is extraordinary.,2026-04-24T19:29:56.014703+00:00
sim_tap_room,tick_sim_tap_room_f8b40c03a564,Amir Sagi,5,"24 taps, all rotating, all excellent. This is the only craft beer bar that really gets it in Tel Aviv.",2026-04-24T19:29:56.014703+00:00
sim_lager_ale_tlv,tick_sim_lager_ale_tlv_053283ee8fbd,Noa Eitan,5,"Best bar on Rothschild, no contest. Knowledgeable staff and rotating craft options.",2026-04-24T20:10:52.789834+00:00
sim_lager_ale_tlv,tick_sim_lager_ale_tlv_15d146a49eda,Dor Avni,5,"Incredible tap list, something new every visit. The double IPA right now is world class.",2026-04-24T20:10:52.789834+00:00
sim_lager_ale_tlv,tick_sim_lager_ale_tlv_3b5da5e0d83d,Tali Sela,3,Nice place but quite loud. Hard to hold a conversation at peak hours.,2026-04-24T20:10:52.789834+00:00
sim_lager_ale_tlv,tick_sim_lager_ale_tlv_4d6e2e190ab2,Michal Saar,5,"The sampler board is the move for a first visit. Five styles, all excellent, good value.",2026-04-24T20:10:52.789834+00:00
sim_beer_garden,tick_sim_beer_garden_004a6b4fc8e6,Gadi Mor,5,"Came on a Tuesday evening — quiet, gorgeous, and the lager was perfectly cold. Love this place.",2026-04-24T20:11:05.128965+00:00
sim_beer_garden,tick_sim_beer_garden_77c1b28fa4da,Inbal Cohen,4,Lovely garden bar. The wheat beer is refreshing and the food is better than expected.,2026-04-24T20:11:05.128965+00:00
sim_beer_garden,tick_sim_beer_garden_886525524d8b,Roni Samson,4,Beautiful outdoor setting. Beer selection is mostly mainstream but the atmosphere makes up for it.,2026-04-24T20:11:05.128965+00:00
sim_beer_garden,tick_sim_beer_garden_88da9c1d2a1b,Yossi Katz,4,Great for groups — big tables and the staff handles crowds well. Wish the tap list were wider.,2026-04-24T20:11:05.128965+00:00
sim_beer_garden,tick_sim_beer_garden_a3b8fc020104,Dina Koren,3,Pretty place but the beer selection is limited to mainstream brands. Go for the atmosphere.,2026-04-24T20:11:05.128965+00:00
sim_beer_garden,tick_sim_beer_garden_a9dc3d346c50,Limor Raz,4,Solid neighborhood bar elevated by the outdoor area. The burger + pale ale is the combo.,2026-04-24T20:11:05.128965+00:00
sim_beer_garden,tick_sim_beer_garden_df0f34825551,Tal Weiss,5,The garden brunch is an institution. Go on a Sunday morning and thank me later.,2026-04-24T20:11:05.128965+00:00
sim_tap_room,tick_sim_tap_room_00ae07d6c9f7,Stav Rosen,5,"No shortcuts, just great beer and passion. This is what a craft beer bar should be.",2026-04-24T20:11:18.260533+00:00
sim_tap_room,tick_sim_tap_room_1459787151cc,Anat Friedman,3,The beer is excellent but the bar is small and cramped. Hard to get a seat on weekends.,2026-04-24T20:11:18.260533+00:00
sim_tap_room,tick_sim_tap_room_2fc723e6a31a,Gad Cohen,4,Serious about craft in a way most Tel Aviv bars aren't. Pricey but fair for the curation.,2026-04-24T20:11:18.260533+00:00
sim_tap_room,tick_sim_tap_room_30fc54c985d8,Tali Katz,4,Tiny bar but big on quality. Standing room only on Thursdays but worth the squeeze.,2026-04-24T20:11:18.260533+00:00
sim_tap_room,tick_sim_tap_room_49427ca499bb,Amir Sagi,5,"24 taps, all rotating, all excellent. This is the only craft beer bar that really gets it in Tel Aviv.",2026-04-24T20:11:18.260533+00:00
sim_tap_room,tick_sim_tap_room_505ba015bad7,Rafi Levi,5,If you care about craft beer this is your place. They import rare stuff you genuinely can't find elsewhere.,2026-04-24T20:11:18.260533+00:00
sim_tap_room,tick_sim_tap_room_5db045b2eba4,Yonit Ziv,5,Consistent quality across every visit. The double IPA is exceptional and the staff are genuine experts.,2026-04-24T20:11:18.260533+00:00
sim_tap_room,tick_sim_tap_room_72ec661ed5f4,Pini Ben-Haim,5,For beer geeks this is paradise. Flight of four is the move for first-timers.,2026-04-24T20:11:18.260533+00:00
sim_tap_room,tick_sim_tap_room_784eb0365523,Noam Elul,4,Love the chalkboard tap list. Something new every time. The sour this week is amazing.,2026-04-24T20:11:18.260533+00:00
sim_tap_room,tick_sim_tap_room_7acabdf02430,Ronit Shahar,4,Great beer education — staff will help you find exactly what you're looking for.,2026-04-24T20:11:18.260533+00:00
sim_tap_room,tick_sim_tap_room_89688b8ffd71,Limor Sela,4,Serious craft beer bar. The staff can talk for hours about beer styles. Very knowledgeable.,2026-04-24T20:11:18.260533+00:00
sim_tap_room,tick_sim_tap_room_8d11732e425e,Shani Cohen,5,The barrel-aged stout they had last week was the best beer I've had in years. Staff know their stuff.,2026-04-24T20:11:18.260533+00:00
sim_tap_room,tick_sim_tap_room_9720d4bd7746,Omer Klein,3,"Amazing tap list, claustrophobic space. Hard to relax when you're shoulder to shoulder.",2026-04-24T20:11:18.260533+00:00
sim_tap_room,tick_sim_tap_room_a31f32f88222,Barak Levi,3,"Good selection but pricey. You're paying for the curation, which is fair, but still.",2026-04-24T20:11:18.260533+00:00
sim_tap_room,tick_sim_tap_room_a7f95cf31f83,Orli Bar,5,Staff recommended a sour I would never have picked myself — it was outstanding. Real expertise here.,2026-04-24T20:11:18.260533+00:00
sim_tap_room,tick_sim_tap_room_ebbf7a4eb0a1,Yaron Green,4,The flight of four is a great way to explore. Always discover something new here.,2026-04-24T20:11:18.260533+00:00
sim_lager_ale_tlv,tick_sim_lager_ale_tlv_1c0897896c51,Tamar Levy,5,The cheese board and the Belgian wheat are a match made in heaven. Flawless experience.,2026-04-24T21:13:50.883479+00:00
sim_lager_ale_tlv,tick_sim_lager_ale_tlv_51a8279059c4,Nadav Shapiro,4,Great discovery. The flight of four is perfect for exploring without committing to a pint.,2026-04-24T21:13:50.883479+00:00
sim_lager_ale_tlv,tick_sim_lager_ale_tlv_926e1ed4e5d1,Ayelet Ron,4,Love the concept — always something on tap I haven't tried. Wish they did more food.,2026-04-24T21:13:50.883479+00:00
sim_lager_ale_tlv,tick_sim_lager_ale_tlv_96262dbeaa49,Shai Biton,5,Live jazz on Friday + that porter = perfect evening. Will return weekly.,2026-04-24T21:13:50.883479+00:00
sim_lager_ale_tlv,tick_sim_lager_ale_tlv_a15f73c166e7,Ofer Mizrahi,4,"Good selection, friendly staff. Slightly pricey but you're paying for curation.",2026-04-24T21:13:50.883479+00:00
sim_lager_ale_tlv,tick_sim_lager_ale_tlv_c0d13c77b680,Liron Ben-Zvi,4,Industrial design and long bar are a vibe. Service is fast even when full.,2026-04-24T21:13:50.883479+00:00
sim_beer_garden,tick_sim_beer_garden_03f30a6e2901,Yossi Katz,4,Great for groups — big tables and the staff handles crowds well. Wish the tap list were wider.,2026-04-24T21:14:06.573079+00:00
sim_beer_garden,tick_sim_beer_garden_1f8eea74e55f,Gadi Mor,5,"Came on a Tuesday evening — quiet, gorgeous, and the lager was perfectly cold. Love this place.",2026-04-24T21:14:06.573079+00:00
sim_beer_garden,tick_sim_beer_garden_34c62f2e3209,Hila Ohayon,5,"Took my team here for a celebration. Big tables, great service, everyone was happy.",2026-04-24T21:14:06.573079+00:00
sim_beer_garden,tick_sim_beer_garden_36272b946bb4,Yuval Paz,5,"The garden at sunset is something else. Cold lager, fairy lights, zero stress.",2026-04-24T21:14:06.573079+00:00
sim_beer_garden,tick_sim_beer_garden_83e7bb19d1ef,Erez Bar,4,Regular haunt for us. Not the most adventurous tap list but reliably good.,2026-04-24T21:14:06.573079+00:00
sim_beer_garden,tick_sim_beer_garden_8778f87e2eb5,Avi Stern,5,Magical atmosphere on a warm night. Staff are genuinely friendly and the garden is immaculate.,2026-04-24T21:14:06.573079+00:00
sim_beer_garden,tick_sim_beer_garden_cecb6c0724ea,Neta Gold,4,The garden in the evening is beautiful. Service is friendly if a little slow.,2026-04-24T21:14:06.573079+00:00
sim_beer_garden,tick_sim_beer_garden_d505049502b5,Limor Raz,4,Solid neighborhood bar elevated by the outdoor area. The burger + pale ale is the combo.,2026-04-24T21:14:06.573079+00:00
sim_tap_room,tick_sim_tap_room_248eb54a4b30,Moshe Shaul,5,Raised the bar for craft beer in this city. The session IPA on tap now is brilliant.,2026-04-24T21:14:22.282575+00:00
sim_tap_room,tick_sim_tap_room_397bed9fe1af,Pini Ben-Haim,5,For beer geeks this is paradise. Flight of four is the move for first-timers.,2026-04-24T21:14:22.282575+00:00
sim_tap_room,tick_sim_tap_room_40c37e8e86a9,Shani Cohen,5,The barrel-aged stout they had last week was the best beer I've had in years. Staff know their stuff.,2026-04-24T21:14:22.282575+00:00
sim_tap_room,tick_sim_tap_room_442a26a1c691,Inbal Mor,5,"The rotating list keeps me coming back weekly. Never the same beer twice, always excellent.",2026-04-24T21:14:22.282575+00:00
sim_tap_room,tick_sim_tap_room_58781528745a,Stav Rosen,5,"No shortcuts, just great beer and passion. This is what a craft beer bar should be.",2026-04-24T21:14:22.282575+00:00
sim_tap_room,tick_sim_tap_room_68529baa31f4,Rafi Levi,5,If you care about craft beer this is your place. They import rare stuff you genuinely can't find elsewhere.,2026-04-24T21:14:22.282575+00:00
sim_tap_room,tick_sim_tap_room_7eecec3e672c,Yaron Green,4,The flight of four is a great way to explore. Always discover something new here.,2026-04-24T21:14:22.282575+00:00
sim_tap_room,tick_sim_tap_room_7fa7d9708f67,Gad Cohen,4,Serious about craft in a way most Tel Aviv bars aren't. Pricey but fair for the curation.,2026-04-24T21:14:22.282575+00:00
sim_tap_room,tick_sim_tap_room_8af7d663e6a2,Orli Bar,5,Staff recommended a sour I would never have picked myself — it was outstanding. Real expertise here.,2026-04-24T21:14:22.282575+00:00
sim_tap_room,tick_sim_tap_room_9097615f0edc,Noam Elul,4,Love the chalkboard tap list. Something new every time. The sour this week is amazing.,2026-04-24T21:14:22.282575+00:00
sim_tap_room,tick_sim_tap_room_971f1c33de13,Amir Sagi,5,"24 taps, all rotating, all excellent. This is the only craft beer bar that really gets it in Tel Aviv.",2026-04-24T21:14:22.282575+00:00
sim_tap_room,tick_sim_tap_room_a6973dafd020,Ronit Shahar,4,Great beer education — staff will help you find exactly what you're looking for.,2026-04-24T21:14:22.282575+00:00
sim_tap_room,tick_sim_tap_room_bd0dd494af26,Dotan Peretz,5,The chalkboard tap list changes constantly. Something new every visit. The DIPA right now is extraordinary.,2026-04-24T21:14:22.282575+00:00
sim_tap_room,tick_sim_tap_room_d8a5987ab6b6,Tali Katz,4,Tiny bar but big on quality. Standing room only on Thursdays but worth the squeeze.,2026-04-24T21:14:22.282575+00:00
sim_tap_room,tick_sim_tap_room_edd84ede997e,Limor Sela,4,Serious craft beer bar. The staff can talk for hours about beer styles. Very knowledgeable.,2026-04-24T21:14:22.282575+00:00
sim_tap_room,tick_sim_tap_room_f358cf708f35,Omer Klein,3,"Amazing tap list, claustrophobic space. Hard to relax when you're shoulder to shoulder.",2026-04-24T21:14:22.282575+00:00
sim_tap_room,tick_sim_tap_room_fb8e9c2ead37,Yonit Ziv,5,Consistent quality across every visit. The double IPA is exceptional and the staff are genuine experts.,2026-04-24T21:14:22.282575+00:00
sim_lager_ale_tlv,tick_sim_lager_ale_tlv_6288212c34ce,Omer Katz,5,Happy hour deals on weekdays are genuinely good. The pale ale hits different at half price.,2026-04-24T22:09:07.990841+00:00
sim_lager_ale_tlv,tick_sim_lager_ale_tlv_70b296bc4c62,Ran Ofer,5,Outdoor seating on a warm evening with a cold craft lager. Tel Aviv at its finest.,2026-04-24T22:09:07.990841+00:00
sim_lager_ale_tlv,tick_sim_lager_ale_tlv_89a1e90623f9,Yarden Cohen,5,"Came for one beer, stayed for three. The seasonal sour was outstanding.",2026-04-24T22:09:07.990841+00:00
sim_lager_ale_tlv,tick_sim_lager_ale_tlv_8abdfb983981,Dana Freed,4,"Great spot, gets crowded on weekends but the quality is consistent. Love the rotating taps.",2026-04-24T22:09:07.990841+00:00
sim_lager_ale_tlv,tick_sim_lager_ale_tlv_977e5f3d667d,Ayelet Ron,4,Love the concept — always something on tap I haven't tried. Wish they did more food.,2026-04-24T22:09:07.990841+00:00
sim_lager_ale_tlv,tick_sim_lager_ale_tlv_b5ed4efe8521,Adi Ben-Shahar,5,"Quiet Monday evening, bartender talked me through six taps. Left knowing a lot more about beer.",2026-04-24T22:09:07.990841+00:00
sim_lager_ale_tlv,tick_sim_lager_ale_tlv_be1c58743862,Shai Biton,5,Live jazz on Friday + that porter = perfect evening. Will return weekly.,2026-04-24T22:09:07.990841+00:00
sim_lager_ale_tlv,tick_sim_lager_ale_tlv_cec3942eed74,Noa Eitan,5,"Best bar on Rothschild, no contest. Knowledgeable staff and rotating craft options.",2026-04-24T22:09:07.990841+00:00
sim_lager_ale_tlv,tick_sim_lager_ale_tlv_dc9f693704ba,Tamar Levy,5,The cheese board and the Belgian wheat are a match made in heaven. Flawless experience.,2026-04-24T22:09:07.990841+00:00
sim_beer_garden,tick_sim_beer_garden_2cdc80209928,Nurit Ben-David,5,"Perfect for a first date — beautiful setting, relaxed pace, good drink list.",2026-04-24T22:09:23.593148+00:00
sim_beer_garden,tick_sim_beer_garden_2dc7a6ad4c08,Inbal Cohen,4,Lovely garden bar. The wheat beer is refreshing and the food is better than expected.,2026-04-24T22:09:23.593148+00:00
sim_beer_garden,tick_sim_beer_garden_5f0e2cf2f505,Dina Koren,3,Pretty place but the beer selection is limited to mainstream brands. Go for the atmosphere.,2026-04-24T22:09:23.593148+00:00
sim_beer_garden,tick_sim_beer_garden_8a00c2a37b59,Erez Bar,4,Regular haunt for us. Not the most adventurous tap list but reliably good.,2026-04-24T22:09:23.593148+00:00
sim_beer_garden,tick_sim_beer_garden_906932d96c72,Yuval Paz,5,"The garden at sunset is something else. Cold lager, fairy lights, zero stress.",2026-04-24T22:09:23.593148+00:00
sim_beer_garden,tick_sim_beer_garden_958a0adc0ae1,Limor Raz,4,Solid neighborhood bar elevated by the outdoor area. The burger + pale ale is the combo.,2026-04-24T22:09:23.593148+00:00
sim_beer_garden,tick_sim_beer_garden_b1b128d89c42,Neta Gold,4,The garden in the evening is beautiful. Service is friendly if a little slow.,2026-04-24T22:09:23.593148+00:00
sim_beer_garden,tick_sim_beer_garden_e8e9b220cbb1,Kobi Levi,5,The cider is a hidden gem here. Garden is well maintained and vibe is just right.,2026-04-24T22:09:23.593148+00:00
sim_beer_garden,tick_sim_beer_garden_f59b7ebd1767,Yossi Katz,4,Great for groups — big tables and the staff handles crowds well. Wish the tap list were wider.,2026-04-24T22:09:23.593148+00:00
sim_tap_room,tick_sim_tap_room_126fb54b2124,Ronit Shahar,4,Great beer education — staff will help you find exactly what you're looking for.,2026-04-24T22:09:38.697678+00:00
sim_tap_room,tick_sim_tap_room_2ba758f1804e,Dotan Peretz,5,The chalkboard tap list changes constantly. Something new every visit. The DIPA right now is extraordinary.,2026-04-24T22:09:38.697678+00:00
sim_tap_room,tick_sim_tap_room_2e083b855353,Moshe Shaul,5,Raised the bar for craft beer in this city. The session IPA on tap now is brilliant.,2026-04-24T22:09:38.697678+00:00
sim_tap_room,tick_sim_tap_room_453ff67cfbc8,Orli Bar,5,Staff recommended a sour I would never have picked myself — it was outstanding. Real expertise here.,2026-04-24T22:09:38.697678+00:00
sim_tap_room,tick_sim_tap_room_5f03f02f36b6,Stav Rosen,5,"No shortcuts, just great beer and passion. This is what a craft beer bar should be.",2026-04-24T22:09:38.697678+00:00
sim_tap_room,tick_sim_tap_room_689458549308,Yonit Ziv,5,Consistent quality across every visit. The double IPA is exceptional and the staff are genuine experts.,2026-04-24T22:09:38.697678+00:00
sim_tap_room,tick_sim_tap_room_769b6fd03e6c,Inbal Mor,5,"The rotating list keeps me coming back weekly. Never the same beer twice, always excellent.",2026-04-24T22:09:38.697678+00:00
sim_tap_room,tick_sim_tap_room_78e3e3b12c2c,Rafi Levi,5,If you care about craft beer this is your place. They import rare stuff you genuinely can't find elsewhere.,2026-04-24T22:09:38.697678+00:00
sim_tap_room,tick_sim_tap_room_7f9d3b293aa7,Shani Cohen,5,The barrel-aged stout they had last week was the best beer I've had in years. Staff know their stuff.,2026-04-24T22:09:38.697678+00:00
sim_tap_room,tick_sim_tap_room_8a7cb2dc0b61,Yaron Green,4,The flight of four is a great way to explore. Always discover something new here.,2026-04-24T22:09:38.697678+00:00
sim_tap_room,tick_sim_tap_room_929723f1a4e9,Noam Elul,4,Love the chalkboard tap list. Something new every time. The sour this week is amazing.,2026-04-24T22:09:38.697678+00:00
sim_tap_room,tick_sim_tap_room_99a1d9f81a7f,Limor Sela,4,Serious craft beer bar. The staff can talk for hours about beer styles. Very knowledgeable.,2026-04-24T22:09:38.697678+00:00
sim_tap_room,tick_sim_tap_room_a40c66289201,Amir Sagi,5,"24 taps, all rotating, all excellent. This is the only craft beer bar that really gets it in Tel Aviv.",2026-04-24T22:09:38.697678+00:00
sim_tap_room,tick_sim_tap_room_babbd227b53d,Pini Ben-Haim,5,For beer geeks this is paradise. Flight of four is the move for first-timers.,2026-04-24T22:09:38.697678+00:00
sim_tap_room,tick_sim_tap_room_bc82727f73f5,Tali Katz,4,Tiny bar but big on quality. Standing room only on Thursdays but worth the squeeze.,2026-04-24T22:09:38.697678+00:00
sim_tap_room,tick_sim_tap_room_c0291a2a462a,Michal Raz,3,The beer is great but the food menu is very limited. Come for drinks only.,2026-04-24T22:09:38.697678+00:00
sim_tap_room,tick_sim_tap_room_f45d37835ed5,Gad Cohen,4,Serious about craft in a way most Tel Aviv bars aren't. Pricey but fair for the curation.,2026-04-24T22:09:38.697678+00:00
sim_lager_ale_tlv,tick_sim_lager_ale_tlv_013c36fb3da6,Gal Peretz,5,My friends think I work here because I keep recommending it. The stout is life-changing.,2026-04-24T23:07:48.961451+00:00
sim_lager_ale_tlv,tick_sim_lager_ale_tlv_37b89e40fc66,Tamar Levy,5,The cheese board and the Belgian wheat are a match made in heaven. Flawless experience.,2026-04-24T23:07:48.961451+00:00
sim_lager_ale_tlv,tick_sim_lager_ale_tlv_48eef56c0601,Itai Gold,4,Solid bar with real personality. The porter is my regular order. Seating gets tight by 9pm.,2026-04-24T23:07:48.961451+00:00
sim_lager_ale_tlv,tick_sim_lager_ale_tlv_498660e033b4,Adi Ben-Shahar,5,"Quiet Monday evening, bartender talked me through six taps. Left knowing a lot more about beer.",2026-04-24T23:07:48.961451+00:00
sim_lager_ale_tlv,tick_sim_lager_ale_tlv_5fa80816241c,Shai Biton,5,Live jazz on Friday + that porter = perfect evening. Will return weekly.,2026-04-24T23:07:48.961451+00:00
sim_lager_ale_tlv,tick_sim_lager_ale_tlv_678312682abf,Michal Saar,5,"The sampler board is the move for a first visit. Five styles, all excellent, good value.",2026-04-24T23:07:48.961451+00:00
sim_lager_ale_tlv,tick_sim_lager_ale_tlv_9078017d28a6,Omer Katz,5,Happy hour deals on weekdays are genuinely good. The pale ale hits different at half price.,2026-04-24T23:07:48.961451+00:00
sim_lager_ale_tlv,tick_sim_lager_ale_tlv_91ac126f79b7,Noa Eitan,5,"Best bar on Rothschild, no contest. Knowledgeable staff and rotating craft options.",2026-04-24T23:07:48.961451+00:00
sim_lager_ale_tlv,tick_sim_lager_ale_tlv_9d0edbd4e96d,Ran Ofer,5,Outdoor seating on a warm evening with a cold craft lager. Tel Aviv at its finest.,2026-04-24T23:07:48.961451+00:00
sim_lager_ale_tlv,tick_sim_lager_ale_tlv_e648b160bca5,Yarden Cohen,5,"Came for one beer, stayed for three. The seasonal sour was outstanding.",2026-04-24T23:07:48.961451+00:00
sim_lager_ale_tlv,tick_sim_lager_ale_tlv_f60e58798d0c,Benny Har,3,"Decent selection, nothing extraordinary. Prices are on the high side for the area.",2026-04-24T23:07:48.961451+00:00
sim_lager_ale_tlv,tick_sim_lager_ale_tlv_f658cd9e6dbb,Dor Avni,5,"Incredible tap list, something new every visit. The double IPA right now is world class.",2026-04-24T23:07:48.961451+00:00
sim_beer_garden,tick_sim_beer_garden_17257041503a,Yossi Katz,4,Great for groups — big tables and the staff handles crowds well. Wish the tap list were wider.,2026-04-24T23:08:02.444704+00:00
sim_beer_garden,tick_sim_beer_garden_3c88fcd8d9fb,Yuval Paz,5,"The garden at sunset is something else. Cold lager, fairy lights, zero stress.",2026-04-24T23:08:02.444704+00:00
sim_beer_garden,tick_sim_beer_garden_4c406f393304,Kobi Levi,5,The cider is a hidden gem here. Garden is well maintained and vibe is just right.,2026-04-24T23:08:02.444704+00:00
sim_beer_garden,tick_sim_beer_garden_6ba16ee79cd8,Nurit Ben-David,5,"Perfect for a first date — beautiful setting, relaxed pace, good drink list.",2026-04-24T23:08:02.444704+00:00
sim_beer_garden,tick_sim_beer_garden_8d6b735bad59,Avi Stern,5,Magical atmosphere on a warm night. Staff are genuinely friendly and the garden is immaculate.,2026-04-24T23:08:02.444704+00:00
sim_beer_garden,tick_sim_beer_garden_94333d198f38,Gadi Mor,5,"Came on a Tuesday evening — quiet, gorgeous, and the lager was perfectly cold. Love this place.",2026-04-24T23:08:02.444704+00:00
sim_beer_garden,tick_sim_beer_garden_a09eb0a605e4,Hila Ohayon,5,"Took my team here for a celebration. Big tables, great service, everyone was happy.",2026-04-24T23:08:02.444704+00:00
sim_beer_garden,tick_sim_beer_garden_bd977dd003e7,Tal Weiss,5,The garden brunch is an institution. Go on a Sunday morning and thank me later.,2026-04-24T23:08:02.444704+00:00
sim_beer_garden,tick_sim_beer_garden_bfd03322dcee,Shir Blum,5,Best outdoor bar in the city. We come every Sunday — the brunch + beer combo is a ritual now.,2026-04-24T23:08:02.444704+00:00
sim_beer_garden,tick_sim_beer_garden_d993850053b7,Limor Raz,4,Solid neighborhood bar elevated by the outdoor area. The burger + pale ale is the combo.,2026-04-24T23:08:02.444704+00:00
sim_tap_room,tick_sim_tap_room_0b2fe762119c,Yaron Green,4,The flight of four is a great way to explore. Always discover something new here.,2026-04-24T23:08:17.345575+00:00
sim_tap_room,tick_sim_tap_room_17c93e0a9967,Stav Rosen,5,"No shortcuts, just great beer and passion. This is what a craft beer bar should be.",2026-04-24T23:08:17.345575+00:00
sim_tap_room,tick_sim_tap_room_24c316078fb2,Noam Elul,4,Love the chalkboard tap list. Something new every time. The sour this week is amazing.,2026-04-24T23:08:17.345575+00:00
sim_tap_room,tick_sim_tap_room_399eb5999bf4,Limor Sela,4,Serious craft beer bar. The staff can talk for hours about beer styles. Very knowledgeable.,2026-04-24T23:08:17.345575+00:00
sim_tap_room,tick_sim_tap_room_5c423cb22f70,Amir Sagi,5,"24 taps, all rotating, all excellent. This is the only craft beer bar that really gets it in Tel Aviv.",2026-04-24T23:08:17.345575+00:00
sim_tap_room,tick_sim_tap_room_65eaf8cdd99f,Barak Levi,3,"Good selection but pricey. You're paying for the curation, which is fair, but still.",2026-04-24T23:08:17.345575+00:00
sim_tap_room,tick_sim_tap_room_67dcda43b1d0,Rafi Levi,5,If you care about craft beer this is your place. They import rare stuff you genuinely can't find elsewhere.,2026-04-24T23:08:17.345575+00:00
sim_tap_room,tick_sim_tap_room_6816f6c2ab17,Tali Katz,4,Tiny bar but big on quality. Standing room only on Thursdays but worth the squeeze.,2026-04-24T23:08:17.345575+00:00
sim_tap_room,tick_sim_tap_room_711bd1c1f7bb,Yonit Ziv,5,Consistent quality across every visit. The double IPA is exceptional and the staff are genuine experts.,2026-04-24T23:08:17.345575+00:00
sim_tap_room,tick_sim_tap_room_7a3e38052e6c,Gad Cohen,4,Serious about craft in a way most Tel Aviv bars aren't. Pricey but fair for the curation.,2026-04-24T23:08:17.345575+00:00
sim_tap_room,tick_sim_tap_room_9688c87def8c,Pini Ben-Haim,5,For beer geeks this is paradise. Flight of four is the move for first-timers.,2026-04-24T23:08:17.345575+00:00
sim_tap_room,tick_sim_tap_room_9e01487ccc29,Shani Cohen,5,The barrel-aged stout they had last week was the best beer I've had in years. Staff know their stuff.,2026-04-24T23:08:17.345575+00:00
sim_tap_room,tick_sim_tap_room_9f48e0ff292f,Moshe Shaul,5,Raised the bar for craft beer in this city. The session IPA on tap now is brilliant.,2026-04-24T23:08:17.345575+00:00
sim_tap_room,tick_sim_tap_room_a3ab2b34e4cf,Dotan Peretz,5,The chalkboard tap list changes constantly. Something new every visit. The DIPA right now is extraordinary.,2026-04-24T23:08:17.345575+00:00
sim_tap_room,tick_sim_tap_room_ae1d6d34e770,Ronit Shahar,4,Great beer education — staff will help you find exactly what you're looking for.,2026-04-24T23:08:17.345575+00:00
sim_tap_room,tick_sim_tap_room_d54bc4e813f8,Inbal Mor,5,"The rotating list keeps me coming back weekly. Never the same beer twice, always excellent.",2026-04-24T23:08:17.345575+00:00
sim_tap_room,tick_sim_tap_room_ffbc9869e999,Orli Bar,5,Staff recommended a sour I would never have picked myself — it was outstanding. Real expertise here.,2026-04-24T23:08:17.345575+00:00
sim_lager_ale_tlv,tick_sim_lager_ale_tlv_1bef078f1f63,Dana Freed,4,"Great spot, gets crowded on weekends but the quality is consistent. Love the rotating taps.",2026-04-25T00:05:19.812511+00:00
sim_lager_ale_tlv,tick_sim_lager_ale_tlv_20e6d8c9f4f0,Gal Peretz,5,My friends think I work here because I keep recommending it. The stout is life-changing.,2026-04-25T00:05:19.812511+00:00
sim_lager_ale_tlv,tick_sim_lager_ale_tlv_22c2dbde18f6,Tamar Levy,5,The cheese board and the Belgian wheat are a match made in heaven. Flawless experience.,2026-04-25T00:05:19.812511+00:00
sim_lager_ale_tlv,tick_sim_lager_ale_tlv_2ba63128c63e,Itai Gold,4,Solid bar with real personality. The porter is my regular order. Seating gets tight by 9pm.,2026-04-25T00:05:19.812511+00:00
sim_lager_ale_tlv,tick_sim_lager_ale_tlv_3583921859f7,Yarden Cohen,5,"Came for one beer, stayed for three. The seasonal sour was outstanding.",2026-04-25T00:05:19.812511+00:00
sim_lager_ale_tlv,tick_sim_lager_ale_tlv_35ade5ea85cf,Ayelet Ron,4,Love the concept — always something on tap I haven't tried. Wish they did more food.,2026-04-25T00:05:19.812511+00:00
sim_lager_ale_tlv,tick_sim_lager_ale_tlv_3f17b9aee7e1,Shai Biton,5,Live jazz on Friday + that porter = perfect evening. Will return weekly.,2026-04-25T00:05:19.812511+00:00
sim_lager_ale_tlv,tick_sim_lager_ale_tlv_42775d64af97,Ofer Mizrahi,4,"Good selection, friendly staff. Slightly pricey but you're paying for curation.",2026-04-25T00:05:19.812511+00:00
sim_lager_ale_tlv,tick_sim_lager_ale_tlv_44a5f470c6ce,Noa Eitan,5,"Best bar on Rothschild, no contest. Knowledgeable staff and rotating craft options.",2026-04-25T00:05:19.812511+00:00
sim_lager_ale_tlv,tick_sim_lager_ale_tlv_52e6e5d51c8b,Ran Ofer,5,Outdoor seating on a warm evening with a cold craft lager. Tel Aviv at its finest.,2026-04-25T00:05:19.812511+00:00
sim_lager_ale_tlv,tick_sim_lager_ale_tlv_82b33e08ff19,Omer Katz,5,Happy hour deals on weekdays are genuinely good. The pale ale hits different at half price.,2026-04-25T00:05:19.812511+00:00
sim_lager_ale_tlv,tick_sim_lager_ale_tlv_b55c472f2026,Nadav Shapiro,4,Great discovery. The flight of four is perfect for exploring without committing to a pint.,2026-04-25T00:05:19.812511+00:00
sim_lager_ale_tlv,tick_sim_lager_ale_tlv_c05e4450b750,Liron Ben-Zvi,4,Industrial design and long bar are a vibe. Service is fast even when full.,2026-04-25T00:05:19.812511+00:00
sim_lager_ale_tlv,tick_sim_lager_ale_tlv_ccc35022c471,Michal Saar,5,"The sampler board is the move for a first visit. Five styles, all excellent, good value.",2026-04-25T00:05:19.812511+00:00
sim_lager_ale_tlv,tick_sim_lager_ale_tlv_ebc439883290,Dor Avni,5,"Incredible tap list, something new every visit. The double IPA right now is world class.",2026-04-25T00:05:19.812511+00:00
sim_lager_ale_tlv,tick_sim_lager_ale_tlv_edf30570a69c,Adi Ben-Shahar,5,"Quiet Monday evening, bartender talked me through six taps. Left knowing a lot more about beer.",2026-04-25T00:05:19.812511+00:00
sim_beer_garden,tick_sim_beer_garden_032e019812cb,Roni Samson,4,Beautiful outdoor setting. Beer selection is mostly mainstream but the atmosphere makes up for it.,2026-04-25T00:05:34.875056+00:00
sim_beer_garden,tick_sim_beer_garden_726bbfeeb4e0,Hila Ohayon,5,"Took my team here for a celebration. Big tables, great service, everyone was happy.",2026-04-25T00:05:34.875056+00:00
sim_beer_garden,tick_sim_beer_garden_783386263ee5,Erez Bar,4,Regular haunt for us. Not the most adventurous tap list but reliably good.,2026-04-25T00:05:34.875056+00:00
sim_beer_garden,tick_sim_beer_garden_7b6d4a99206e,Limor Raz,4,Solid neighborhood bar elevated by the outdoor area. The burger + pale ale is the combo.,2026-04-25T00:05:34.875056+00:00
sim_beer_garden,tick_sim_beer_garden_7fe04b027691,Tal Weiss,5,The garden brunch is an institution. Go on a Sunday morning and thank me later.,2026-04-25T00:05:34.875056+00:00
sim_beer_garden,tick_sim_beer_garden_87423ecaafd6,Gadi Mor,5,"Came on a Tuesday evening — quiet, gorgeous, and the lager was perfectly cold. Love this place.",2026-04-25T00:05:34.875056+00:00
sim_beer_garden,tick_sim_beer_garden_88431a41340b,Nurit Ben-David,5,"Perfect for a first date — beautiful setting, relaxed pace, good drink list.",2026-04-25T00:05:34.875056+00:00
sim_beer_garden,tick_sim_beer_garden_8b057398b2c6,Yael Gross,3,Nice on a weekday. Packed and hard to find a seat on weekends.,2026-04-25T00:05:34.875056+00:00
sim_beer_garden,tick_sim_beer_garden_c7130f29fe2d,Shir Blum,5,Best outdoor bar in the city. We come every Sunday — the brunch + beer combo is a ritual now.,2026-04-25T00:05:34.875056+00:00
sim_beer_garden,tick_sim_beer_garden_d57d31c66171,Yossi Katz,4,Great for groups — big tables and the staff handles crowds well. Wish the tap list were wider.,2026-04-25T00:05:34.875056+00:00
sim_beer_garden,tick_sim_beer_garden_ec7f7cb82351,Avi Stern,5,Magical atmosphere on a warm night. Staff are genuinely friendly and the garden is immaculate.,2026-04-25T00:05:34.875056+00:00
sim_tap_room,tick_sim_tap_room_38944903bdef,Rafi Levi,5,If you care about craft beer this is your place. They import rare stuff you genuinely can't find elsewhere.,2026-04-25T00:05:49.459964+00:00
sim_tap_room,tick_sim_tap_room_42594f013118,Ronit Shahar,4,Great beer education — staff will help you find exactly what you're looking for.,2026-04-25T00:05:49.459964+00:00
sim_tap_room,tick_sim_tap_room_428ac7c65eac,Yaron Green,4,The flight of four is a great way to explore. Always discover something new here.,2026-04-25T00:05:49.459964+00:00
sim_tap_room,tick_sim_tap_room_4f62498cd38b,Inbal Mor,5,"The rotating list keeps me coming back weekly. Never the same beer twice, always excellent.",2026-04-25T00:05:49.459964+00:00
sim_tap_room,tick_sim_tap_room_590d2a280f34,Yonit Ziv,5,Consistent quality across every visit. The double IPA is exceptional and the staff are genuine experts.,2026-04-25T00:05:49.459964+00:00
sim_tap_room,tick_sim_tap_room_5f417e26223a,Limor Sela,4,Serious craft beer bar. The staff can talk for hours about beer styles. Very knowledgeable.,2026-04-25T00:05:49.459964+00:00
sim_tap_room,tick_sim_tap_room_7003ea40a0ce,Moshe Shaul,5,Raised the bar for craft beer in this city. The session IPA on tap now is brilliant.,2026-04-25T00:05:49.459964+00:00
sim_tap_room,tick_sim_tap_room_828c022157c6,Pini Ben-Haim,5,For beer geeks this is paradise. Flight of four is the move for first-timers.,2026-04-25T00:05:49.459964+00:00
sim_tap_room,tick_sim_tap_room_864468efb9d7,Stav Rosen,5,"No shortcuts, just great beer and passion. This is what a craft beer bar should be.",2026-04-25T00:05:49.459964+00:00
sim_tap_room,tick_sim_tap_room_8ed118f3d72f,Tali Katz,4,Tiny bar but big on quality. Standing room only on Thursdays but worth the squeeze.,2026-04-25T00:05:49.459964+00:00
sim_tap_room,tick_sim_tap_room_aa96792f8588,Orli Bar,5,Staff recommended a sour I would never have picked myself — it was outstanding. Real expertise here.,2026-04-25T00:05:49.459964+00:00
sim_tap_room,tick_sim_tap_room_cd0eda57c017,Noam Elul,4,Love the chalkboard tap list. Something new every time. The sour this week is amazing.,2026-04-25T00:05:49.459964+00:00
sim_tap_room,tick_sim_tap_room_d637da6920f3,Gad Cohen,4,Serious about craft in a way most Tel Aviv bars aren't. Pricey but fair for the curation.,2026-04-25T00:05:49.459964+00:00
sim_tap_room,tick_sim_tap_room_f117d68dc2ee,Amir Sagi,5,"24 taps, all rotating, all excellent. This is the only craft beer bar that really gets it in Tel Aviv.",2026-04-25T00:05:49.459964+00:00
sim_tap_room,tick_sim_tap_room_f373912e2f78,Shani Cohen,5,The barrel-aged stout they had last week was the best beer I've had in years. Staff know their stuff.,2026-04-25T00:05:49.459964+00:00
sim_tap_room,tick_sim_tap_room_fc762fbf5fb3,Dotan Peretz,5,The chalkboard tap list changes constantly. Something new every visit. The DIPA right now is extraordinary.,2026-04-25T00:05:49.459964+00:00
sim_lager_ale_tlv,tick_sim_lager_ale_tlv_0b273ff8a578,Keren Ziv,3,Waited 15 minutes for a drink on a Friday. Beer was worth it but the wait was frustrating.,2026-04-25T03:39:54.648312+00:00
sim_lager_ale_tlv,tick_sim_lager_ale_tlv_132fc384d374,Tali Sela,3,Nice place but quite loud. Hard to hold a conversation at peak hours.,2026-04-25T03:39:54.648312+00:00
sim_lager_ale_tlv,tick_sim_lager_ale_tlv_1654c4bea1db,Ayelet Ron,4,Love the concept — always something on tap I haven't tried. Wish they did more food.,2026-04-25T03:39:54.648312+00:00
sim_lager_ale_tlv,tick_sim_lager_ale_tlv_379f3fc43627,Dor Avni,5,"Incredible tap list, something new every visit. The double IPA right now is world class.",2026-04-25T03:39:54.648312+00:00
sim_lager_ale_tlv,tick_sim_lager_ale_tlv_3c5b422953c1,Itai Gold,4,Solid bar with real personality. The porter is my regular order. Seating gets tight by 9pm.,2026-04-25T03:39:54.648312+00:00
sim_lager_ale_tlv,tick_sim_lager_ale_tlv_42a65b55ce6c,Ofer Mizrahi,4,"Good selection, friendly staff. Slightly pricey but you're paying for curation.",2026-04-25T03:39:54.648312+00:00
sim_lager_ale_tlv,tick_sim_lager_ale_tlv_4d915be417ef,Noa Eitan,5,"Best bar on Rothschild, no contest. Knowledgeable staff and rotating craft options.",2026-04-25T03:39:54.648312+00:00
sim_lager_ale_tlv,tick_sim_lager_ale_tlv_5f980eae11ec,Yarden Cohen,5,"Came for one beer, stayed for three. The seasonal sour was outstanding.",2026-04-25T03:39:54.648312+00:00
sim_lager_ale_tlv,tick_sim_lager_ale_tlv_63fb9d3a1efa,Ilan Gross,3,"Good beer, slow service on a busy night. Had to flag someone down twice.",2026-04-25T03:39:54.648312+00:00
sim_lager_ale_tlv,tick_sim_lager_ale_tlv_64d69f6eeb98,Nadav Shapiro,4,Great discovery. The flight of four is perfect for exploring without committing to a pint.,2026-04-25T03:39:54.648312+00:00
sim_lager_ale_tlv,tick_sim_lager_ale_tlv_79fbfd73408e,Gal Peretz,5,My friends think I work here because I keep recommending it. The stout is life-changing.,2026-04-25T03:39:54.648312+00:00
sim_lager_ale_tlv,tick_sim_lager_ale_tlv_7d58a14d4163,Adi Ben-Shahar,5,"Quiet Monday evening, bartender talked me through six taps. Left knowing a lot more about beer.",2026-04-25T03:39:54.648312+00:00
sim_lager_ale_tlv,tick_sim_lager_ale_tlv_893b5a1d377a,Ran Ofer,5,Outdoor seating on a warm evening with a cold craft lager. Tel Aviv at its finest.,2026-04-25T03:39:54.648312+00:00
sim_lager_ale_tlv,tick_sim_lager_ale_tlv_a9cd9fd7319f,Michal Saar,5,"The sampler board is the move for a first visit. Five styles, all excellent, good value.",2026-04-25T03:39:54.648312+00:00
sim_lager_ale_tlv,tick_sim_lager_ale_tlv_ad73b479cd80,Liron Ben-Zvi,4,Industrial design and long bar are a vibe. Service is fast even when full.,2026-04-25T03:39:54.648312+00:00
sim_lager_ale_tlv,tick_sim_lager_ale_tlv_ae4f8d6e5e0a,Shai Biton,5,Live jazz on Friday + that porter = perfect evening. Will return weekly.,2026-04-25T03:39:54.648312+00:00
sim_lager_ale_tlv,tick_sim_lager_ale_tlv_d9763a8ea2e3,Tamar Levy,5,The cheese board and the Belgian wheat are a match made in heaven. Flawless experience.,2026-04-25T03:39:54.648312+00:00
sim_lager_ale_tlv,tick_sim_lager_ale_tlv_e23f53cacb02,Benny Har,3,"Decent selection, nothing extraordinary. Prices are on the high side for the area.",2026-04-25T03:39:54.648312+00:00
sim_lager_ale_tlv,tick_sim_lager_ale_tlv_e729d64a035b,Dana Freed,4,"Great spot, gets crowded on weekends but the quality is consistent. Love the rotating taps.",2026-04-25T03:39:54.648312+00:00
sim_lager_ale_tlv,tick_sim_lager_ale_tlv_f9a44bc17b55,Omer Katz,5,Happy hour deals on weekdays are genuinely good. The pale ale hits different at half price.,2026-04-25T03:39:54.648312+00:00
sim_beer_garden,tick_sim_beer_garden_00336c42674d,Yuval Paz,5,"The garden at sunset is something else. Cold lager, fairy lights, zero stress.",2026-04-25T03:40:10.959441+00:00
sim_beer_garden,tick_sim_beer_garden_0347cfe05c34,Inbal Cohen,4,Lovely garden bar. The wheat beer is refreshing and the food is better than expected.,2026-04-25T03:40:10.959441+00:00
sim_beer_garden,tick_sim_beer_garden_0adf46eb9c87,Hila Ohayon,5,"Took my team here for a celebration. Big tables, great service, everyone was happy.",2026-04-25T03:40:10.959441+00:00
sim_beer_garden,tick_sim_beer_garden_34b244fd5c53,Shir Blum,5,Best outdoor bar in the city. We come every Sunday — the brunch + beer combo is a ritual now.,2026-04-25T03:40:10.959441+00:00
sim_beer_garden,tick_sim_beer_garden_39dd23abda5d,Tal Weiss,5,The garden brunch is an institution. Go on a Sunday morning and thank me later.,2026-04-25T03:40:10.959441+00:00
sim_beer_garden,tick_sim_beer_garden_5c46a6c9510c,Avi Stern,5,Magical atmosphere on a warm night. Staff are genuinely friendly and the garden is immaculate.,2026-04-25T03:40:10.959441+00:00
sim_beer_garden,tick_sim_beer_garden_631826c57d82,Neta Gold,4,The garden in the evening is beautiful. Service is friendly if a little slow.,2026-04-25T03:40:10.959441+00:00
sim_beer_garden,tick_sim_beer_garden_707233ef6ffe,Erez Bar,4,Regular haunt for us. Not the most adventurous tap list but reliably good.,2026-04-25T03:40:10.959441+00:00
sim_beer_garden,tick_sim_beer_garden_7142c25d6ede,Gadi Mor,5,"Came on a Tuesday evening — quiet, gorgeous, and the lager was perfectly cold. Love this place.",2026-04-25T03:40:10.959441+00:00
sim_beer_garden,tick_sim_beer_garden_9060ee5ee9ea,Kobi Levi,5,The cider is a hidden gem here. Garden is well maintained and vibe is just right.,2026-04-25T03:40:10.959441+00:00
sim_beer_garden,tick_sim_beer_garden_a933c9f37fa8,Nurit Ben-David,5,"Perfect for a first date — beautiful setting, relaxed pace, good drink list.",2026-04-25T03:40:10.959441+00:00
sim_tap_room,tick_sim_tap_room_0458e022a178,Rafi Levi,5,If you care about craft beer this is your place. They import rare stuff you genuinely can't find elsewhere.,2026-04-25T03:40:25.034026+00:00
sim_tap_room,tick_sim_tap_room_28531bdaaaca,Moshe Shaul,5,Raised the bar for craft beer in this city. The session IPA on tap now is brilliant.,2026-04-25T03:40:25.034026+00:00
sim_tap_room,tick_sim_tap_room_431177919e09,Stav Rosen,5,"No shortcuts, just great beer and passion. This is what a craft beer bar should be.",2026-04-25T03:40:25.034026+00:00
sim_tap_room,tick_sim_tap_room_6840854b6701,Ronit Shahar,4,Great beer education — staff will help you find exactly what you're looking for.,2026-04-25T03:40:25.034026+00:00
sim_tap_room,tick_sim_tap_room_7b6c09cf4e08,Inbal Mor,5,"The rotating list keeps me coming back weekly. Never the same beer twice, always excellent.",2026-04-25T03:40:25.034026+00:00
sim_tap_room,tick_sim_tap_room_7b76b6c1b4c2,Gad Cohen,4,Serious about craft in a way most Tel Aviv bars aren't. Pricey but fair for the curation.,2026-04-25T03:40:25.034026+00:00
sim_tap_room,tick_sim_tap_room_8fad622fda13,Orli Bar,5,Staff recommended a sour I would never have picked myself — it was outstanding. Real expertise here.,2026-04-25T03:40:25.034026+00:00
sim_tap_room,tick_sim_tap_room_acd9b3a19a8c,Pini Ben-Haim,5,For beer geeks this is paradise. Flight of four is the move for first-timers.,2026-04-25T03:40:25.034026+00:00
sim_tap_room,tick_sim_tap_room_beec0044bbcd,Dotan Peretz,5,The chalkboard tap list changes constantly. Something new every visit. The DIPA right now is extraordinary.,2026-04-25T03:40:25.034026+00:00
sim_tap_room,tick_sim_tap_room_d055d7002316,Amir Sagi,5,"24 taps, all rotating, all excellent. This is the only craft beer bar that really gets it in Tel Aviv.",2026-04-25T03:40:25.034026+00:00
sim_lager_ale_tlv,tick_sim_lager_ale_tlv_062ebcb0b756,Tamar Levy,5,The cheese board and the Belgian wheat are a match made in heaven. Flawless experience.,2026-04-25T05:48:39.490590+00:00
sim_lager_ale_tlv,tick_sim_lager_ale_tlv_1065b44d6148,Omer Katz,5,Happy hour deals on weekdays are genuinely good. The pale ale hits different at half price.,2026-04-25T05:48:39.490590+00:00
sim_lager_ale_tlv,tick_sim_lager_ale_tlv_1ca936a184f4,Benny Har,3,"Decent selection, nothing extraordinary. Prices are on the high side for the area.",2026-04-25T05:48:39.490590+00:00
sim_lager_ale_tlv,tick_sim_lager_ale_tlv_2c23d261354a,Shai Biton,5,Live jazz on Friday + that porter = perfect evening. Will return weekly.,2026-04-25T05:48:39.490590+00:00
sim_lager_ale_tlv,tick_sim_lager_ale_tlv_47ac3bd0012c,Dor Avni,5,"Incredible tap list, something new every visit. The double IPA right now is world class.",2026-04-25T05:48:39.490590+00:00
sim_lager_ale_tlv,tick_sim_lager_ale_tlv_76ce7d72bda1,Ran Ofer,5,Outdoor seating on a warm evening with a cold craft lager. Tel Aviv at its finest.,2026-04-25T05:48:39.490590+00:00
sim_lager_ale_tlv,tick_sim_lager_ale_tlv_7889664107ea,Adi Ben-Shahar,5,"Quiet Monday evening, bartender talked me through six taps. Left knowing a lot more about beer.",2026-04-25T05:48:39.490590+00:00
sim_lager_ale_tlv,tick_sim_lager_ale_tlv_7d2d1d73b125,Itai Gold,4,Solid bar with real personality. The porter is my regular order. Seating gets tight by 9pm.,2026-04-25T05:48:39.490590+00:00
sim_lager_ale_tlv,tick_sim_lager_ale_tlv_8050f7ce975c,Liron Ben-Zvi,4,Industrial design and long bar are a vibe. Service is fast even when full.,2026-04-25T05:48:39.490590+00:00
sim_lager_ale_tlv,tick_sim_lager_ale_tlv_a2e29897bed7,Michal Saar,5,"The sampler board is the move for a first visit. Five styles, all excellent, good value.",2026-04-25T05:48:39.490590+00:00
sim_lager_ale_tlv,tick_sim_lager_ale_tlv_a59dee1bf209,Gal Peretz,5,My friends think I work here because I keep recommending it. The stout is life-changing.,2026-04-25T05:48:39.490590+00:00
sim_lager_ale_tlv,tick_sim_lager_ale_tlv_b20d3124208f,Tali Sela,3,Nice place but quite loud. Hard to hold a conversation at peak hours.,2026-04-25T05:48:39.490590+00:00
sim_lager_ale_tlv,tick_sim_lager_ale_tlv_c48f0f49703f,Ilan Gross,3,"Good beer, slow service on a busy night. Had to flag someone down twice.",2026-04-25T05:48:39.490590+00:00
sim_lager_ale_tlv,tick_sim_lager_ale_tlv_ce3ea6b4ce0f,Yarden Cohen,5,"Came for one beer, stayed for three. The seasonal sour was outstanding.",2026-04-25T05:48:39.490590+00:00
sim_lager_ale_tlv,tick_sim_lager_ale_tlv_d03019583d9f,Keren Ziv,3,Waited 15 minutes for a drink on a Friday. Beer was worth it but the wait was frustrating.,2026-04-25T05:48:39.490590+00:00
sim_lager_ale_tlv,tick_sim_lager_ale_tlv_dbf2dc52635c,Noa Eitan,5,"Best bar on Rothschild, no contest. Knowledgeable staff and rotating craft options.",2026-04-25T05:48:39.490590+00:00
sim_lager_ale_tlv,tick_sim_lager_ale_tlv_e5c6297893d1,Nadav Shapiro,4,Great discovery. The flight of four is perfect for exploring without committing to a pint.,2026-04-25T05:48:39.490590+00:00
sim_lager_ale_tlv,tick_sim_lager_ale_tlv_f2d9e77d7626,Ofer Mizrahi,4,"Good selection, friendly staff. Slightly pricey but you're paying for curation.",2026-04-25T05:48:39.490590+00:00
sim_lager_ale_tlv,tick_sim_lager_ale_tlv_f3385fd9863f,Ayelet Ron,4,Love the concept — always something on tap I haven't tried. Wish they did more food.,2026-04-25T05:48:39.490590+00:00
sim_lager_ale_tlv,tick_sim_lager_ale_tlv_f66a743f892d,Dana Freed,4,"Great spot, gets crowded on weekends but the quality is consistent. Love the rotating taps.",2026-04-25T05:48:39.490590+00:00
sim_beer_garden,tick_sim_beer_garden_0047b9164c3f,Gadi Mor,5,"Came on a Tuesday evening — quiet, gorgeous, and the lager was perfectly cold. Love this place.",2026-04-25T05:48:57.698539+00:00
sim_beer_garden,tick_sim_beer_garden_185a51b27ae7,Tal Weiss,5,The garden brunch is an institution. Go on a Sunday morning and thank me later.,2026-04-25T05:48:57.698539+00:00
sim_beer_garden,tick_sim_beer_garden_1d71163379d6,Limor Raz,4,Solid neighborhood bar elevated by the outdoor area. The burger + pale ale is the combo.,2026-04-25T05:48:57.698539+00:00
sim_beer_garden,tick_sim_beer_garden_2a5286206a8b,Avi Stern,5,Magical atmosphere on a warm night. Staff are genuinely friendly and the garden is immaculate.,2026-04-25T05:48:57.698539+00:00
sim_beer_garden,tick_sim_beer_garden_63aeca0a77e1,Nurit Ben-David,5,"Perfect for a first date — beautiful setting, relaxed pace, good drink list.",2026-04-25T05:48:57.698539+00:00
sim_beer_garden,tick_sim_beer_garden_7956abdcc587,Hila Ohayon,5,"Took my team here for a celebration. Big tables, great service, everyone was happy.",2026-04-25T05:48:57.698539+00:00
sim_beer_garden,tick_sim_beer_garden_8035086eb715,Shir Blum,5,Best outdoor bar in the city. We come every Sunday — the brunch + beer combo is a ritual now.,2026-04-25T05:48:57.698539+00:00
sim_beer_garden,tick_sim_beer_garden_f4cbd80c51cc,Roni Samson,4,Beautiful outdoor setting. Beer selection is mostly mainstream but the atmosphere makes up for it.,2026-04-25T05:48:57.698539+00:00
sim_beer_garden,tick_sim_beer_garden_fbfb564e1aa3,Erez Bar,4,Regular haunt for us. Not the most adventurous tap list but reliably good.,2026-04-25T05:48:57.698539+00:00
sim_tap_room,tick_sim_tap_room_25adf7cf8d58,Limor Sela,4,Serious craft beer bar. The staff can talk for hours about beer styles. Very knowledgeable.,2026-04-25T05:49:13.386849+00:00
sim_tap_room,tick_sim_tap_room_37963983aa48,Yaron Green,4,The flight of four is a great way to explore. Always discover something new here.,2026-04-25T05:49:13.386849+00:00
sim_tap_room,tick_sim_tap_room_7e62e383db64,Ronit Shahar,4,Great beer education — staff will help you find exactly what you're looking for.,2026-04-25T05:49:13.386849+00:00
sim_tap_room,tick_sim_tap_room_ed6519c44480,Yonit Ziv,5,Consistent quality across every visit. The double IPA is exceptional and the staff are genuine experts.,2026-04-25T05:49:13.386849+00:00
sim_tap_room,tick_sim_tap_room_f9d908bf9c64,Stav Rosen,5,"No shortcuts, just great beer and passion. This is what a craft beer bar should be.",2026-04-25T05:49:13.386849+00:00
sim_lager_ale_tlv,tick_sim_lager_ale_tlv_11e0eee58248,Gal Peretz,5,My friends think I work here because I keep recommending it. The stout is life-changing.,2026-04-25T07:18:28.805131+00:00
sim_lager_ale_tlv,tick_sim_lager_ale_tlv_3e0374260202,Dana Freed,4,"Great spot, gets crowded on weekends but the quality is consistent. Love the rotating taps.",2026-04-25T07:18:28.805131+00:00
sim_lager_ale_tlv,tick_sim_lager_ale_tlv_4b7aca61244a,Yarden Cohen,5,"Came for one beer, stayed for three. The seasonal sour was outstanding.",2026-04-25T07:18:28.805131+00:00
sim_lager_ale_tlv,tick_sim_lager_ale_tlv_4d22a0a7b41e,Tamar Levy,5,The cheese board and the Belgian wheat are a match made in heaven. Flawless experience.,2026-04-25T07:18:28.805131+00:00
sim_lager_ale_tlv,tick_sim_lager_ale_tlv_5171d667f3e7,Noa Eitan,5,"Best bar on Rothschild, no contest. Knowledgeable staff and rotating craft options.",2026-04-25T07:18:28.805131+00:00
sim_lager_ale_tlv,tick_sim_lager_ale_tlv_52d1fd2178d5,Nadav Shapiro,4,Great discovery. The flight of four is perfect for exploring without committing to a pint.,2026-04-25T07:18:28.805131+00:00
sim_lager_ale_tlv,tick_sim_lager_ale_tlv_75799911caef,Shai Biton,5,Live jazz on Friday + that porter = perfect evening. Will return weekly.,2026-04-25T07:18:28.805131+00:00
sim_lager_ale_tlv,tick_sim_lager_ale_tlv_84e750ce7137,Ilan Gross,3,"Good beer, slow service on a busy night. Had to flag someone down twice.",2026-04-25T07:18:28.805131+00:00
sim_lager_ale_tlv,tick_sim_lager_ale_tlv_8f6dad5a3315,Tali Sela,3,Nice place but quite loud. Hard to hold a conversation at peak hours.,2026-04-25T07:18:28.805131+00:00
sim_lager_ale_tlv,tick_sim_lager_ale_tlv_987d68773732,Michal Saar,5,"The sampler board is the move for a first visit. Five styles, all excellent, good value.",2026-04-25T07:18:28.805131+00:00
sim_lager_ale_tlv,tick_sim_lager_ale_tlv_9a86cfae93a1,Keren Ziv,3,Waited 15 minutes for a drink on a Friday. Beer was worth it but the wait was frustrating.,2026-04-25T07:18:28.805131+00:00
sim_lager_ale_tlv,tick_sim_lager_ale_tlv_9d6f3169c3d8,Ayelet Ron,4,Love the concept — always something on tap I haven't tried. Wish they did more food.,2026-04-25T07:18:28.805131+00:00
sim_lager_ale_tlv,tick_sim_lager_ale_tlv_a20e16974724,Itai Gold,4,Solid bar with real personality. The porter is my regular order. Seating gets tight by 9pm.,2026-04-25T07:18:28.805131+00:00
sim_lager_ale_tlv,tick_sim_lager_ale_tlv_a7fcac369f83,Ofer Mizrahi,4,"Good selection, friendly staff. Slightly pricey but you're paying for curation.",2026-04-25T07:18:28.805131+00:00
sim_lager_ale_tlv,tick_sim_lager_ale_tlv_c1d3e3d21edc,Dor Avni,5,"Incredible tap list, something new every visit. The double IPA right now is world class.",2026-04-25T07:18:28.805131+00:00
sim_lager_ale_tlv,tick_sim_lager_ale_tlv_c1f6914e8228,Ran Ofer,5,Outdoor seating on a warm evening with a cold craft lager. Tel Aviv at its finest.,2026-04-25T07:18:28.805131+00:00
sim_lager_ale_tlv,tick_sim_lager_ale_tlv_d8de8f464b77,Benny Har,3,"Decent selection, nothing extraordinary. Prices are on the high side for the area.",2026-04-25T07:18:28.805131+00:00
sim_lager_ale_tlv,tick_sim_lager_ale_tlv_dd5acc95f92c,Omer Katz,5,Happy hour deals on weekdays are genuinely good. The pale ale hits different at half price.,2026-04-25T07:18:28.805131+00:00
sim_lager_ale_tlv,tick_sim_lager_ale_tlv_f31d3587a78f,Adi Ben-Shahar,5,"Quiet Monday evening, bartender talked me through six taps. Left knowing a lot more about beer.",2026-04-25T07:18:28.805131+00:00
sim_lager_ale_tlv,tick_sim_lager_ale_tlv_f8925a780d8d,Liron Ben-Zvi,4,Industrial design and long bar are a vibe. Service is fast even when full.,2026-04-25T07:18:28.805131+00:00
sim_beer_garden,tick_sim_beer_garden_11c9f91a44d4,Nurit Ben-David,5,"Perfect for a first date — beautiful setting, relaxed pace, good drink list.",2026-04-25T07:18:44.486686+00:00
sim_beer_garden,tick_sim_beer_garden_1cbd598a5cd6,Amos Tzur,3,"Service is inconsistent — sometimes fast, sometimes you're waiting forever. Nice garden though.",2026-04-25T07:18:44.486686+00:00
sim_beer_garden,tick_sim_beer_garden_28a7ae4368f1,Yael Gross,3,Nice on a weekday. Packed and hard to find a seat on weekends.,2026-04-25T07:18:44.486686+00:00
sim_beer_garden,tick_sim_beer_garden_54674e9176e3,Roni Samson,4,Beautiful outdoor setting. Beer selection is mostly mainstream but the atmosphere makes up for it.,2026-04-25T07:18:44.486686+00:00
sim_beer_garden,tick_sim_beer_garden_71613e5c7475,Shir Blum,5,Best outdoor bar in the city. We come every Sunday — the brunch + beer combo is a ritual now.,2026-04-25T07:18:44.486686+00:00
sim_beer_garden,tick_sim_beer_garden_9264e46b4aa2,Yuval Paz,5,"The garden at sunset is something else. Cold lager, fairy lights, zero stress.",2026-04-25T07:18:44.486686+00:00
sim_beer_garden,tick_sim_beer_garden_aa93b18cecba,Avi Stern,5,Magical atmosphere on a warm night. Staff are genuinely friendly and the garden is immaculate.,2026-04-25T07:18:44.486686+00:00
sim_beer_garden,tick_sim_beer_garden_c1bf86e83ecd,Gadi Mor,5,"Came on a Tuesday evening — quiet, gorgeous, and the lager was perfectly cold. Love this place.",2026-04-25T07:18:44.486686+00:00
sim_tap_room,tick_sim_tap_room_32064c0c90c2,Limor Sela,4,Serious craft beer bar. The staff can talk for hours about beer styles. Very knowledgeable.,2026-04-25T07:19:04.412951+00:00
sim_tap_room,tick_sim_tap_room_6d839facc3e3,Amir Sagi,5,"24 taps, all rotating, all excellent. This is the only craft beer bar that really gets it in Tel Aviv.",2026-04-25T07:19:04.412951+00:00
sim_tap_room,tick_sim_tap_room_ed8821070c6b,Tali Katz,4,Tiny bar but big on quality. Standing room only on Thursdays but worth the squeeze.,2026-04-25T07:19:04.412951+00:00
sim_lager_ale_tlv,tick_sim_lager_ale_tlv_06048d9be350,Tali Sela,3,Nice place but quite loud. Hard to hold a conversation at peak hours.,2026-04-25T08:31:28.792781+00:00
sim_lager_ale_tlv,tick_sim_lager_ale_tlv_148bd69b2bf6,Ilan Gross,3,"Good beer, slow service on a busy night. Had to flag someone down twice.",2026-04-25T08:31:28.792781+00:00
sim_lager_ale_tlv,tick_sim_lager_ale_tlv_1777641e7706,Tamar Levy,5,The cheese board and the Belgian wheat are a match made in heaven. Flawless experience.,2026-04-25T08:31:28.792781+00:00
sim_lager_ale_tlv,tick_sim_lager_ale_tlv_1a2516a93e2d,Itai Gold,4,Solid bar with real personality. The porter is my regular order. Seating gets tight by 9pm.,2026-04-25T08:31:28.792781+00:00
sim_lager_ale_tlv,tick_sim_lager_ale_tlv_1f7e881cc6ff,Yarden Cohen,5,"Came for one beer, stayed for three. The seasonal sour was outstanding.",2026-04-25T08:31:28.792781+00:00
sim_lager_ale_tlv,tick_sim_lager_ale_tlv_38ea28d4ad49,Dana Freed,4,"Great spot, gets crowded on weekends but the quality is consistent. Love the rotating taps.",2026-04-25T08:31:28.792781+00:00
sim_lager_ale_tlv,tick_sim_lager_ale_tlv_4897b9baa2c2,Adi Ben-Shahar,5,"Quiet Monday evening, bartender talked me through six taps. Left knowing a lot more about beer.",2026-04-25T08:31:28.792781+00:00
sim_lager_ale_tlv,tick_sim_lager_ale_tlv_6023411bccd9,Michal Saar,5,"The sampler board is the move for a first visit. Five styles, all excellent, good value.",2026-04-25T08:31:28.792781+00:00
sim_lager_ale_tlv,tick_sim_lager_ale_tlv_658ff1855c98,Ran Ofer,5,Outdoor seating on a warm evening with a cold craft lager. Tel Aviv at its finest.,2026-04-25T08:31:28.792781+00:00
sim_lager_ale_tlv,tick_sim_lager_ale_tlv_698cf39153ae,Keren Ziv,3,Waited 15 minutes for a drink on a Friday. Beer was worth it but the wait was frustrating.,2026-04-25T08:31:28.792781+00:00
sim_lager_ale_tlv,tick_sim_lager_ale_tlv_7f800c4b6821,Noa Eitan,5,"Best bar on Rothschild, no contest. Knowledgeable staff and rotating craft options.",2026-04-25T08:31:28.792781+00:00
sim_lager_ale_tlv,tick_sim_lager_ale_tlv_86b915c247cb,Benny Har,3,"Decent selection, nothing extraordinary. Prices are on the high side for the area.",2026-04-25T08:31:28.792781+00:00
sim_lager_ale_tlv,tick_sim_lager_ale_tlv_965e8428ca78,Omer Katz,5,Happy hour deals on weekdays are genuinely good. The pale ale hits different at half price.,2026-04-25T08:31:28.792781+00:00
sim_lager_ale_tlv,tick_sim_lager_ale_tlv_b3e5cf845ad2,Ayelet Ron,4,Love the concept — always something on tap I haven't tried. Wish they did more food.,2026-04-25T08:31:28.792781+00:00
sim_lager_ale_tlv,tick_sim_lager_ale_tlv_c8362d1ffc3b,Shai Biton,5,Live jazz on Friday + that porter = perfect evening. Will return weekly.,2026-04-25T08:31:28.792781+00:00
sim_lager_ale_tlv,tick_sim_lager_ale_tlv_ca22a6ad0cf5,Nadav Shapiro,4,Great discovery. The flight of four is perfect for exploring without committing to a pint.,2026-04-25T08:31:28.792781+00:00
sim_lager_ale_tlv,tick_sim_lager_ale_tlv_e4f83bfd62fe,Gal Peretz,5,My friends think I work here because I keep recommending it. The stout is life-changing.,2026-04-25T08:31:28.792781+00:00
sim_lager_ale_tlv,tick_sim_lager_ale_tlv_e94da4c3e425,Dor Avni,5,"Incredible tap list, something new every visit. The double IPA right now is world class.",2026-04-25T08:31:28.792781+00:00
sim_lager_ale_tlv,tick_sim_lager_ale_tlv_eca8bf80dca9,Liron Ben-Zvi,4,Industrial design and long bar are a vibe. Service is fast even when full.,2026-04-25T08:31:28.792781+00:00
sim_lager_ale_tlv,tick_sim_lager_ale_tlv_fcc0ecf727e8,Ofer Mizrahi,4,"Good selection, friendly staff. Slightly pricey but you're paying for curation.",2026-04-25T08:31:28.792781+00:00
sim_beer_garden,tick_sim_beer_garden_0efceb65c2b6,Limor Raz,4,Solid neighborhood bar elevated by the outdoor area. The burger + pale ale is the combo.,2026-04-25T08:31:45.235069+00:00
sim_beer_garden,tick_sim_beer_garden_194e869bf675,Nurit Ben-David,5,"Perfect for a first date — beautiful setting, relaxed pace, good drink list.",2026-04-25T08:31:45.235069+00:00
sim_beer_garden,tick_sim_beer_garden_45af918ab95c,Ran Blum,2,"Expected more given the reputation. Noisy, cramped on the weekend, and the service was scattered.",2026-04-25T08:31:45.235069+00:00
sim_beer_garden,tick_sim_beer_garden_675a80e7b62b,Avi Stern,5,Magical atmosphere on a warm night. Staff are genuinely friendly and the garden is immaculate.,2026-04-25T08:31:45.235069+00:00
sim_beer_garden,tick_sim_beer_garden_979847d804ee,Gadi Mor,5,"Came on a Tuesday evening — quiet, gorgeous, and the lager was perfectly cold. Love this place.",2026-04-25T08:31:45.235069+00:00
sim_beer_garden,tick_sim_beer_garden_e0aab4c62a68,Amos Tzur,3,"Service is inconsistent — sometimes fast, sometimes you're waiting forever. Nice garden though.",2026-04-25T08:31:45.235069+00:00
sim_tap_room,tick_sim_tap_room_eb5574f82fdc,Anat Friedman,3,The beer is excellent but the bar is small and cramped. Hard to get a seat on weekends.,2026-04-25T08:32:01.377471+00:00
sim_lager_ale_tlv,tick_sim_lager_ale_tlv_06b95143cfee,Keren Ziv,3,Waited 15 minutes for a drink on a Friday. Beer was worth it but the wait was frustrating.,2026-04-25T09:54:02.716173+00:00
sim_lager_ale_tlv,tick_sim_lager_ale_tlv_1895ee1b673f,Tali Sela,3,Nice place but quite loud. Hard to hold a conversation at peak hours.,2026-04-25T09:54:02.716173+00:00
sim_lager_ale_tlv,tick_sim_lager_ale_tlv_3599a1e63b1b,Yarden Cohen,5,"Came for one beer, stayed for three. The seasonal sour was outstanding.",2026-04-25T09:54:02.716173+00:00
sim_lager_ale_tlv,tick_sim_lager_ale_tlv_48c6163a7aa0,Dana Freed,4,"Great spot, gets crowded on weekends but the quality is consistent. Love the rotating taps.",2026-04-25T09:54:02.716173+00:00
sim_lager_ale_tlv,tick_sim_lager_ale_tlv_4c6a6c45bd08,Benny Har,3,"Decent selection, nothing extraordinary. Prices are on the high side for the area.",2026-04-25T09:54:02.716173+00:00
sim_lager_ale_tlv,tick_sim_lager_ale_tlv_5335d2c1b09b,Michal Saar,5,"The sampler board is the move for a first visit. Five styles, all excellent, good value.",2026-04-25T09:54:02.716173+00:00
sim_lager_ale_tlv,tick_sim_lager_ale_tlv_5ab703da943f,Shai Biton,5,Live jazz on Friday + that porter = perfect evening. Will return weekly.,2026-04-25T09:54:02.716173+00:00
sim_lager_ale_tlv,tick_sim_lager_ale_tlv_5f2266f4c57e,Liron Ben-Zvi,4,Industrial design and long bar are a vibe. Service is fast even when full.,2026-04-25T09:54:02.716173+00:00
sim_lager_ale_tlv,tick_sim_lager_ale_tlv_7e68d75a5700,Noa Eitan,5,"Best bar on Rothschild, no contest. Knowledgeable staff and rotating craft options.",2026-04-25T09:54:02.716173+00:00
sim_lager_ale_tlv,tick_sim_lager_ale_tlv_7ed8a6a7b0ef,Nadav Shapiro,4,Great discovery. The flight of four is perfect for exploring without committing to a pint.,2026-04-25T09:54:02.716173+00:00
sim_lager_ale_tlv,tick_sim_lager_ale_tlv_95bfc2fcee34,Omer Katz,5,Happy hour deals on weekdays are genuinely good. The pale ale hits different at half price.,2026-04-25T09:54:02.716173+00:00
sim_lager_ale_tlv,tick_sim_lager_ale_tlv_9f1dd8586f11,Itai Gold,4,Solid bar with real personality. The porter is my regular order. Seating gets tight by 9pm.,2026-04-25T09:54:02.716173+00:00
sim_lager_ale_tlv,tick_sim_lager_ale_tlv_acdfea218e55,Ayelet Ron,4,Love the concept — always something on tap I haven't tried. Wish they did more food.,2026-04-25T09:54:02.716173+00:00
sim_lager_ale_tlv,tick_sim_lager_ale_tlv_b083dcdd1f15,Ilan Gross,3,"Good beer, slow service on a busy night. Had to flag someone down twice.",2026-04-25T09:54:02.716173+00:00
sim_lager_ale_tlv,tick_sim_lager_ale_tlv_b8a2bf3fb273,Tamar Levy,5,The cheese board and the Belgian wheat are a match made in heaven. Flawless experience.,2026-04-25T09:54:02.716173+00:00
sim_lager_ale_tlv,tick_sim_lager_ale_tlv_c30b3a181d8a,Ofer Mizrahi,4,"Good selection, friendly staff. Slightly pricey but you're paying for curation.",2026-04-25T09:54:02.716173+00:00
sim_lager_ale_tlv,tick_sim_lager_ale_tlv_c9965eaa766d,Gal Peretz,5,My friends think I work here because I keep recommending it. The stout is life-changing.,2026-04-25T09:54:02.716173+00:00
sim_lager_ale_tlv,tick_sim_lager_ale_tlv_c9f184e42bba,Adi Ben-Shahar,5,"Quiet Monday evening, bartender talked me through six taps. Left knowing a lot more about beer.",2026-04-25T09:54:02.716173+00:00
sim_lager_ale_tlv,tick_sim_lager_ale_tlv_da3b6ee18bcf,Ran Ofer,5,Outdoor seating on a warm evening with a cold craft lager. Tel Aviv at its finest.,2026-04-25T09:54:02.716173+00:00
sim_lager_ale_tlv,tick_sim_lager_ale_tlv_f4e2081c0fb2,Dor Avni,5,"Incredible tap list, something new every visit. The double IPA right now is world class.",2026-04-25T09:54:02.716173+00:00
sim_beer_garden,tick_sim_beer_garden_14f925c7b791,Hila Ohayon,5,"Took my team here for a celebration. Big tables, great service, everyone was happy.",2026-04-25T09:54:18.884626+00:00
sim_beer_garden,tick_sim_beer_garden_4a8a06ee9402,Amos Tzur,3,"Service is inconsistent — sometimes fast, sometimes you're waiting forever. Nice garden though.",2026-04-25T09:54:18.884626+00:00
sim_beer_garden,tick_sim_beer_garden_6c422270887f,Yossi Katz,4,Great for groups — big tables and the staff handles crowds well. Wish the tap list were wider.,2026-04-25T09:54:18.884626+00:00
sim_beer_garden,tick_sim_beer_garden_764801e393b5,Gadi Mor,5,"Came on a Tuesday evening — quiet, gorgeous, and the lager was perfectly cold. Love this place.",2026-04-25T09:54:18.884626+00:00
sim_tap_room,tick_sim_tap_room_75deeeb4c98f,Yaron Green,4,The flight of four is a great way to explore. Always discover something new here.,2026-04-25T09:54:33.114511+00:00
sim_lager_ale_tlv,tick_sim_lager_ale_tlv_07165626841a,Benny Har,3,"Decent selection, nothing extraordinary. Prices are on the high side for the area.",2026-04-25T10:44:32.831719+00:00
sim_lager_ale_tlv,tick_sim_lager_ale_tlv_21cd1b0ecfee,Itai Gold,4,Solid bar with real personality. The porter is my regular order. Seating gets tight by 9pm.,2026-04-25T10:44:32.831719+00:00
sim_lager_ale_tlv,tick_sim_lager_ale_tlv_24d6ceb28413,Ran Ofer,5,Outdoor seating on a warm evening with a cold craft lager. Tel Aviv at its finest.,2026-04-25T10:44:32.831719+00:00
sim_lager_ale_tlv,tick_sim_lager_ale_tlv_2ed8c9e0de10,Liron Ben-Zvi,4,Industrial design and long bar are a vibe. Service is fast even when full.,2026-04-25T10:44:32.831719+00:00
sim_lager_ale_tlv,tick_sim_lager_ale_tlv_2f8eea26535d,Adi Ben-Shahar,5,"Quiet Monday evening, bartender talked me through six taps. Left knowing a lot more about beer.",2026-04-25T10:44:32.831719+00:00
sim_lager_ale_tlv,tick_sim_lager_ale_tlv_3b5d41b3bdba,Noa Eitan,5,"Best bar on Rothschild, no contest. Knowledgeable staff and rotating craft options.",2026-04-25T10:44:32.831719+00:00
sim_lager_ale_tlv,tick_sim_lager_ale_tlv_3fd5ec0a7a1f,Ayelet Ron,4,Love the concept — always something on tap I haven't tried. Wish they did more food.,2026-04-25T10:44:32.831719+00:00
sim_lager_ale_tlv,tick_sim_lager_ale_tlv_49f86367160b,Ofer Mizrahi,4,"Good selection, friendly staff. Slightly pricey but you're paying for curation.",2026-04-25T10:44:32.831719+00:00
sim_lager_ale_tlv,tick_sim_lager_ale_tlv_4a86ea072c2f,Dor Avni,5,"Incredible tap list, something new every visit. The double IPA right now is world class.",2026-04-25T10:44:32.831719+00:00
sim_lager_ale_tlv,tick_sim_lager_ale_tlv_4b58e426fcfa,Ilan Gross,3,"Good beer, slow service on a busy night. Had to flag someone down twice.",2026-04-25T10:44:32.831719+00:00
sim_lager_ale_tlv,tick_sim_lager_ale_tlv_6968885e9c9e,Yarden Cohen,5,"Came for one beer, stayed for three. The seasonal sour was outstanding.",2026-04-25T10:44:32.831719+00:00
sim_lager_ale_tlv,tick_sim_lager_ale_tlv_8677b9952190,Nadav Shapiro,4,Great discovery. The flight of four is perfect for exploring without committing to a pint.,2026-04-25T10:44:32.831719+00:00
sim_lager_ale_tlv,tick_sim_lager_ale_tlv_9d739be85804,Keren Ziv,3,Waited 15 minutes for a drink on a Friday. Beer was worth it but the wait was frustrating.,2026-04-25T10:44:32.831719+00:00
sim_lager_ale_tlv,tick_sim_lager_ale_tlv_b53404109b69,Shai Biton,5,Live jazz on Friday + that porter = perfect evening. Will return weekly.,2026-04-25T10:44:32.831719+00:00
sim_lager_ale_tlv,tick_sim_lager_ale_tlv_c225a3619fc2,Tamar Levy,5,The cheese board and the Belgian wheat are a match made in heaven. Flawless experience.,2026-04-25T10:44:32.831719+00:00
sim_lager_ale_tlv,tick_sim_lager_ale_tlv_caf668b78b29,Gal Peretz,5,My friends think I work here because I keep recommending it. The stout is life-changing.,2026-04-25T10:44:32.831719+00:00
sim_lager_ale_tlv,tick_sim_lager_ale_tlv_d25924acf193,Michal Saar,5,"The sampler board is the move for a first visit. Five styles, all excellent, good value.",2026-04-25T10:44:32.831719+00:00
sim_lager_ale_tlv,tick_sim_lager_ale_tlv_de648877cbf7,Omer Katz,5,Happy hour deals on weekdays are genuinely good. The pale ale hits different at half price.,2026-04-25T10:44:32.831719+00:00
sim_lager_ale_tlv,tick_sim_lager_ale_tlv_ed5ed43cdd10,Tali Sela,3,Nice place but quite loud. Hard to hold a conversation at peak hours.,2026-04-25T10:44:32.831719+00:00
sim_lager_ale_tlv,tick_sim_lager_ale_tlv_f622c9a965e6,Dana Freed,4,"Great spot, gets crowded on weekends but the quality is consistent. Love the rotating taps.",2026-04-25T10:44:32.831719+00:00
sim_beer_garden,tick_sim_beer_garden_247626e71ca9,Roni Samson,4,Beautiful outdoor setting. Beer selection is mostly mainstream but the atmosphere makes up for it.,2026-04-25T10:44:48.450876+00:00
sim_beer_garden,tick_sim_beer_garden_64bf785881f0,Yossi Katz,4,Great for groups — big tables and the staff handles crowds well. Wish the tap list were wider.,2026-04-25T10:44:48.450876+00:00
sim_beer_garden,tick_sim_beer_garden_91400cb7f45e,Amos Tzur,3,"Service is inconsistent — sometimes fast, sometimes you're waiting forever. Nice garden though.",2026-04-25T10:44:48.450876+00:00
sim_tap_room,tick_sim_tap_room_cf01d41bbf35,Inbal Mor,5,"The rotating list keeps me coming back weekly. Never the same beer twice, always excellent.",2026-04-25T10:45:02.627862+00:00
sim_lager_ale_tlv,tick_sim_lager_ale_tlv_09f64a60d51c,Ofer Mizrahi,4,"Good selection, friendly staff. Slightly pricey but you're paying for curation.",2026-04-25T11:39:04.690747+00:00
sim_lager_ale_tlv,tick_sim_lager_ale_tlv_0b8fc517f7b0,Ayelet Ron,4,Love the concept — always something on tap I haven't tried. Wish they did more food.,2026-04-25T11:39:04.690747+00:00
sim_lager_ale_tlv,tick_sim_lager_ale_tlv_18f20a3020f0,Noa Eitan,5,"Best bar on Rothschild, no contest. Knowledgeable staff and rotating craft options.",2026-04-25T11:39:04.690747+00:00
sim_lager_ale_tlv,tick_sim_lager_ale_tlv_268e57a631f9,Yarden Cohen,5,"Came for one beer, stayed for three. The seasonal sour was outstanding.",2026-04-25T11:39:04.690747+00:00
sim_lager_ale_tlv,tick_sim_lager_ale_tlv_3ae55009f8d4,Adi Ben-Shahar,5,"Quiet Monday evening, bartender talked me through six taps. Left knowing a lot more about beer.",2026-04-25T11:39:04.690747+00:00
sim_lager_ale_tlv,tick_sim_lager_ale_tlv_57e857b5ce42,Ran Ofer,5,Outdoor seating on a warm evening with a cold craft lager. Tel Aviv at its finest.,2026-04-25T11:39:04.690747+00:00
sim_lager_ale_tlv,tick_sim_lager_ale_tlv_5c7ada371a83,Nadav Shapiro,4,Great discovery. The flight of four is perfect for exploring without committing to a pint.,2026-04-25T11:39:04.690747+00:00
sim_lager_ale_tlv,tick_sim_lager_ale_tlv_73ab90c0b330,Dor Avni,5,"Incredible tap list, something new every visit. The double IPA right now is world class.",2026-04-25T11:39:04.690747+00:00
sim_lager_ale_tlv,tick_sim_lager_ale_tlv_7a2a2021c33f,Dana Freed,4,"Great spot, gets crowded on weekends but the quality is consistent. Love the rotating taps.",2026-04-25T11:39:04.690747+00:00
sim_lager_ale_tlv,tick_sim_lager_ale_tlv_87d85be46464,Liron Ben-Zvi,4,Industrial design and long bar are a vibe. Service is fast even when full.,2026-04-25T11:39:04.690747+00:00
sim_lager_ale_tlv,tick_sim_lager_ale_tlv_8985fe2498f1,Shai Biton,5,Live jazz on Friday + that porter = perfect evening. Will return weekly.,2026-04-25T11:39:04.690747+00:00
sim_lager_ale_tlv,tick_sim_lager_ale_tlv_9fdd0463bfb8,Gal Peretz,5,My friends think I work here because I keep recommending it. The stout is life-changing.,2026-04-25T11:39:04.690747+00:00
sim_lager_ale_tlv,tick_sim_lager_ale_tlv_a4ba1494ac9f,Omer Katz,5,Happy hour deals on weekdays are genuinely good. The pale ale hits different at half price.,2026-04-25T11:39:04.690747+00:00
sim_lager_ale_tlv,tick_sim_lager_ale_tlv_ddaf81dd5351,Ilan Gross,3,"Good beer, slow service on a busy night. Had to flag someone down twice.",2026-04-25T11:39:04.690747+00:00
sim_lager_ale_tlv,tick_sim_lager_ale_tlv_e224189fdd41,Itai Gold,4,Solid bar with real personality. The porter is my regular order. Seating gets tight by 9pm.,2026-04-25T11:39:04.690747+00:00
sim_lager_ale_tlv,tick_sim_lager_ale_tlv_e9c8a26921e1,Michal Saar,5,"The sampler board is the move for a first visit. Five styles, all excellent, good value.",2026-04-25T11:39:04.690747+00:00
sim_lager_ale_tlv,tick_sim_lager_ale_tlv_f7c5416ebae5,Tamar Levy,5,The cheese board and the Belgian wheat are a match made in heaven. Flawless experience.,2026-04-25T11:39:04.690747+00:00
sim_beer_garden,tick_sim_beer_garden_66e96c18695e,Yossi Katz,4,Great for groups — big tables and the staff handles crowds well. Wish the tap list were wider.,2026-04-25T11:39:20.091490+00:00
sim_beer_garden,tick_sim_beer_garden_926187351a7f,Amos Tzur,3,"Service is inconsistent — sometimes fast, sometimes you're waiting forever. Nice garden though.",2026-04-25T11:39:20.091490+00:00
sim_tap_room,tick_sim_tap_room_d05e7d27307f,Dotan Peretz,5,The chalkboard tap list changes constantly. Something new every visit. The DIPA right now is extraordinary.,2026-04-25T11:39:32.364285+00:00
sim_lager_ale_tlv,tick_sim_lager_ale_tlv_07ac959d7c22,Noa Eitan,5,"Best bar on Rothschild, no contest. Knowledgeable staff and rotating craft options.",2026-04-25T13:06:24.990984+00:00
sim_lager_ale_tlv,tick_sim_lager_ale_tlv_13df0bdd42fe,Michal Saar,5,"The sampler board is the move for a first visit. Five styles, all excellent, good value.",2026-04-25T13:06:24.990984+00:00
sim_lager_ale_tlv,tick_sim_lager_ale_tlv_232f71a9b0e7,Yarden Cohen,5,"Came for one beer, stayed for three. The seasonal sour was outstanding.",2026-04-25T13:06:24.990984+00:00
sim_lager_ale_tlv,tick_sim_lager_ale_tlv_408e3b15947e,Gal Peretz,5,My friends think I work here because I keep recommending it. The stout is life-changing.,2026-04-25T13:06:24.990984+00:00
sim_lager_ale_tlv,tick_sim_lager_ale_tlv_44d3a62b5447,Shai Biton,5,Live jazz on Friday + that porter = perfect evening. Will return weekly.,2026-04-25T13:06:24.990984+00:00
sim_lager_ale_tlv,tick_sim_lager_ale_tlv_5d674634a63b,Nadav Shapiro,4,Great discovery. The flight of four is perfect for exploring without committing to a pint.,2026-04-25T13:06:24.990984+00:00
sim_lager_ale_tlv,tick_sim_lager_ale_tlv_62e67fe173a5,Tamar Levy,5,The cheese board and the Belgian wheat are a match made in heaven. Flawless experience.,2026-04-25T13:06:24.990984+00:00
sim_lager_ale_tlv,tick_sim_lager_ale_tlv_6c1dc3af19e8,Ran Ofer,5,Outdoor seating on a warm evening with a cold craft lager. Tel Aviv at its finest.,2026-04-25T13:06:24.990984+00:00
sim_lager_ale_tlv,tick_sim_lager_ale_tlv_72b73d017226,Dana Freed,4,"Great spot, gets crowded on weekends but the quality is consistent. Love the rotating taps.",2026-04-25T13:06:24.990984+00:00
sim_lager_ale_tlv,tick_sim_lager_ale_tlv_8c446968d8b2,Adi Ben-Shahar,5,"Quiet Monday evening, bartender talked me through six taps. Left knowing a lot more about beer.",2026-04-25T13:06:24.990984+00:00
sim_lager_ale_tlv,tick_sim_lager_ale_tlv_9de69318b0f8,Omer Katz,5,Happy hour deals on weekdays are genuinely good. The pale ale hits different at half price.,2026-04-25T13:06:24.990984+00:00
sim_lager_ale_tlv,tick_sim_lager_ale_tlv_b7284a47a425,Dor Avni,5,"Incredible tap list, something new every visit. The double IPA right now is world class.",2026-04-25T13:06:24.990984+00:00
sim_beer_garden,tick_sim_beer_garden_778110beaab5,Roni Samson,4,Beautiful outdoor setting. Beer selection is mostly mainstream but the atmosphere makes up for it.,2026-04-25T13:06:41.302891+00:00
sim_tap_room,tick_sim_tap_room_147bc082c735,Dotan Peretz,5,The chalkboard tap list changes constantly. Something new every visit. The DIPA right now is extraordinary.,2026-04-25T13:06:57.660834+00:00
sim_tap_room,tick_sim_tap_room_6a39efe3bd2c,Amir Sagi,5,"24 taps, all rotating, all excellent. This is the only craft beer bar that really gets it in Tel Aviv.",2026-04-25T13:06:57.660834+00:00
sim_tap_room,tick_sim_tap_room_940879495bc7,Yonit Ziv,5,Consistent quality across every visit. The double IPA is exceptional and the staff are genuine experts.,2026-04-25T13:06:57.660834+00:00
sim_lager_ale_tlv,tick_sim_lager_ale_tlv_35554842fae5,Noa Eitan,5,"Best bar on Rothschild, no contest. Knowledgeable staff and rotating craft options.",2026-04-25T14:13:25.781765+00:00
sim_lager_ale_tlv,tick_sim_lager_ale_tlv_659b8712694b,Gal Peretz,5,My friends think I work here because I keep recommending it. The stout is life-changing.,2026-04-25T14:13:25.781765+00:00
sim_lager_ale_tlv,tick_sim_lager_ale_tlv_6f55b6546d27,Omer Katz,5,Happy hour deals on weekdays are genuinely good. The pale ale hits different at half price.,2026-04-25T14:13:25.781765+00:00
sim_lager_ale_tlv,tick_sim_lager_ale_tlv_73fbaff35a03,Tamar Levy,5,The cheese board and the Belgian wheat are a match made in heaven. Flawless experience.,2026-04-25T14:13:25.781765+00:00
sim_lager_ale_tlv,tick_sim_lager_ale_tlv_b54cbdbe641a,Shai Biton,5,Live jazz on Friday + that porter = perfect evening. Will return weekly.,2026-04-25T14:13:25.781765+00:00
sim_lager_ale_tlv,tick_sim_lager_ale_tlv_b9be8c7cc383,Itai Gold,4,Solid bar with real personality. The porter is my regular order. Seating gets tight by 9pm.,2026-04-25T14:13:25.781765+00:00
sim_lager_ale_tlv,tick_sim_lager_ale_tlv_e6d4cf5ab6e0,Dor Avni,5,"Incredible tap list, something new every visit. The double IPA right now is world class.",2026-04-25T14:13:25.781765+00:00
sim_lager_ale_tlv,tick_sim_lager_ale_tlv_f0981690813b,Liron Ben-Zvi,4,Industrial design and long bar are a vibe. Service is fast even when full.,2026-04-25T14:13:25.781765+00:00
sim_beer_garden,tick_sim_beer_garden_7a13ff03e7e3,Tal Weiss,5,The garden brunch is an institution. Go on a Sunday morning and thank me later.,2026-04-25T14:13:44.631919+00:00
sim_tap_room,tick_sim_tap_room_01a46888220f,Noam Elul,4,Love the chalkboard tap list. Something new every time. The sour this week is amazing.,2026-04-25T14:13:58.786675+00:00
sim_tap_room,tick_sim_tap_room_1a2a06a519c3,Orli Bar,5,Staff recommended a sour I would never have picked myself — it was outstanding. Real expertise here.,2026-04-25T14:13:58.786675+00:00
sim_tap_room,tick_sim_tap_room_255d95f53007,Pini Ben-Haim,5,For beer geeks this is paradise. Flight of four is the move for first-timers.,2026-04-25T14:13:58.786675+00:00
sim_tap_room,tick_sim_tap_room_4f9df2cfc8e7,Yonit Ziv,5,Consistent quality across every visit. The double IPA is exceptional and the staff are genuine experts.,2026-04-25T14:13:58.786675+00:00
sim_tap_room,tick_sim_tap_room_f823b6dcd0a7,Inbal Mor,5,"The rotating list keeps me coming back weekly. Never the same beer twice, always excellent.",2026-04-25T14:13:58.786675+00:00
sim_lager_ale_tlv,tick_sim_lager_ale_tlv_5f14a40b502c,Tamar Levy,5,The cheese board and the Belgian wheat are a match made in heaven. Flawless experience.,2026-04-25T15:08:50.610382+00:00
sim_lager_ale_tlv,tick_sim_lager_ale_tlv_715c017272c1,Noa Eitan,5,"Best bar on Rothschild, no contest. Knowledgeable staff and rotating craft options.",2026-04-25T15:08:50.610382+00:00
sim_lager_ale_tlv,tick_sim_lager_ale_tlv_c05af15ec239,Dor Avni,5,"Incredible tap list, something new every visit. The double IPA right now is world class.",2026-04-25T15:08:50.610382+00:00
sim_lager_ale_tlv,tick_sim_lager_ale_tlv_cf3bc1abf56d,Liron Ben-Zvi,4,Industrial design and long bar are a vibe. Service is fast even when full.,2026-04-25T15:08:50.610382+00:00
sim_lager_ale_tlv,tick_sim_lager_ale_tlv_d66bbe963c14,Shai Biton,5,Live jazz on Friday + that porter = perfect evening. Will return weekly.,2026-04-25T15:08:50.610382+00:00
sim_beer_garden,tick_sim_beer_garden_a36665c9efcf,Roni Samson,4,Beautiful outdoor setting. Beer selection is mostly mainstream but the atmosphere makes up for it.,2026-04-25T15:09:06.102837+00:00
sim_beer_garden,tick_sim_beer_garden_b60994731bb3,Amos Tzur,3,"Service is inconsistent — sometimes fast, sometimes you're waiting forever. Nice garden though.",2026-04-25T15:09:06.102837+00:00
sim_tap_room,tick_sim_tap_room_09c96a684d32,Noam Elul,4,Love the chalkboard tap list. Something new every time. The sour this week is amazing.,2026-04-25T15:09:27.448715+00:00
sim_tap_room,tick_sim_tap_room_0b48bd6be336,Stav Rosen,5,"No shortcuts, just great beer and passion. This is what a craft beer bar should be.",2026-04-25T15:09:27.448715+00:00
sim_tap_room,tick_sim_tap_room_10dc35244bfd,Rafi Levi,5,If you care about craft beer this is your place. They import rare stuff you genuinely can't find elsewhere.,2026-04-25T15:09:27.448715+00:00
sim_tap_room,tick_sim_tap_room_2325b8f842cb,Yonit Ziv,5,Consistent quality across every visit. The double IPA is exceptional and the staff are genuine experts.,2026-04-25T15:09:27.448715+00:00
sim_tap_room,tick_sim_tap_room_4075e8a1889a,Moshe Shaul,5,Raised the bar for craft beer in this city. The session IPA on tap now is brilliant.,2026-04-25T15:09:27.448715+00:00
sim_tap_room,tick_sim_tap_room_799ecf5b9609,Omer Klein,3,"Amazing tap list, claustrophobic space. Hard to relax when you're shoulder to shoulder.",2026-04-25T15:09:27.448715+00:00
sim_tap_room,tick_sim_tap_room_ea45745e5406,Amir Sagi,5,"24 taps, all rotating, all excellent. This is the only craft beer bar that really gets it in Tel Aviv.",2026-04-25T15:09:27.448715+00:00
sim_lager_ale_tlv,tick_sim_lager_ale_tlv_61bc30cb3070,Tamar Levy,5,The cheese board and the Belgian wheat are a match made in heaven. Flawless experience.,2026-04-25T16:06:03.325970+00:00
sim_lager_ale_tlv,tick_sim_lager_ale_tlv_b0bcec4b7112,Ran Ofer,5,Outdoor seating on a warm evening with a cold craft lager. Tel Aviv at its finest.,2026-04-25T16:06:03.325970+00:00
sim_lager_ale_tlv,tick_sim_lager_ale_tlv_cd7aa3cade89,Rami Dor,2,Too crowded and too loud. Had to shout to order. Beer was fine but the experience wasn't.,2026-04-25T16:06:03.325970+00:00
sim_beer_garden,tick_sim_beer_garden_17b5763d6e28,Tal Weiss,5,The garden brunch is an institution. Go on a Sunday morning and thank me later.,2026-04-25T16:06:19.630172+00:00
sim_beer_garden,tick_sim_beer_garden_9dfc8a954dbb,Roni Samson,4,Beautiful outdoor setting. Beer selection is mostly mainstream but the atmosphere makes up for it.,2026-04-25T16:06:19.630172+00:00
sim_tap_room,tick_sim_tap_room_133aabce27e5,Gad Cohen,4,Serious about craft in a way most Tel Aviv bars aren't. Pricey but fair for the curation.,2026-04-25T16:06:35.763913+00:00
sim_tap_room,tick_sim_tap_room_24353de6d360,Yaron Green,4,The flight of four is a great way to explore. Always discover something new here.,2026-04-25T16:06:35.763913+00:00
sim_tap_room,tick_sim_tap_room_248ae70e835f,Ronit Shahar,4,Great beer education — staff will help you find exactly what you're looking for.,2026-04-25T16:06:35.763913+00:00
sim_tap_room,tick_sim_tap_room_2ae9cb7e7bf6,Michal Raz,3,The beer is great but the food menu is very limited. Come for drinks only.,2026-04-25T16:06:35.763913+00:00
sim_tap_room,tick_sim_tap_room_58029a240c2a,Yonit Ziv,5,Consistent quality across every visit. The double IPA is exceptional and the staff are genuine experts.,2026-04-25T16:06:35.763913+00:00
sim_tap_room,tick_sim_tap_room_5c2210344377,Shani Cohen,5,The barrel-aged stout they had last week was the best beer I've had in years. Staff know their stuff.,2026-04-25T16:06:35.763913+00:00
sim_tap_room,tick_sim_tap_room_9c863b78cad9,Rafi Levi,5,If you care about craft beer this is your place. They import rare stuff you genuinely can't find elsewhere.,2026-04-25T16:06:35.763913+00:00
sim_tap_room,tick_sim_tap_room_c5852c8b3db4,Moshe Shaul,5,Raised the bar for craft beer in this city. The session IPA on tap now is brilliant.,2026-04-25T16:06:35.763913+00:00
sim_tap_room,tick_sim_tap_room_e2495b2af073,Tali Katz,4,Tiny bar but big on quality. Standing room only on Thursdays but worth the squeeze.,2026-04-25T16:06:35.763913+00:00
sim_lager_ale_tlv,tick_sim_lager_ale_tlv_5e25d75bf213,Adi Ben-Shahar,5,"Quiet Monday evening, bartender talked me through six taps. Left knowing a lot more about beer.",2026-04-25T17:09:50.477203+00:00
sim_lager_ale_tlv,tick_sim_lager_ale_tlv_b9bb94e6231a,Liron Ben-Zvi,4,Industrial design and long bar are a vibe. Service is fast even when full.,2026-04-25T17:09:50.477203+00:00
sim_beer_garden,tick_sim_beer_garden_0ac0620c5ece,Erez Bar,4,Regular haunt for us. Not the most adventurous tap list but reliably good.,2026-04-25T17:10:07.505587+00:00
sim_beer_garden,tick_sim_beer_garden_770c52b4dc11,Boaz Ofer,3,"Overpriced for what it is. You're paying for the garden, not the beer quality.",2026-04-25T17:10:07.505587+00:00
sim_beer_garden,tick_sim_beer_garden_a24358576dda,Amos Tzur,3,"Service is inconsistent — sometimes fast, sometimes you're waiting forever. Nice garden though.",2026-04-25T17:10:07.505587+00:00
sim_tap_room,tick_sim_tap_room_033261d872cb,Pini Ben-Haim,5,For beer geeks this is paradise. Flight of four is the move for first-timers.,2026-04-25T17:10:25.835849+00:00
sim_tap_room,tick_sim_tap_room_202b7d696c37,Dotan Peretz,5,The chalkboard tap list changes constantly. Something new every visit. The DIPA right now is extraordinary.,2026-04-25T17:10:25.835849+00:00
sim_tap_room,tick_sim_tap_room_26724b7dc2c5,Orli Bar,5,Staff recommended a sour I would never have picked myself — it was outstanding. Real expertise here.,2026-04-25T17:10:25.835849+00:00
sim_tap_room,tick_sim_tap_room_2b83e343d3c0,Stav Rosen,5,"No shortcuts, just great beer and passion. This is what a craft beer bar should be.",2026-04-25T17:10:25.835849+00:00
sim_tap_room,tick_sim_tap_room_3e6baedff856,Rafi Levi,5,If you care about craft beer this is your place. They import rare stuff you genuinely can't find elsewhere.,2026-04-25T17:10:25.835849+00:00
sim_tap_room,tick_sim_tap_room_41814cba8d4c,Noam Elul,4,Love the chalkboard tap list. Something new every time. The sour this week is amazing.,2026-04-25T17:10:25.835849+00:00
sim_tap_room,tick_sim_tap_room_8286bfee97a1,Gad Cohen,4,Serious about craft in a way most Tel Aviv bars aren't. Pricey but fair for the curation.,2026-04-25T17:10:25.835849+00:00
sim_tap_room,tick_sim_tap_room_94f16c2c3748,Amir Sagi,5,"24 taps, all rotating, all excellent. This is the only craft beer bar that really gets it in Tel Aviv.",2026-04-25T17:10:25.835849+00:00
sim_tap_room,tick_sim_tap_room_9b76b6f37cd2,Limor Sela,4,Serious craft beer bar. The staff can talk for hours about beer styles. Very knowledgeable.,2026-04-25T17:10:25.835849+00:00
sim_tap_room,tick_sim_tap_room_9ea1957b2796,Yonit Ziv,5,Consistent quality across every visit. The double IPA is exceptional and the staff are genuine experts.,2026-04-25T17:10:25.835849+00:00
sim_tap_room,tick_sim_tap_room_b4e86d1cbcea,Moshe Shaul,5,Raised the bar for craft beer in this city. The session IPA on tap now is brilliant.,2026-04-25T17:10:25.835849+00:00
sim_tap_room,tick_sim_tap_room_bcc0b18ac5ca,Inbal Mor,5,"The rotating list keeps me coming back weekly. Never the same beer twice, always excellent.",2026-04-25T17:10:25.835849+00:00
sim_lager_ale_tlv,tick_sim_lager_ale_tlv_bc1e82878c89,Omer Katz,5,Happy hour deals on weekdays are genuinely good. The pale ale hits different at half price.,2026-04-25T18:05:10.802745+00:00
sim_lager_ale_tlv,tick_sim_lager_ale_tlv_c0cae7550617,Yarden Cohen,5,"Came for one beer, stayed for three. The seasonal sour was outstanding.",2026-04-25T18:05:10.802745+00:00
sim_beer_garden,tick_sim_beer_garden_02bac79d6918,Tal Weiss,5,The garden brunch is an institution. Go on a Sunday morning and thank me later.,2026-04-25T18:05:27.408536+00:00
sim_beer_garden,tick_sim_beer_garden_387f5b5cf493,Shir Blum,5,Best outdoor bar in the city. We come every Sunday — the brunch + beer combo is a ritual now.,2026-04-25T18:05:27.408536+00:00
sim_beer_garden,tick_sim_beer_garden_42e8a7aa66c9,Roni Samson,4,Beautiful outdoor setting. Beer selection is mostly mainstream but the atmosphere makes up for it.,2026-04-25T18:05:27.408536+00:00
sim_beer_garden,tick_sim_beer_garden_a9e70477b46c,Dina Koren,3,Pretty place but the beer selection is limited to mainstream brands. Go for the atmosphere.,2026-04-25T18:05:27.408536+00:00
sim_tap_room,tick_sim_tap_room_29c3cfd30991,Yonit Ziv,5,Consistent quality across every visit. The double IPA is exceptional and the staff are genuine experts.,2026-04-25T18:05:40.112129+00:00
sim_tap_room,tick_sim_tap_room_2f9f5b5e6730,Pini Ben-Haim,5,For beer geeks this is paradise. Flight of four is the move for first-timers.,2026-04-25T18:05:40.112129+00:00
sim_tap_room,tick_sim_tap_room_40772984ff88,Limor Sela,4,Serious craft beer bar. The staff can talk for hours about beer styles. Very knowledgeable.,2026-04-25T18:05:40.112129+00:00
sim_tap_room,tick_sim_tap_room_55df54c28745,Dotan Peretz,5,The chalkboard tap list changes constantly. Something new every visit. The DIPA right now is extraordinary.,2026-04-25T18:05:40.112129+00:00
sim_tap_room,tick_sim_tap_room_5f124cc85b6b,Moshe Shaul,5,Raised the bar for craft beer in this city. The session IPA on tap now is brilliant.,2026-04-25T18:05:40.112129+00:00
sim_tap_room,tick_sim_tap_room_633a5b907b69,Shani Cohen,5,The barrel-aged stout they had last week was the best beer I've had in years. Staff know their stuff.,2026-04-25T18:05:40.112129+00:00
sim_tap_room,tick_sim_tap_room_8b4d8be1790c,Stav Rosen,5,"No shortcuts, just great beer and passion. This is what a craft beer bar should be.",2026-04-25T18:05:40.112129+00:00
sim_tap_room,tick_sim_tap_room_a2eaf1b1d725,Inbal Mor,5,"The rotating list keeps me coming back weekly. Never the same beer twice, always excellent.",2026-04-25T18:05:40.112129+00:00
sim_tap_room,tick_sim_tap_room_b87ddba484b4,Rafi Levi,5,If you care about craft beer this is your place. They import rare stuff you genuinely can't find elsewhere.,2026-04-25T18:05:40.112129+00:00
sim_tap_room,tick_sim_tap_room_cab962bb8105,Noam Elul,4,Love the chalkboard tap list. Something new every time. The sour this week is amazing.,2026-04-25T18:05:40.112129+00:00
sim_tap_room,tick_sim_tap_room_ce8916707470,Gad Cohen,4,Serious about craft in a way most Tel Aviv bars aren't. Pricey but fair for the curation.,2026-04-25T18:05:40.112129+00:00
sim_tap_room,tick_sim_tap_room_e82e251ce7f3,Orli Bar,5,Staff recommended a sour I would never have picked myself — it was outstanding. Real expertise here.,2026-04-25T18:05:40.112129+00:00
sim_tap_room,tick_sim_tap_room_f6f122202de1,Amir Sagi,5,"24 taps, all rotating, all excellent. This is the only craft beer bar that really gets it in Tel Aviv.",2026-04-25T18:05:40.112129+00:00
sim_lager_ale_tlv,tick_sim_lager_ale_tlv_6427151541c3,Itai Gold,4,Solid bar with real personality. The porter is my regular order. Seating gets tight by 9pm.,2026-04-25T19:26:18.145453+00:00
sim_lager_ale_tlv,tick_sim_lager_ale_tlv_8178e368e320,Omer Katz,5,Happy hour deals on weekdays are genuinely good. The pale ale hits different at half price.,2026-04-25T19:26:18.145453+00:00
sim_lager_ale_tlv,tick_sim_lager_ale_tlv_f075eb6e6729,Ofer Mizrahi,4,"Good selection, friendly staff. Slightly pricey but you're paying for curation.",2026-04-25T19:26:18.145453+00:00
sim_beer_garden,tick_sim_beer_garden_05cff6dde483,Inbal Cohen,4,Lovely garden bar. The wheat beer is refreshing and the food is better than expected.,2026-04-25T19:26:41.462095+00:00
sim_beer_garden,tick_sim_beer_garden_0fdbe0e78939,Roni Samson,4,Beautiful outdoor setting. Beer selection is mostly mainstream but the atmosphere makes up for it.,2026-04-25T19:26:41.462095+00:00
sim_beer_garden,tick_sim_beer_garden_9bf74887118d,Tal Weiss,5,The garden brunch is an institution. Go on a Sunday morning and thank me later.,2026-04-25T19:26:41.462095+00:00
sim_beer_garden,tick_sim_beer_garden_a5c04a191e47,Neta Gold,4,The garden in the evening is beautiful. Service is friendly if a little slow.,2026-04-25T19:26:41.462095+00:00
sim_beer_garden,tick_sim_beer_garden_d50b7110ab89,Dina Koren,3,Pretty place but the beer selection is limited to mainstream brands. Go for the atmosphere.,2026-04-25T19:26:41.462095+00:00
sim_beer_garden,tick_sim_beer_garden_f17874c38fa8,Nurit Ben-David,5,"Perfect for a first date — beautiful setting, relaxed pace, good drink list.",2026-04-25T19:26:41.462095+00:00
sim_tap_room,tick_sim_tap_room_134f81c6ff2f,Yonit Ziv,5,Consistent quality across every visit. The double IPA is exceptional and the staff are genuine experts.,2026-04-25T19:26:58.829369+00:00
sim_tap_room,tick_sim_tap_room_1d204712fad6,Pini Ben-Haim,5,For beer geeks this is paradise. Flight of four is the move for first-timers.,2026-04-25T19:26:58.829369+00:00
sim_tap_room,tick_sim_tap_room_26d18fbf5b03,Stav Rosen,5,"No shortcuts, just great beer and passion. This is what a craft beer bar should be.",2026-04-25T19:26:58.829369+00:00
sim_tap_room,tick_sim_tap_room_2c4b8675d5cb,Rafi Levi,5,If you care about craft beer this is your place. They import rare stuff you genuinely can't find elsewhere.,2026-04-25T19:26:58.829369+00:00
sim_tap_room,tick_sim_tap_room_2ec64f808517,Yaron Green,4,The flight of four is a great way to explore. Always discover something new here.,2026-04-25T19:26:58.829369+00:00
sim_tap_room,tick_sim_tap_room_5386a4fa0fb4,Gad Cohen,4,Serious about craft in a way most Tel Aviv bars aren't. Pricey but fair for the curation.,2026-04-25T19:26:58.829369+00:00
sim_tap_room,tick_sim_tap_room_53d2cf629a1d,Ronit Shahar,4,Great beer education — staff will help you find exactly what you're looking for.,2026-04-25T19:26:58.829369+00:00
sim_tap_room,tick_sim_tap_room_5c293c0fcadf,Dotan Peretz,5,The chalkboard tap list changes constantly. Something new every visit. The DIPA right now is extraordinary.,2026-04-25T19:26:58.829369+00:00
sim_tap_room,tick_sim_tap_room_5c6163a3b4b0,Amir Sagi,5,"24 taps, all rotating, all excellent. This is the only craft beer bar that really gets it in Tel Aviv.",2026-04-25T19:26:58.829369+00:00
sim_tap_room,tick_sim_tap_room_6b72b5d46121,Limor Sela,4,Serious craft beer bar. The staff can talk for hours about beer styles. Very knowledgeable.,2026-04-25T19:26:58.829369+00:00
sim_tap_room,tick_sim_tap_room_73ab47217f87,Orli Bar,5,Staff recommended a sour I would never have picked myself — it was outstanding. Real expertise here.,2026-04-25T19:26:58.829369+00:00
sim_tap_room,tick_sim_tap_room_7ba771b54dfa,Noam Elul,4,Love the chalkboard tap list. Something new every time. The sour this week is amazing.,2026-04-25T19:26:58.829369+00:00
sim_tap_room,tick_sim_tap_room_a0c94bfe91fa,Shani Cohen,5,The barrel-aged stout they had last week was the best beer I've had in years. Staff know their stuff.,2026-04-25T19:26:58.829369+00:00
sim_tap_room,tick_sim_tap_room_b9b3bfced40f,Moshe Shaul,5,Raised the bar for craft beer in this city. The session IPA on tap now is brilliant.,2026-04-25T19:26:58.829369+00:00
sim_tap_room,tick_sim_tap_room_e858b4586375,Tali Katz,4,Tiny bar but big on quality. Standing room only on Thursdays but worth the squeeze.,2026-04-25T19:26:58.829369+00:00
sim_tap_room,tick_sim_tap_room_e88ae9b52004,Inbal Mor,5,"The rotating list keeps me coming back weekly. Never the same beer twice, always excellent.",2026-04-25T19:26:58.829369+00:00
sim_lager_ale_tlv,tick_sim_lager_ale_tlv_2b1fd72abf2a,Dana Freed,4,"Great spot, gets crowded on weekends but the quality is consistent. Love the rotating taps.",2026-04-25T20:02:44.967973+00:00
sim_lager_ale_tlv,tick_sim_lager_ale_tlv_3c73f8436cda,Omer Katz,5,Happy hour deals on weekdays are genuinely good. The pale ale hits different at half price.,2026-04-25T20:02:44.967973+00:00
sim_lager_ale_tlv,tick_sim_lager_ale_tlv_466ba76769b5,Gal Peretz,5,My friends think I work here because I keep recommending it. The stout is life-changing.,2026-04-25T20:02:44.967973+00:00
sim_lager_ale_tlv,tick_sim_lager_ale_tlv_e5f5320f2d59,Ran Ofer,5,Outdoor seating on a warm evening with a cold craft lager. Tel Aviv at its finest.,2026-04-25T20:02:44.967973+00:00
sim_beer_garden,tick_sim_beer_garden_00082357aad5,Tal Weiss,5,The garden brunch is an institution. Go on a Sunday morning and thank me later.,2026-04-25T20:02:59.809286+00:00
sim_beer_garden,tick_sim_beer_garden_077680d4f0ba,Gadi Mor,5,"Came on a Tuesday evening — quiet, gorgeous, and the lager was perfectly cold. Love this place.",2026-04-25T20:02:59.809286+00:00
sim_beer_garden,tick_sim_beer_garden_0a3c5f9b508b,Kobi Levi,5,The cider is a hidden gem here. Garden is well maintained and vibe is just right.,2026-04-25T20:02:59.809286+00:00
sim_beer_garden,tick_sim_beer_garden_12dcc9666aeb,Yael Gross,3,Nice on a weekday. Packed and hard to find a seat on weekends.,2026-04-25T20:02:59.809286+00:00
sim_beer_garden,tick_sim_beer_garden_180c54b694ec,Amos Tzur,3,"Service is inconsistent — sometimes fast, sometimes you're waiting forever. Nice garden though.",2026-04-25T20:02:59.809286+00:00
sim_beer_garden,tick_sim_beer_garden_2625ae285cf4,Yuval Paz,5,"The garden at sunset is something else. Cold lager, fairy lights, zero stress.",2026-04-25T20:02:59.809286+00:00
sim_beer_garden,tick_sim_beer_garden_9d2e01eb4673,Dina Koren,3,Pretty place but the beer selection is limited to mainstream brands. Go for the atmosphere.,2026-04-25T20:02:59.809286+00:00
sim_tap_room,tick_sim_tap_room_0276ea0b61ea,Pini Ben-Haim,5,For beer geeks this is paradise. Flight of four is the move for first-timers.,2026-04-25T20:03:15.564212+00:00
sim_tap_room,tick_sim_tap_room_2c94e7031ddc,Tali Katz,4,Tiny bar but big on quality. Standing room only on Thursdays but worth the squeeze.,2026-04-25T20:03:15.564212+00:00
sim_tap_room,tick_sim_tap_room_4d2b7da9ca9c,Dotan Peretz,5,The chalkboard tap list changes constantly. Something new every visit. The DIPA right now is extraordinary.,2026-04-25T20:03:15.564212+00:00
sim_tap_room,tick_sim_tap_room_5e304270cc37,Ronit Shahar,4,Great beer education — staff will help you find exactly what you're looking for.,2026-04-25T20:03:15.564212+00:00
sim_tap_room,tick_sim_tap_room_75af6966b7f1,Rafi Levi,5,If you care about craft beer this is your place. They import rare stuff you genuinely can't find elsewhere.,2026-04-25T20:03:15.564212+00:00
sim_tap_room,tick_sim_tap_room_7f32358b1e9a,Inbal Mor,5,"The rotating list keeps me coming back weekly. Never the same beer twice, always excellent.",2026-04-25T20:03:15.564212+00:00
sim_tap_room,tick_sim_tap_room_80607637c5ca,Moshe Shaul,5,Raised the bar for craft beer in this city. The session IPA on tap now is brilliant.,2026-04-25T20:03:15.564212+00:00
sim_tap_room,tick_sim_tap_room_8345fb721a13,Yaron Green,4,The flight of four is a great way to explore. Always discover something new here.,2026-04-25T20:03:15.564212+00:00
sim_tap_room,tick_sim_tap_room_8bc33b131485,Noam Elul,4,Love the chalkboard tap list. Something new every time. The sour this week is amazing.,2026-04-25T20:03:15.564212+00:00
sim_tap_room,tick_sim_tap_room_9042fb20c75a,Orli Bar,5,Staff recommended a sour I would never have picked myself — it was outstanding. Real expertise here.,2026-04-25T20:03:15.564212+00:00
sim_tap_room,tick_sim_tap_room_b435ee0c5fce,Stav Rosen,5,"No shortcuts, just great beer and passion. This is what a craft beer bar should be.",2026-04-25T20:03:15.564212+00:00
sim_tap_room,tick_sim_tap_room_cc1788093a6e,Barak Levi,3,"Good selection but pricey. You're paying for the curation, which is fair, but still.",2026-04-25T20:03:15.564212+00:00
sim_tap_room,tick_sim_tap_room_e21898352016,Limor Sela,4,Serious craft beer bar. The staff can talk for hours about beer styles. Very knowledgeable.,2026-04-25T20:03:15.564212+00:00
sim_tap_room,tick_sim_tap_room_edc0f87f5108,Shani Cohen,5,The barrel-aged stout they had last week was the best beer I've had in years. Staff know their stuff.,2026-04-25T20:03:15.564212+00:00
sim_tap_room,tick_sim_tap_room_f1441cc686c4,Yonit Ziv,5,Consistent quality across every visit. The double IPA is exceptional and the staff are genuine experts.,2026-04-25T20:03:15.564212+00:00
sim_tap_room,tick_sim_tap_room_f91ebd8b4668,Amir Sagi,5,"24 taps, all rotating, all excellent. This is the only craft beer bar that really gets it in Tel Aviv.",2026-04-25T20:03:15.564212+00:00
sim_lager_ale_tlv,tick_sim_lager_ale_tlv_224913fe570e,Liron Ben-Zvi,4,Industrial design and long bar are a vibe. Service is fast even when full.,2026-04-25T21:04:53.899190+00:00
sim_lager_ale_tlv,tick_sim_lager_ale_tlv_2d64bbc2ac7d,Nadav Shapiro,4,Great discovery. The flight of four is perfect for exploring without committing to a pint.,2026-04-25T21:04:53.899190+00:00
sim_lager_ale_tlv,tick_sim_lager_ale_tlv_4d1022156a8c,Adi Ben-Shahar,5,"Quiet Monday evening, bartender talked me through six taps. Left knowing a lot more about beer.",2026-04-25T21:04:53.899190+00:00
sim_lager_ale_tlv,tick_sim_lager_ale_tlv_6590f0398a06,Omer Katz,5,Happy hour deals on weekdays are genuinely good. The pale ale hits different at half price.,2026-04-25T21:04:53.899190+00:00
sim_lager_ale_tlv,tick_sim_lager_ale_tlv_8970ff2cde5e,Ayelet Ron,4,Love the concept — always something on tap I haven't tried. Wish they did more food.,2026-04-25T21:04:53.899190+00:00
sim_lager_ale_tlv,tick_sim_lager_ale_tlv_ffb5a12163ce,Dor Avni,5,"Incredible tap list, something new every visit. The double IPA right now is world class.",2026-04-25T21:04:53.899190+00:00
sim_beer_garden,tick_sim_beer_garden_06ee98b8609a,Avi Stern,5,Magical atmosphere on a warm night. Staff are genuinely friendly and the garden is immaculate.,2026-04-25T21:05:09.554346+00:00
sim_beer_garden,tick_sim_beer_garden_1e7f3b03307b,Roni Samson,4,Beautiful outdoor setting. Beer selection is mostly mainstream but the atmosphere makes up for it.,2026-04-25T21:05:09.554346+00:00
sim_beer_garden,tick_sim_beer_garden_71530da765fe,Neta Gold,4,The garden in the evening is beautiful. Service is friendly if a little slow.,2026-04-25T21:05:09.554346+00:00
sim_beer_garden,tick_sim_beer_garden_743fd47d88d1,Kobi Levi,5,The cider is a hidden gem here. Garden is well maintained and vibe is just right.,2026-04-25T21:05:09.554346+00:00
sim_beer_garden,tick_sim_beer_garden_86cb2fb1a929,Amos Tzur,3,"Service is inconsistent — sometimes fast, sometimes you're waiting forever. Nice garden though.",2026-04-25T21:05:09.554346+00:00
sim_beer_garden,tick_sim_beer_garden_9ee5e60a0ead,Shir Blum,5,Best outdoor bar in the city. We come every Sunday — the brunch + beer combo is a ritual now.,2026-04-25T21:05:09.554346+00:00
sim_beer_garden,tick_sim_beer_garden_c774cdcf7aa8,Tal Weiss,5,The garden brunch is an institution. Go on a Sunday morning and thank me later.,2026-04-25T21:05:09.554346+00:00
sim_beer_garden,tick_sim_beer_garden_ca47b167a4ef,Inbal Cohen,4,Lovely garden bar. The wheat beer is refreshing and the food is better than expected.,2026-04-25T21:05:09.554346+00:00
sim_tap_room,tick_sim_tap_room_039d1830d59f,Michal Raz,3,The beer is great but the food menu is very limited. Come for drinks only.,2026-04-25T21:05:32.147065+00:00
sim_tap_room,tick_sim_tap_room_1a6b9ede4b93,Gad Cohen,4,Serious about craft in a way most Tel Aviv bars aren't. Pricey but fair for the curation.,2026-04-25T21:05:32.147065+00:00
sim_tap_room,tick_sim_tap_room_2784975cf4d1,Moshe Shaul,5,Raised the bar for craft beer in this city. The session IPA on tap now is brilliant.,2026-04-25T21:05:32.147065+00:00
sim_tap_room,tick_sim_tap_room_2be076e54790,Amir Sagi,5,"24 taps, all rotating, all excellent. This is the only craft beer bar that really gets it in Tel Aviv.",2026-04-25T21:05:32.147065+00:00
sim_tap_room,tick_sim_tap_room_34bf4f4adee5,Tali Katz,4,Tiny bar but big on quality. Standing room only on Thursdays but worth the squeeze.,2026-04-25T21:05:32.147065+00:00
sim_tap_room,tick_sim_tap_room_35ba9bf8f342,Noam Elul,4,Love the chalkboard tap list. Something new every time. The sour this week is amazing.,2026-04-25T21:05:32.147065+00:00
sim_tap_room,tick_sim_tap_room_3a4d8a9c8564,Orli Bar,5,Staff recommended a sour I would never have picked myself — it was outstanding. Real expertise here.,2026-04-25T21:05:32.147065+00:00
sim_tap_room,tick_sim_tap_room_6da99c4fc2f5,Stav Rosen,5,"No shortcuts, just great beer and passion. This is what a craft beer bar should be.",2026-04-25T21:05:32.147065+00:00
sim_tap_room,tick_sim_tap_room_7663448acdb8,Limor Sela,4,Serious craft beer bar. The staff can talk for hours about beer styles. Very knowledgeable.,2026-04-25T21:05:32.147065+00:00
sim_tap_room,tick_sim_tap_room_ac7384067bc9,Rafi Levi,5,If you care about craft beer this is your place. They import rare stuff you genuinely can't find elsewhere.,2026-04-25T21:05:32.147065+00:00
sim_tap_room,tick_sim_tap_room_b78593f65281,Shani Cohen,5,The barrel-aged stout they had last week was the best beer I've had in years. Staff know their stuff.,2026-04-25T21:05:32.147065+00:00
sim_tap_room,tick_sim_tap_room_c1dc0dfcd1d3,Ronit Shahar,4,Great beer education — staff will help you find exactly what you're looking for.,2026-04-25T21:05:32.147065+00:00
sim_tap_room,tick_sim_tap_room_cc9a4a0595d0,Yaron Green,4,The flight of four is a great way to explore. Always discover something new here.,2026-04-25T21:05:32.147065+00:00
sim_tap_room,tick_sim_tap_room_e238e42ce7a7,Inbal Mor,5,"The rotating list keeps me coming back weekly. Never the same beer twice, always excellent.",2026-04-25T21:05:32.147065+00:00
sim_tap_room,tick_sim_tap_room_e365e72bd238,Yonit Ziv,5,Consistent quality across every visit. The double IPA is exceptional and the staff are genuine experts.,2026-04-25T21:05:32.147065+00:00
sim_tap_room,tick_sim_tap_room_e7542a67d6d9,Pini Ben-Haim,5,For beer geeks this is paradise. Flight of four is the move for first-timers.,2026-04-25T21:05:32.147065+00:00
sim_tap_room,tick_sim_tap_room_feca48a340c1,Dotan Peretz,5,The chalkboard tap list changes constantly. Something new every visit. The DIPA right now is extraordinary.,2026-04-25T21:05:32.147065+00:00
sim_lager_ale_tlv,tick_sim_lager_ale_tlv_4988b192dd82,Nadav Shapiro,4,Great discovery. The flight of four is perfect for exploring without committing to a pint.,2026-04-25T22:01:45.879916+00:00
sim_lager_ale_tlv,tick_sim_lager_ale_tlv_6726f7909637,Itai Gold,4,Solid bar with real personality. The porter is my regular order. Seating gets tight by 9pm.,2026-04-25T22:01:45.879916+00:00
sim_lager_ale_tlv,tick_sim_lager_ale_tlv_725ff9cc2539,Liron Ben-Zvi,4,Industrial design and long bar are a vibe. Service is fast even when full.,2026-04-25T22:01:45.879916+00:00
sim_lager_ale_tlv,tick_sim_lager_ale_tlv_9175e8460ea6,Dana Freed,4,"Great spot, gets crowded on weekends but the quality is consistent. Love the rotating taps.",2026-04-25T22:01:45.879916+00:00
sim_lager_ale_tlv,tick_sim_lager_ale_tlv_a08d455d5494,Yarden Cohen,5,"Came for one beer, stayed for three. The seasonal sour was outstanding.",2026-04-25T22:01:45.879916+00:00
sim_lager_ale_tlv,tick_sim_lager_ale_tlv_a572e3f76ce5,Tamar Levy,5,The cheese board and the Belgian wheat are a match made in heaven. Flawless experience.,2026-04-25T22:01:45.879916+00:00
sim_lager_ale_tlv,tick_sim_lager_ale_tlv_d9871c8e4050,Ofer Mizrahi,4,"Good selection, friendly staff. Slightly pricey but you're paying for curation.",2026-04-25T22:01:45.879916+00:00
sim_lager_ale_tlv,tick_sim_lager_ale_tlv_de4f43b74943,Ran Ofer,5,Outdoor seating on a warm evening with a cold craft lager. Tel Aviv at its finest.,2026-04-25T22:01:45.879916+00:00
sim_lager_ale_tlv,tick_sim_lager_ale_tlv_e890ad2b6a6a,Noa Eitan,5,"Best bar on Rothschild, no contest. Knowledgeable staff and rotating craft options.",2026-04-25T22:01:45.879916+00:00
sim_beer_garden,tick_sim_beer_garden_113b550a527a,Shir Blum,5,Best outdoor bar in the city. We come every Sunday — the brunch + beer combo is a ritual now.,2026-04-25T22:02:00.668793+00:00
sim_beer_garden,tick_sim_beer_garden_2631f7c05d4e,Yuval Paz,5,"The garden at sunset is something else. Cold lager, fairy lights, zero stress.",2026-04-25T22:02:00.668793+00:00
sim_beer_garden,tick_sim_beer_garden_385f72e87dfb,Inbal Cohen,4,Lovely garden bar. The wheat beer is refreshing and the food is better than expected.,2026-04-25T22:02:00.668793+00:00
sim_beer_garden,tick_sim_beer_garden_5a439296b00a,Limor Raz,4,Solid neighborhood bar elevated by the outdoor area. The burger + pale ale is the combo.,2026-04-25T22:02:00.668793+00:00
sim_beer_garden,tick_sim_beer_garden_6d5f7f711d4c,Yossi Katz,4,Great for groups — big tables and the staff handles crowds well. Wish the tap list were wider.,2026-04-25T22:02:00.668793+00:00
sim_beer_garden,tick_sim_beer_garden_c73b3f006b59,Hila Ohayon,5,"Took my team here for a celebration. Big tables, great service, everyone was happy.",2026-04-25T22:02:00.668793+00:00
sim_beer_garden,tick_sim_beer_garden_cfef745b9719,Tal Weiss,5,The garden brunch is an institution. Go on a Sunday morning and thank me later.,2026-04-25T22:02:00.668793+00:00
sim_beer_garden,tick_sim_beer_garden_fbdd3d8cf650,Kobi Levi,5,The cider is a hidden gem here. Garden is well maintained and vibe is just right.,2026-04-25T22:02:00.668793+00:00
sim_beer_garden,tick_sim_beer_garden_feb16bc2889c,Nurit Ben-David,5,"Perfect for a first date — beautiful setting, relaxed pace, good drink list.",2026-04-25T22:02:00.668793+00:00
sim_tap_room,tick_sim_tap_room_0e822756b605,Yonit Ziv,5,Consistent quality across every visit. The double IPA is exceptional and the staff are genuine experts.,2026-04-25T22:02:15.822187+00:00
sim_tap_room,tick_sim_tap_room_108e2e209bee,Limor Sela,4,Serious craft beer bar. The staff can talk for hours about beer styles. Very knowledgeable.,2026-04-25T22:02:15.822187+00:00
sim_tap_room,tick_sim_tap_room_2176c73b5c79,Dotan Peretz,5,The chalkboard tap list changes constantly. Something new every visit. The DIPA right now is extraordinary.,2026-04-25T22:02:15.822187+00:00
sim_tap_room,tick_sim_tap_room_2d8b62c1d1cf,Amir Sagi,5,"24 taps, all rotating, all excellent. This is the only craft beer bar that really gets it in Tel Aviv.",2026-04-25T22:02:15.822187+00:00
sim_tap_room,tick_sim_tap_room_2e3ec636b89c,Ronit Shahar,4,Great beer education — staff will help you find exactly what you're looking for.,2026-04-25T22:02:15.822187+00:00
sim_tap_room,tick_sim_tap_room_30ec3d34d0cf,Orli Bar,5,Staff recommended a sour I would never have picked myself — it was outstanding. Real expertise here.,2026-04-25T22:02:15.822187+00:00
sim_tap_room,tick_sim_tap_room_3436198345a8,Anat Friedman,3,The beer is excellent but the bar is small and cramped. Hard to get a seat on weekends.,2026-04-25T22:02:15.822187+00:00
sim_tap_room,tick_sim_tap_room_48cfdf5da511,Stav Rosen,5,"No shortcuts, just great beer and passion. This is what a craft beer bar should be.",2026-04-25T22:02:15.822187+00:00
sim_tap_room,tick_sim_tap_room_492eee385e78,Yaron Green,4,The flight of four is a great way to explore. Always discover something new here.,2026-04-25T22:02:15.822187+00:00
sim_tap_room,tick_sim_tap_room_4b0100f9eb4e,Moshe Shaul,5,Raised the bar for craft beer in this city. The session IPA on tap now is brilliant.,2026-04-25T22:02:15.822187+00:00
sim_tap_room,tick_sim_tap_room_5803c51885c6,Tali Katz,4,Tiny bar but big on quality. Standing room only on Thursdays but worth the squeeze.,2026-04-25T22:02:15.822187+00:00
sim_tap_room,tick_sim_tap_room_8d18a9325fe7,Shani Cohen,5,The barrel-aged stout they had last week was the best beer I've had in years. Staff know their stuff.,2026-04-25T22:02:15.822187+00:00
sim_tap_room,tick_sim_tap_room_926c3da01ae4,Gad Cohen,4,Serious about craft in a way most Tel Aviv bars aren't. Pricey but fair for the curation.,2026-04-25T22:02:15.822187+00:00
sim_tap_room,tick_sim_tap_room_bdd8cc15273b,Inbal Mor,5,"The rotating list keeps me coming back weekly. Never the same beer twice, always excellent.",2026-04-25T22:02:15.822187+00:00
sim_tap_room,tick_sim_tap_room_d4b09e70f71c,Pini Ben-Haim,5,For beer geeks this is paradise. Flight of four is the move for first-timers.,2026-04-25T22:02:15.822187+00:00
sim_tap_room,tick_sim_tap_room_f4a7a16b1435,Noam Elul,4,Love the chalkboard tap list. Something new every time. The sour this week is amazing.,2026-04-25T22:02:15.822187+00:00
sim_tap_room,tick_sim_tap_room_f99a15dd8017,Rafi Levi,5,If you care about craft beer this is your place. They import rare stuff you genuinely can't find elsewhere.,2026-04-25T22:02:15.822187+00:00
sim_lager_ale_tlv,tick_sim_lager_ale_tlv_19d569a0b896,Dana Freed,4,"Great spot, gets crowded on weekends but the quality is consistent. Love the rotating taps.",2026-04-25T23:05:43.872111+00:00
sim_lager_ale_tlv,tick_sim_lager_ale_tlv_270714f41e21,Dor Avni,5,"Incredible tap list, something new every visit. The double IPA right now is world class.",2026-04-25T23:05:43.872111+00:00
sim_lager_ale_tlv,tick_sim_lager_ale_tlv_276d65d6c7b7,Liron Ben-Zvi,4,Industrial design and long bar are a vibe. Service is fast even when full.,2026-04-25T23:05:43.872111+00:00
sim_lager_ale_tlv,tick_sim_lager_ale_tlv_2cc9e255116d,Noa Eitan,5,"Best bar on Rothschild, no contest. Knowledgeable staff and rotating craft options.",2026-04-25T23:05:43.872111+00:00
sim_lager_ale_tlv,tick_sim_lager_ale_tlv_468ea68b832d,Itai Gold,4,Solid bar with real personality. The porter is my regular order. Seating gets tight by 9pm.,2026-04-25T23:05:43.872111+00:00
sim_lager_ale_tlv,tick_sim_lager_ale_tlv_5b1af79e3de6,Tali Sela,3,Nice place but quite loud. Hard to hold a conversation at peak hours.,2026-04-25T23:05:43.872111+00:00
sim_lager_ale_tlv,tick_sim_lager_ale_tlv_6e1b9b522d9c,Shai Biton,5,Live jazz on Friday + that porter = perfect evening. Will return weekly.,2026-04-25T23:05:43.872111+00:00
sim_lager_ale_tlv,tick_sim_lager_ale_tlv_ac4ffa09425a,Ofer Mizrahi,4,"Good selection, friendly staff. Slightly pricey but you're paying for curation.",2026-04-25T23:05:43.872111+00:00
sim_lager_ale_tlv,tick_sim_lager_ale_tlv_d0bd2f1b8883,Nadav Shapiro,4,Great discovery. The flight of four is perfect for exploring without committing to a pint.,2026-04-25T23:05:43.872111+00:00
sim_lager_ale_tlv,tick_sim_lager_ale_tlv_e9d70f0baca7,Yarden Cohen,5,"Came for one beer, stayed for three. The seasonal sour was outstanding.",2026-04-25T23:05:43.872111+00:00
sim_lager_ale_tlv,tick_sim_lager_ale_tlv_f594280a0bca,Gal Peretz,5,My friends think I work here because I keep recommending it. The stout is life-changing.,2026-04-25T23:05:43.872111+00:00
sim_lager_ale_tlv,tick_sim_lager_ale_tlv_ffe705bfd482,Ayelet Ron,4,Love the concept — always something on tap I haven't tried. Wish they did more food.,2026-04-25T23:05:43.872111+00:00
sim_beer_garden,tick_sim_beer_garden_087987449e4a,Tal Weiss,5,The garden brunch is an institution. Go on a Sunday morning and thank me later.,2026-04-25T23:05:59.465147+00:00
sim_beer_garden,tick_sim_beer_garden_32d67d7f779d,Limor Raz,4,Solid neighborhood bar elevated by the outdoor area. The burger + pale ale is the combo.,2026-04-25T23:05:59.465147+00:00
sim_beer_garden,tick_sim_beer_garden_45c142f1c434,Gadi Mor,5,"Came on a Tuesday evening — quiet, gorgeous, and the lager was perfectly cold. Love this place.",2026-04-25T23:05:59.465147+00:00
sim_beer_garden,tick_sim_beer_garden_856117d83ceb,Yossi Katz,4,Great for groups — big tables and the staff handles crowds well. Wish the tap list were wider.,2026-04-25T23:05:59.465147+00:00
sim_beer_garden,tick_sim_beer_garden_9dc2a914276e,Yuval Paz,5,"The garden at sunset is something else. Cold lager, fairy lights, zero stress.",2026-04-25T23:05:59.465147+00:00
sim_beer_garden,tick_sim_beer_garden_b750a72db268,Shir Blum,5,Best outdoor bar in the city. We come every Sunday — the brunch + beer combo is a ritual now.,2026-04-25T23:05:59.465147+00:00
sim_beer_garden,tick_sim_beer_garden_c310edda6dd3,Hila Ohayon,5,"Took my team here for a celebration. Big tables, great service, everyone was happy.",2026-04-25T23:05:59.465147+00:00
sim_beer_garden,tick_sim_beer_garden_d2ac6e32db11,Nurit Ben-David,5,"Perfect for a first date — beautiful setting, relaxed pace, good drink list.",2026-04-25T23:05:59.465147+00:00
sim_beer_garden,tick_sim_beer_garden_d3db854523dc,Avi Stern,5,Magical atmosphere on a warm night. Staff are genuinely friendly and the garden is immaculate.,2026-04-25T23:05:59.465147+00:00
sim_beer_garden,tick_sim_beer_garden_e93e5c5a14f6,Kobi Levi,5,The cider is a hidden gem here. Garden is well maintained and vibe is just right.,2026-04-25T23:05:59.465147+00:00
sim_tap_room,tick_sim_tap_room_108aaa1cd8e4,Gad Cohen,4,Serious about craft in a way most Tel Aviv bars aren't. Pricey but fair for the curation.,2026-04-25T23:06:15.197126+00:00
sim_tap_room,tick_sim_tap_room_18ea2e757cf1,Stav Rosen,5,"No shortcuts, just great beer and passion. This is what a craft beer bar should be.",2026-04-25T23:06:15.197126+00:00
sim_tap_room,tick_sim_tap_room_1d5eeebfca45,Pini Ben-Haim,5,For beer geeks this is paradise. Flight of four is the move for first-timers.,2026-04-25T23:06:15.197126+00:00
sim_tap_room,tick_sim_tap_room_2a82cf7a114f,Inbal Mor,5,"The rotating list keeps me coming back weekly. Never the same beer twice, always excellent.",2026-04-25T23:06:15.197126+00:00
sim_tap_room,tick_sim_tap_room_4586d6d84a00,Tali Katz,4,Tiny bar but big on quality. Standing room only on Thursdays but worth the squeeze.,2026-04-25T23:06:15.197126+00:00
sim_tap_room,tick_sim_tap_room_50693cae8ed4,Limor Sela,4,Serious craft beer bar. The staff can talk for hours about beer styles. Very knowledgeable.,2026-04-25T23:06:15.197126+00:00
sim_tap_room,tick_sim_tap_room_55ec0dbe7ecd,Rafi Levi,5,If you care about craft beer this is your place. They import rare stuff you genuinely can't find elsewhere.,2026-04-25T23:06:15.197126+00:00
sim_tap_room,tick_sim_tap_room_71c5707958b8,Omer Klein,3,"Amazing tap list, claustrophobic space. Hard to relax when you're shoulder to shoulder.",2026-04-25T23:06:15.197126+00:00
sim_tap_room,tick_sim_tap_room_83f8a3fc28ff,Yaron Green,4,The flight of four is a great way to explore. Always discover something new here.,2026-04-25T23:06:15.197126+00:00
sim_tap_room,tick_sim_tap_room_8fada839f488,Noam Elul,4,Love the chalkboard tap list. Something new every time. The sour this week is amazing.,2026-04-25T23:06:15.197126+00:00
sim_tap_room,tick_sim_tap_room_98f0e6f87a63,Moshe Shaul,5,Raised the bar for craft beer in this city. The session IPA on tap now is brilliant.,2026-04-25T23:06:15.197126+00:00
sim_tap_room,tick_sim_tap_room_9e3a1738b348,Shani Cohen,5,The barrel-aged stout they had last week was the best beer I've had in years. Staff know their stuff.,2026-04-25T23:06:15.197126+00:00
sim_tap_room,tick_sim_tap_room_a0698965b3e6,Yonit Ziv,5,Consistent quality across every visit. The double IPA is exceptional and the staff are genuine experts.,2026-04-25T23:06:15.197126+00:00
sim_tap_room,tick_sim_tap_room_d51ee675a848,Ronit Shahar,4,Great beer education — staff will help you find exactly what you're looking for.,2026-04-25T23:06:15.197126+00:00
sim_tap_room,tick_sim_tap_room_ee2f384bf5ae,Dotan Peretz,5,The chalkboard tap list changes constantly. Something new every visit. The DIPA right now is extraordinary.,2026-04-25T23:06:15.197126+00:00
sim_tap_room,tick_sim_tap_room_fdab953ad788,Orli Bar,5,Staff recommended a sour I would never have picked myself — it was outstanding. Real expertise here.,2026-04-25T23:06:15.197126+00:00
sim_tap_room,tick_sim_tap_room_fdba2c0d4408,Amir Sagi,5,"24 taps, all rotating, all excellent. This is the only craft beer bar that really gets it in Tel Aviv.",2026-04-25T23:06:15.197126+00:00
sim_lager_ale_tlv,tick_sim_lager_ale_tlv_7028d3e828dd,Adi Ben-Shahar,5,"Quiet Monday evening, bartender talked me through six taps. Left knowing a lot more about beer.",2026-04-26T00:03:20.286333+00:00
sim_lager_ale_tlv,tick_sim_lager_ale_tlv_769bd47f0185,Itai Gold,4,Solid bar with real personality. The porter is my regular order. Seating gets tight by 9pm.,2026-04-26T00:03:20.286333+00:00
sim_lager_ale_tlv,tick_sim_lager_ale_tlv_8028511d1f3d,Ayelet Ron,4,Love the concept — always something on tap I haven't tried. Wish they did more food.,2026-04-26T00:03:20.286333+00:00
sim_lager_ale_tlv,tick_sim_lager_ale_tlv_80372e457de3,Nadav Shapiro,4,Great discovery. The flight of four is perfect for exploring without committing to a pint.,2026-04-26T00:03:20.286333+00:00
sim_lager_ale_tlv,tick_sim_lager_ale_tlv_b7d7475a288b,Yarden Cohen,5,"Came for one beer, stayed for three. The seasonal sour was outstanding.",2026-04-26T00:03:20.286333+00:00
sim_lager_ale_tlv,tick_sim_lager_ale_tlv_d7d0156bb97a,Gal Peretz,5,My friends think I work here because I keep recommending it. The stout is life-changing.,2026-04-26T00:03:20.286333+00:00
sim_beer_garden,tick_sim_beer_garden_0bb8fb9e860a,Amos Tzur,3,"Service is inconsistent — sometimes fast, sometimes you're waiting forever. Nice garden though.",2026-04-26T00:03:39.572354+00:00
sim_beer_garden,tick_sim_beer_garden_2588365288ab,Avi Stern,5,Magical atmosphere on a warm night. Staff are genuinely friendly and the garden is immaculate.,2026-04-26T00:03:39.572354+00:00
sim_beer_garden,tick_sim_beer_garden_560c3a0bb58d,Hila Ohayon,5,"Took my team here for a celebration. Big tables, great service, everyone was happy.",2026-04-26T00:03:39.572354+00:00
sim_beer_garden,tick_sim_beer_garden_7b0dcbcd88b4,Tal Weiss,5,The garden brunch is an institution. Go on a Sunday morning and thank me later.,2026-04-26T00:03:39.572354+00:00
sim_beer_garden,tick_sim_beer_garden_c27b6c3d3073,Gadi Mor,5,"Came on a Tuesday evening — quiet, gorgeous, and the lager was perfectly cold. Love this place.",2026-04-26T00:03:39.572354+00:00
sim_beer_garden,tick_sim_beer_garden_c78b03521dc2,Yuval Paz,5,"The garden at sunset is something else. Cold lager, fairy lights, zero stress.",2026-04-26T00:03:39.572354+00:00
sim_tap_room,tick_sim_tap_room_369b4e89a438,Yaron Green,4,The flight of four is a great way to explore. Always discover something new here.,2026-04-26T00:03:54.106668+00:00
sim_tap_room,tick_sim_tap_room_3876976c8122,Ronit Shahar,4,Great beer education — staff will help you find exactly what you're looking for.,2026-04-26T00:03:54.106668+00:00
sim_tap_room,tick_sim_tap_room_8f6f51a43386,Anat Friedman,3,The beer is excellent but the bar is small and cramped. Hard to get a seat on weekends.,2026-04-26T00:03:54.106668+00:00
sim_tap_room,tick_sim_tap_room_99e850bb5a1a,Amir Sagi,5,"24 taps, all rotating, all excellent. This is the only craft beer bar that really gets it in Tel Aviv.",2026-04-26T00:03:54.106668+00:00
sim_tap_room,tick_sim_tap_room_cde9a553464b,Dotan Peretz,5,The chalkboard tap list changes constantly. Something new every visit. The DIPA right now is extraordinary.,2026-04-26T00:03:54.106668+00:00
sim_tap_room,tick_sim_tap_room_ce8c504288b4,Gad Cohen,4,Serious about craft in a way most Tel Aviv bars aren't. Pricey but fair for the curation.,2026-04-26T00:03:54.106668+00:00
sim_tap_room,tick_sim_tap_room_e6ea97ee8a32,Yonit Ziv,5,Consistent quality across every visit. The double IPA is exceptional and the staff are genuine experts.,2026-04-26T00:03:54.106668+00:00
sim_lager_ale_tlv,tick_sim_lager_ale_tlv_1a50832fe790,Omer Katz,5,Happy hour deals on weekdays are genuinely good. The pale ale hits different at half price.,2026-04-26T04:02:21.151003+00:00
sim_lager_ale_tlv,tick_sim_lager_ale_tlv_574e631bdf3e,Dana Freed,4,"Great spot, gets crowded on weekends but the quality is consistent. Love the rotating taps.",2026-04-26T04:02:21.151003+00:00
sim_lager_ale_tlv,tick_sim_lager_ale_tlv_8f235e6268c6,Shai Biton,5,Live jazz on Friday + that porter = perfect evening. Will return weekly.,2026-04-26T04:02:21.151003+00:00
sim_lager_ale_tlv,tick_sim_lager_ale_tlv_a1362b36ec91,Nadav Shapiro,4,Great discovery. The flight of four is perfect for exploring without committing to a pint.,2026-04-26T04:02:21.151003+00:00
sim_lager_ale_tlv,tick_sim_lager_ale_tlv_ad3c19b27394,Gal Peretz,5,My friends think I work here because I keep recommending it. The stout is life-changing.,2026-04-26T04:02:21.151003+00:00
sim_lager_ale_tlv,tick_sim_lager_ale_tlv_c35f97185b4a,Tamar Levy,5,The cheese board and the Belgian wheat are a match made in heaven. Flawless experience.,2026-04-26T04:02:21.151003+00:00
sim_lager_ale_tlv,tick_sim_lager_ale_tlv_c8bbd2ea3293,Michal Saar,5,"The sampler board is the move for a first visit. Five styles, all excellent, good value.",2026-04-26T04:02:21.151003+00:00
sim_lager_ale_tlv,tick_sim_lager_ale_tlv_db479bb398cc,Yarden Cohen,5,"Came for one beer, stayed for three. The seasonal sour was outstanding.",2026-04-26T04:02:21.151003+00:00
sim_lager_ale_tlv,tick_sim_lager_ale_tlv_df420fb580ae,Adi Ben-Shahar,5,"Quiet Monday evening, bartender talked me through six taps. Left knowing a lot more about beer.",2026-04-26T04:02:21.151003+00:00
sim_lager_ale_tlv,tick_sim_lager_ale_tlv_f52085fccf2e,Dor Avni,5,"Incredible tap list, something new every visit. The double IPA right now is world class.",2026-04-26T04:02:21.151003+00:00
sim_beer_garden,tick_sim_beer_garden_0654d9e2cfa7,Yael Gross,3,Nice on a weekday. Packed and hard to find a seat on weekends.,2026-04-26T04:02:41.263485+00:00
sim_beer_garden,tick_sim_beer_garden_13e5b622755f,Nurit Ben-David,5,"Perfect for a first date — beautiful setting, relaxed pace, good drink list.",2026-04-26T04:02:41.263485+00:00
sim_beer_garden,tick_sim_beer_garden_588f11abac72,Kobi Levi,5,The cider is a hidden gem here. Garden is well maintained and vibe is just right.,2026-04-26T04:02:41.263485+00:00
sim_beer_garden,tick_sim_beer_garden_7fe0100a87fb,Inbal Cohen,4,Lovely garden bar. The wheat beer is refreshing and the food is better than expected.,2026-04-26T04:02:41.263485+00:00
sim_beer_garden,tick_sim_beer_garden_bcc1b2c750a3,Roni Samson,4,Beautiful outdoor setting. Beer selection is mostly mainstream but the atmosphere makes up for it.,2026-04-26T04:02:41.263485+00:00
sim_beer_garden,tick_sim_beer_garden_f063128adde4,Limor Raz,4,Solid neighborhood bar elevated by the outdoor area. The burger + pale ale is the combo.,2026-04-26T04:02:41.263485+00:00
sim_tap_room,tick_sim_tap_room_6e9e8a6c5257,Noam Elul,4,Love the chalkboard tap list. Something new every time. The sour this week is amazing.,2026-04-26T04:02:56.851250+00:00
sim_tap_room,tick_sim_tap_room_81390ba1b387,Moshe Shaul,5,Raised the bar for craft beer in this city. The session IPA on tap now is brilliant.,2026-04-26T04:02:56.851250+00:00
sim_tap_room,tick_sim_tap_room_8e20b0ffd4b6,Gad Cohen,4,Serious about craft in a way most Tel Aviv bars aren't. Pricey but fair for the curation.,2026-04-26T04:02:56.851250+00:00
sim_tap_room,tick_sim_tap_room_e34618ce0152,Yaron Green,4,The flight of four is a great way to explore. Always discover something new here.,2026-04-26T04:02:56.851250+00:00
sim_lager_ale_tlv,tick_sim_lager_ale_tlv_0c15520a5ca4,Ran Ofer,5,Outdoor seating on a warm evening with a cold craft lager. Tel Aviv at its finest.,2026-04-26T06:24:08.546095+00:00
sim_lager_ale_tlv,tick_sim_lager_ale_tlv_4b1494a6db08,Dana Freed,4,"Great spot, gets crowded on weekends but the quality is consistent. Love the rotating taps.",2026-04-26T06:24:08.546095+00:00
sim_lager_ale_tlv,tick_sim_lager_ale_tlv_507be80acf41,Shai Biton,5,Live jazz on Friday + that porter = perfect evening. Will return weekly.,2026-04-26T06:24:08.546095+00:00
sim_lager_ale_tlv,tick_sim_lager_ale_tlv_5929fbd2e8fb,Dor Avni,5,"Incredible tap list, something new every visit. The double IPA right now is world class.",2026-04-26T06:24:08.546095+00:00
sim_lager_ale_tlv,tick_sim_lager_ale_tlv_596bb21e16fd,Adi Ben-Shahar,5,"Quiet Monday evening, bartender talked me through six taps. Left knowing a lot more about beer.",2026-04-26T06:24:08.546095+00:00
sim_lager_ale_tlv,tick_sim_lager_ale_tlv_5f2fbc180c74,Michal Saar,5,"The sampler board is the move for a first visit. Five styles, all excellent, good value.",2026-04-26T06:24:08.546095+00:00
sim_lager_ale_tlv,tick_sim_lager_ale_tlv_7a63178b96a1,Noa Eitan,5,"Best bar on Rothschild, no contest. Knowledgeable staff and rotating craft options.",2026-04-26T06:24:08.546095+00:00
sim_lager_ale_tlv,tick_sim_lager_ale_tlv_8bc9109a17f1,Yarden Cohen,5,"Came for one beer, stayed for three. The seasonal sour was outstanding.",2026-04-26T06:24:08.546095+00:00
sim_lager_ale_tlv,tick_sim_lager_ale_tlv_962a7845e514,Gal Peretz,5,My friends think I work here because I keep recommending it. The stout is life-changing.,2026-04-26T06:24:08.546095+00:00
sim_lager_ale_tlv,tick_sim_lager_ale_tlv_c018f0c49496,Omer Katz,5,Happy hour deals on weekdays are genuinely good. The pale ale hits different at half price.,2026-04-26T06:24:08.546095+00:00
sim_lager_ale_tlv,tick_sim_lager_ale_tlv_d4a762752b4a,Tamar Levy,5,The cheese board and the Belgian wheat are a match made in heaven. Flawless experience.,2026-04-26T06:24:08.546095+00:00
sim_beer_garden,tick_sim_beer_garden_6f81ca99bcac,Gadi Mor,5,"Came on a Tuesday evening — quiet, gorgeous, and the lager was perfectly cold. Love this place.",2026-04-26T06:24:24.224320+00:00
sim_beer_garden,tick_sim_beer_garden_d3396736323e,Kobi Levi,5,The cider is a hidden gem here. Garden is well maintained and vibe is just right.,2026-04-26T06:24:24.224320+00:00
sim_beer_garden,tick_sim_beer_garden_f204fce7e7f6,Roni Samson,4,Beautiful outdoor setting. Beer selection is mostly mainstream but the atmosphere makes up for it.,2026-04-26T06:24:24.224320+00:00
sim_beer_garden,tick_sim_beer_garden_f4aba949c3ab,Nurit Ben-David,5,"Perfect for a first date — beautiful setting, relaxed pace, good drink list.",2026-04-26T06:24:24.224320+00:00
sim_tap_room,tick_sim_tap_room_1a1153e00a93,Shani Cohen,5,The barrel-aged stout they had last week was the best beer I've had in years. Staff know their stuff.,2026-04-26T06:24:39.051278+00:00
sim_tap_room,tick_sim_tap_room_698ded3105dd,Yaron Green,4,The flight of four is a great way to explore. Always discover something new here.,2026-04-26T06:24:39.051278+00:00
sim_lager_ale_tlv,tick_sim_lager_ale_tlv_147b14f5394c,Gal Peretz,5,My friends think I work here because I keep recommending it. The stout is life-changing.,2026-04-26T08:01:58.076557+00:00
sim_lager_ale_tlv,tick_sim_lager_ale_tlv_3b63e977abe0,Nadav Shapiro,4,Great discovery. The flight of four is perfect for exploring without committing to a pint.,2026-04-26T08:01:58.076557+00:00
sim_lager_ale_tlv,tick_sim_lager_ale_tlv_4c488f9ab7c1,Michal Saar,5,"The sampler board is the move for a first visit. Five styles, all excellent, good value.",2026-04-26T08:01:58.076557+00:00
sim_lager_ale_tlv,tick_sim_lager_ale_tlv_55b1718024b2,Adi Ben-Shahar,5,"Quiet Monday evening, bartender talked me through six taps. Left knowing a lot more about beer.",2026-04-26T08:01:58.076557+00:00
sim_lager_ale_tlv,tick_sim_lager_ale_tlv_5b109b9e5f2f,Liron Ben-Zvi,4,Industrial design and long bar are a vibe. Service is fast even when full.,2026-04-26T08:01:58.076557+00:00
sim_lager_ale_tlv,tick_sim_lager_ale_tlv_a099a5b04eac,Omer Katz,5,Happy hour deals on weekdays are genuinely good. The pale ale hits different at half price.,2026-04-26T08:01:58.076557+00:00
sim_lager_ale_tlv,tick_sim_lager_ale_tlv_bc4e90006043,Noa Eitan,5,"Best bar on Rothschild, no contest. Knowledgeable staff and rotating craft options.",2026-04-26T08:01:58.076557+00:00
sim_lager_ale_tlv,tick_sim_lager_ale_tlv_ca2bb1cd9261,Ofer Mizrahi,4,"Good selection, friendly staff. Slightly pricey but you're paying for curation.",2026-04-26T08:01:58.076557+00:00
sim_lager_ale_tlv,tick_sim_lager_ale_tlv_e69f63b7dd10,Shai Biton,5,Live jazz on Friday + that porter = perfect evening. Will return weekly.,2026-04-26T08:01:58.076557+00:00
sim_lager_ale_tlv,tick_sim_lager_ale_tlv_ecec60245222,Yarden Cohen,5,"Came for one beer, stayed for three. The seasonal sour was outstanding.",2026-04-26T08:01:58.076557+00:00
sim_beer_garden,tick_sim_beer_garden_7810411e27f9,Tal Weiss,5,The garden brunch is an institution. Go on a Sunday morning and thank me later.,2026-04-26T08:02:17.501705+00:00
sim_beer_garden,tick_sim_beer_garden_9daeb35fbc2b,Kobi Levi,5,The cider is a hidden gem here. Garden is well maintained and vibe is just right.,2026-04-26T08:02:17.501705+00:00
sim_beer_garden,tick_sim_beer_garden_e9679d463f96,Hila Ohayon,5,"Took my team here for a celebration. Big tables, great service, everyone was happy.",2026-04-26T08:02:17.501705+00:00
sim_tap_room,tick_sim_tap_room_441fa494fe58,Amir Sagi,5,"24 taps, all rotating, all excellent. This is the only craft beer bar that really gets it in Tel Aviv.",2026-04-26T08:02:32.965569+00:00
sim_lager_ale_tlv,tick_sim_lager_ale_tlv_20012e3da6ee,Ayelet Ron,4,Love the concept — always something on tap I haven't tried. Wish they did more food.,2026-04-26T09:30:29.391338+00:00
sim_lager_ale_tlv,tick_sim_lager_ale_tlv_21997418455e,Itai Gold,4,Solid bar with real personality. The porter is my regular order. Seating gets tight by 9pm.,2026-04-26T09:30:29.391338+00:00
sim_lager_ale_tlv,tick_sim_lager_ale_tlv_23d9e9a113d5,Michal Saar,5,"The sampler board is the move for a first visit. Five styles, all excellent, good value.",2026-04-26T09:30:29.391338+00:00
sim_lager_ale_tlv,tick_sim_lager_ale_tlv_2e376d310357,Adi Ben-Shahar,5,"Quiet Monday evening, bartender talked me through six taps. Left knowing a lot more about beer.",2026-04-26T09:30:29.391338+00:00
sim_lager_ale_tlv,tick_sim_lager_ale_tlv_78b4d92da396,Yarden Cohen,5,"Came for one beer, stayed for three. The seasonal sour was outstanding.",2026-04-26T09:30:29.391338+00:00
sim_lager_ale_tlv,tick_sim_lager_ale_tlv_b7a2b4e0ac26,Dor Avni,5,"Incredible tap list, something new every visit. The double IPA right now is world class.",2026-04-26T09:30:29.391338+00:00
sim_lager_ale_tlv,tick_sim_lager_ale_tlv_c06c4a856400,Shai Biton,5,Live jazz on Friday + that porter = perfect evening. Will return weekly.,2026-04-26T09:30:29.391338+00:00
sim_lager_ale_tlv,tick_sim_lager_ale_tlv_c242d0661928,Nadav Shapiro,4,Great discovery. The flight of four is perfect for exploring without committing to a pint.,2026-04-26T09:30:29.391338+00:00
sim_lager_ale_tlv,tick_sim_lager_ale_tlv_f162c5c9cf92,Ofer Mizrahi,4,"Good selection, friendly staff. Slightly pricey but you're paying for curation.",2026-04-26T09:30:29.391338+00:00
sim_beer_garden,tick_sim_beer_garden_01bc5766c59a,Hila Ohayon,5,"Took my team here for a celebration. Big tables, great service, everyone was happy.",2026-04-26T09:30:47.508907+00:00
sim_beer_garden,tick_sim_beer_garden_3971eb8cdb45,Boaz Ofer,3,"Overpriced for what it is. You're paying for the garden, not the beer quality.",2026-04-26T09:30:47.508907+00:00
sim_lager_ale_tlv,tick_sim_lager_ale_tlv_10e919e3fd0d,Adi Ben-Shahar,5,"Quiet Monday evening, bartender talked me through six taps. Left knowing a lot more about beer.",2026-04-26T10:46:00.007741+00:00
sim_lager_ale_tlv,tick_sim_lager_ale_tlv_5a7555292c76,Nadav Shapiro,4,Great discovery. The flight of four is perfect for exploring without committing to a pint.,2026-04-26T10:46:00.007741+00:00
sim_lager_ale_tlv,tick_sim_lager_ale_tlv_5c540dad0984,Itai Gold,4,Solid bar with real personality. The porter is my regular order. Seating gets tight by 9pm.,2026-04-26T10:46:00.007741+00:00
sim_lager_ale_tlv,tick_sim_lager_ale_tlv_77d6c52db817,Ran Ofer,5,Outdoor seating on a warm evening with a cold craft lager. Tel Aviv at its finest.,2026-04-26T10:46:00.007741+00:00
sim_lager_ale_tlv,tick_sim_lager_ale_tlv_8912ca63b45b,Tamar Levy,5,The cheese board and the Belgian wheat are a match made in heaven. Flawless experience.,2026-04-26T10:46:00.007741+00:00
sim_lager_ale_tlv,tick_sim_lager_ale_tlv_d02b77de2d03,Noa Eitan,5,"Best bar on Rothschild, no contest. Knowledgeable staff and rotating craft options.",2026-04-26T10:46:00.007741+00:00
sim_lager_ale_tlv,tick_sim_lager_ale_tlv_d49ac5c99c0c,Michal Saar,5,"The sampler board is the move for a first visit. Five styles, all excellent, good value.",2026-04-26T10:46:00.007741+00:00
sim_lager_ale_tlv,tick_sim_lager_ale_tlv_e549b2bcd0ef,Shai Biton,5,Live jazz on Friday + that porter = perfect evening. Will return weekly.,2026-04-26T10:46:00.007741+00:00
sim_lager_ale_tlv,tick_sim_lager_ale_tlv_fa1bfc1b1ffa,Yarden Cohen,5,"Came for one beer, stayed for three. The seasonal sour was outstanding.",2026-04-26T10:46:00.007741+00:00
sim_beer_garden,tick_sim_beer_garden_2c1646bc8b4b,Roni Samson,4,Beautiful outdoor setting. Beer selection is mostly mainstream but the atmosphere makes up for it.,2026-04-26T10:46:15.847206+00:00
sim_beer_garden,tick_sim_beer_garden_57821e9d001c,Limor Raz,4,Solid neighborhood bar elevated by the outdoor area. The burger + pale ale is the combo.,2026-04-26T10:46:15.847206+00:00
sim_beer_garden,tick_sim_beer_garden_a70b37efd403,Yossi Katz,4,Great for groups — big tables and the staff handles crowds well. Wish the tap list were wider.,2026-04-26T10:46:15.847206+00:00
sim_beer_garden,tick_sim_beer_garden_c65315230fa9,Boaz Ofer,3,"Overpriced for what it is. You're paying for the garden, not the beer quality.",2026-04-26T10:46:15.847206+00:00
sim_beer_garden,tick_sim_beer_garden_cb204794ec9a,Inbal Cohen,4,Lovely garden bar. The wheat beer is refreshing and the food is better than expected.,2026-04-26T10:46:15.847206+00:00
sim_lager_ale_tlv,tick_sim_lager_ale_tlv_5d20e2c566a9,Itai Gold,4,Solid bar with real personality. The porter is my regular order. Seating gets tight by 9pm.,2026-04-26T11:39:39.867049+00:00
sim_lager_ale_tlv,tick_sim_lager_ale_tlv_5f9972e51f53,Michal Saar,5,"The sampler board is the move for a first visit. Five styles, all excellent, good value.",2026-04-26T11:39:39.867049+00:00
sim_lager_ale_tlv,tick_sim_lager_ale_tlv_7a55a52ab194,Shai Biton,5,Live jazz on Friday + that porter = perfect evening. Will return weekly.,2026-04-26T11:39:39.867049+00:00
sim_lager_ale_tlv,tick_sim_lager_ale_tlv_8b804058a0cb,Tamar Levy,5,The cheese board and the Belgian wheat are a match made in heaven. Flawless experience.,2026-04-26T11:39:39.867049+00:00
sim_lager_ale_tlv,tick_sim_lager_ale_tlv_99e0d552a79c,Yarden Cohen,5,"Came for one beer, stayed for three. The seasonal sour was outstanding.",2026-04-26T11:39:39.867049+00:00
sim_lager_ale_tlv,tick_sim_lager_ale_tlv_9ecaf92e9134,Ran Ofer,5,Outdoor seating on a warm evening with a cold craft lager. Tel Aviv at its finest.,2026-04-26T11:39:39.867049+00:00
sim_lager_ale_tlv,tick_sim_lager_ale_tlv_e9ad0b817352,Omer Katz,5,Happy hour deals on weekdays are genuinely good. The pale ale hits different at half price.,2026-04-26T11:39:39.867049+00:00
sim_lager_ale_tlv,tick_sim_lager_ale_tlv_ea48804c3112,Noa Eitan,5,"Best bar on Rothschild, no contest. Knowledgeable staff and rotating craft options.",2026-04-26T11:39:39.867049+00:00
sim_beer_garden,tick_sim_beer_garden_758da4ebfc8d,Hila Ohayon,5,"Took my team here for a celebration. Big tables, great service, everyone was happy.",2026-04-26T11:39:55.938603+00:00
sim_beer_garden,tick_sim_beer_garden_76066043e120,Amos Tzur,3,"Service is inconsistent — sometimes fast, sometimes you're waiting forever. Nice garden though.",2026-04-26T11:39:55.938603+00:00
sim_beer_garden,tick_sim_beer_garden_8c899bd4288a,Nurit Ben-David,5,"Perfect for a first date — beautiful setting, relaxed pace, good drink list.",2026-04-26T11:39:55.938603+00:00
sim_beer_garden,tick_sim_beer_garden_adf31dbce7bd,Roni Samson,4,Beautiful outdoor setting. Beer selection is mostly mainstream but the atmosphere makes up for it.,2026-04-26T11:39:55.938603+00:00
sim_tap_room,tick_sim_tap_room_4af642932389,Noam Elul,4,Love the chalkboard tap list. Something new every time. The sour this week is amazing.,2026-04-26T11:40:10.581456+00:00
sim_lager_ale_tlv,tick_sim_lager_ale_tlv_277a8aa8a9dd,Ayelet Ron,4,Love the concept — always something on tap I haven't tried. Wish they did more food.,2026-04-26T13:09:03.533433+00:00
sim_lager_ale_tlv,tick_sim_lager_ale_tlv_5a527dac36c5,Keren Ziv,3,Waited 15 minutes for a drink on a Friday. Beer was worth it but the wait was frustrating.,2026-04-26T13:09:03.533433+00:00
sim_beer_garden,tick_sim_beer_garden_6ba6de33296d,Neta Gold,4,The garden in the evening is beautiful. Service is friendly if a little slow.,2026-04-26T13:09:19.920463+00:00
sim_tap_room,tick_sim_tap_room_cf01f59908f4,Stav Rosen,5,"No shortcuts, just great beer and passion. This is what a craft beer bar should be.",2026-04-26T13:09:40.510733+00:00
sim_lager_ale_tlv,tick_sim_lager_ale_tlv_844294afec25,Dana Freed,4,"Great spot, gets crowded on weekends but the quality is consistent. Love the rotating taps.",2026-04-26T14:13:19.607901+00:00
sim_beer_garden,tick_sim_beer_garden_682085ea2a7b,Erez Bar,4,Regular haunt for us. Not the most adventurous tap list but reliably good.,2026-04-26T14:13:35.460992+00:00
sim_tap_room,tick_sim_tap_room_009b7ea3699a,Moshe Shaul,5,Raised the bar for craft beer in this city. The session IPA on tap now is brilliant.,2026-04-26T14:13:49.889441+00:00
sim_lager_ale_tlv,tick_sim_lager_ale_tlv_ac57968923d1,Keren Ziv,3,Waited 15 minutes for a drink on a Friday. Beer was worth it but the wait was frustrating.,2026-04-26T15:09:00.886415+00:00
sim_beer_garden,tick_sim_beer_garden_a8c3cdb1fb54,Yossi Katz,4,Great for groups — big tables and the staff handles crowds well. Wish the tap list were wider.,2026-04-26T15:09:23.542941+00:00
sim_tap_room,tick_sim_tap_room_a3e4a228515a,Tali Katz,4,Tiny bar but big on quality. Standing room only on Thursdays but worth the squeeze.,2026-04-26T15:09:39.539075+00:00
sim_tap_room,tick_sim_tap_room_5ba61b0f2a5b,Omer Klein,3,"Amazing tap list, claustrophobic space. Hard to relax when you're shoulder to shoulder.",2026-04-26T16:06:37.379837+00:00
sim_tap_room,tick_sim_tap_room_fae81eaf6b8a,Tali Katz,4,Tiny bar but big on quality. Standing room only on Thursdays but worth the squeeze.,2026-04-26T16:06:37.379837+00:00
sim_beer_garden,tick_sim_beer_garden_cbfd46db66c4,Neta Gold,4,The garden in the evening is beautiful. Service is friendly if a little slow.,2026-04-26T17:09:55.752457+00:00
sim_tap_room,tick_sim_tap_room_4d1f6120386e,Yaron Green,4,The flight of four is a great way to explore. Always discover something new here.,2026-04-26T17:10:21.124211+00:00
sim_tap_room,tick_sim_tap_room_8e79e60e0c1d,Tali Katz,4,Tiny bar but big on quality. Standing room only on Thursdays but worth the squeeze.,2026-04-26T17:10:21.124211+00:00
sim_beer_garden,tick_sim_beer_garden_d28c8ffe21b0,Roni Samson,4,Beautiful outdoor setting. Beer selection is mostly mainstream but the atmosphere makes up for it.,2026-04-26T18:05:58.644534+00:00
sim_tap_room,tick_sim_tap_room_262a5359f748,Orli Bar,5,Staff recommended a sour I would never have picked myself — it was outstanding. Real expertise here.,2026-04-26T18:06:20.969424+00:00
sim_tap_room,tick_sim_tap_room_c6b641377fd2,Limor Sela,4,Serious craft beer bar. The staff can talk for hours about beer styles. Very knowledgeable.,2026-04-26T18:06:20.969424+00:00
sim_beer_garden,tick_sim_beer_garden_80b7c555153d,Avi Stern,5,Magical atmosphere on a warm night. Staff are genuinely friendly and the garden is immaculate.,2026-04-26T19:28:15.276822+00:00
sim_tap_room,tick_sim_tap_room_6601cf47c164,Shani Cohen,5,The barrel-aged stout they had last week was the best beer I've had in years. Staff know their stuff.,2026-04-26T19:28:29.153575+00:00
sim_tap_room,tick_sim_tap_room_7b489bcb3ab2,Noam Elul,4,Love the chalkboard tap list. Something new every time. The sour this week is amazing.,2026-04-26T19:28:29.153575+00:00
sim_tap_room,tick_sim_tap_room_dada60b7c4ac,Orli Bar,5,Staff recommended a sour I would never have picked myself — it was outstanding. Real expertise here.,2026-04-26T19:28:29.153575+00:00
sim_beer_garden,tick_sim_beer_garden_172ec61f7097,Ran Blum,2,"Expected more given the reputation. Noisy, cramped on the weekend, and the service was scattered.",2026-04-26T20:04:15.278292+00:00
sim_beer_garden,tick_sim_beer_garden_d8879a385f59,Limor Raz,4,Solid neighborhood bar elevated by the outdoor area. The burger + pale ale is the combo.,2026-04-26T20:04:15.278292+00:00
sim_tap_room,tick_sim_tap_room_1e8cdaec6101,Noam Elul,4,Love the chalkboard tap list. Something new every time. The sour this week is amazing.,2026-04-26T20:04:31.870835+00:00
sim_tap_room,tick_sim_tap_room_309024f6843e,Inbal Mor,5,"The rotating list keeps me coming back weekly. Never the same beer twice, always excellent.",2026-04-26T20:04:31.870835+00:00
sim_tap_room,tick_sim_tap_room_e419b1f585a2,Orli Bar,5,Staff recommended a sour I would never have picked myself — it was outstanding. Real expertise here.,2026-04-26T20:04:31.870835+00:00
sim_lager_ale_tlv,tick_sim_lager_ale_tlv_0432caf8fa06,Liron Ben-Zvi,4,Industrial design and long bar are a vibe. Service is fast even when full.,2026-04-26T21:04:42.607087+00:00
sim_beer_garden,tick_sim_beer_garden_10a0a30a958b,Boaz Ofer,3,"Overpriced for what it is. You're paying for the garden, not the beer quality.",2026-04-26T21:04:59.819745+00:00
sim_beer_garden,tick_sim_beer_garden_a736cd62f564,Amos Tzur,3,"Service is inconsistent — sometimes fast, sometimes you're waiting forever. Nice garden though.",2026-04-26T21:04:59.819745+00:00
sim_tap_room,tick_sim_tap_room_1ad64579cd2f,Rafi Levi,5,If you care about craft beer this is your place. They import rare stuff you genuinely can't find elsewhere.,2026-04-26T21:05:15.311753+00:00
sim_tap_room,tick_sim_tap_room_3f0f41e880e6,Pini Ben-Haim,5,For beer geeks this is paradise. Flight of four is the move for first-timers.,2026-04-26T21:05:15.311753+00:00
sim_tap_room,tick_sim_tap_room_b018a55214dd,Yaron Green,4,The flight of four is a great way to explore. Always discover something new here.,2026-04-26T21:05:15.311753+00:00
sim_lager_ale_tlv,tick_sim_lager_ale_tlv_ca1b2cf0caad,Ofer Mizrahi,4,"Good selection, friendly staff. Slightly pricey but you're paying for curation.",2026-04-26T22:03:09.681391+00:00
sim_beer_garden,tick_sim_beer_garden_95510c8c35a3,Boaz Ofer,3,"Overpriced for what it is. You're paying for the garden, not the beer quality.",2026-04-26T22:03:28.016945+00:00
sim_beer_garden,tick_sim_beer_garden_9ce79d39668f,Shir Blum,5,Best outdoor bar in the city. We come every Sunday — the brunch + beer combo is a ritual now.,2026-04-26T22:03:28.016945+00:00
sim_tap_room,tick_sim_tap_room_7e819cc89660,Tali Katz,4,Tiny bar but big on quality. Standing room only on Thursdays but worth the squeeze.,2026-04-26T22:03:43.176729+00:00
sim_tap_room,tick_sim_tap_room_8d36e4bcbeb8,Yonit Ziv,5,Consistent quality across every visit. The double IPA is exceptional and the staff are genuine experts.,2026-04-26T22:03:43.176729+00:00
sim_tap_room,tick_sim_tap_room_d65dd5525968,Gad Cohen,4,Serious about craft in a way most Tel Aviv bars aren't. Pricey but fair for the curation.,2026-04-26T22:03:43.176729+00:00
sim_lager_ale_tlv,tick_sim_lager_ale_tlv_1a1f3def18ad,Noa Eitan,5,"Best bar on Rothschild, no contest. Knowledgeable staff and rotating craft options.",2026-04-26T23:06:50.326910+00:00
sim_lager_ale_tlv,tick_sim_lager_ale_tlv_d9a7c3bea1dd,Gal Peretz,5,My friends think I work here because I keep recommending it. The stout is life-changing.,2026-04-26T23:06:50.326910+00:00
sim_beer_garden,tick_sim_beer_garden_11a0334f0cd0,Roni Samson,4,Beautiful outdoor setting. Beer selection is mostly mainstream but the atmosphere makes up for it.,2026-04-26T23:07:07.265482+00:00
sim_beer_garden,tick_sim_beer_garden_b6ee109ff55b,Erez Bar,4,Regular haunt for us. Not the most adventurous tap list but reliably good.,2026-04-26T23:07:07.265482+00:00
sim_tap_room,tick_sim_tap_room_b26a2950d393,Inbal Mor,5,"The rotating list keeps me coming back weekly. Never the same beer twice, always excellent.",2026-04-26T23:07:23.352473+00:00
sim_tap_room,tick_sim_tap_room_cdeb4f1c360f,Noam Elul,4,Love the chalkboard tap list. Something new every time. The sour this week is amazing.,2026-04-26T23:07:23.352473+00:00
sim_tap_room,tick_sim_tap_room_d8285143ed7e,Pini Ben-Haim,5,For beer geeks this is paradise. Flight of four is the move for first-timers.,2026-04-26T23:07:23.352473+00:00
sim_lager_ale_tlv,tick_sim_lager_ale_tlv_6cb030dabc1a,Noa Eitan,5,"Best bar on Rothschild, no contest. Knowledgeable staff and rotating craft options.",2026-04-27T00:05:00.075852+00:00
sim_beer_garden,tick_sim_beer_garden_5059fdc8e84a,Boaz Ofer,3,"Overpriced for what it is. You're paying for the garden, not the beer quality.",2026-04-27T00:05:16.315614+00:00
sim_tap_room,tick_sim_tap_room_ef25bfb53e66,Moshe Shaul,5,Raised the bar for craft beer in this city. The session IPA on tap now is brilliant.,2026-04-27T00:05:38.191021+00:00
sim_lager_ale_tlv,tick_sim_lager_ale_tlv_265c47baf7be,Omer Katz,5,Happy hour deals on weekdays are genuinely good. The pale ale hits different at half price.,2026-04-27T04:07:16.883407+00:00
sim_lager_ale_tlv,tick_sim_lager_ale_tlv_6db87f2b1eac,Ofer Mizrahi,4,"Good selection, friendly staff. Slightly pricey but you're paying for curation.",2026-04-27T04:07:16.883407+00:00
sim_beer_garden,tick_sim_beer_garden_08659479c898,Neta Gold,4,The garden in the evening is beautiful. Service is friendly if a little slow.,2026-04-27T04:07:38.105631+00:00
sim_tap_room,tick_sim_tap_room_51e17f3e38e7,Limor Sela,4,Serious craft beer bar. The staff can talk for hours about beer styles. Very knowledgeable.,2026-04-27T04:08:02.129344+00:00
sim_lager_ale_tlv,tick_sim_lager_ale_tlv_0df8a5776753,Dana Freed,4,"Great spot, gets crowded on weekends but the quality is consistent. Love the rotating taps.",2026-04-27T07:14:51.505371+00:00
sim_lager_ale_tlv,tick_sim_lager_ale_tlv_ce2d9f7668f2,Michal Saar,5,"The sampler board is the move for a first visit. Five styles, all excellent, good value.",2026-04-27T07:14:51.505371+00:00
sim_beer_garden,tick_sim_beer_garden_6caf0e2aea1d,Dina Koren,3,Pretty place but the beer selection is limited to mainstream brands. Go for the atmosphere.,2026-04-27T07:15:06.886456+00:00
sim_lager_ale_tlv,tick_sim_lager_ale_tlv_2d791255d0c5,Nadav Shapiro,4,Great discovery. The flight of four is perfect for exploring without committing to a pint.,2026-04-27T09:37:58.798571+00:00
sim_lager_ale_tlv,tick_sim_lager_ale_tlv_9913e507f319,Liron Ben-Zvi,4,Industrial design and long bar are a vibe. Service is fast even when full.,2026-04-27T09:37:58.798571+00:00
sim_lager_ale_tlv,tick_sim_lager_ale_tlv_6f2aceed6109,Benny Har,3,"Decent selection, nothing extraordinary. Prices are on the high side for the area.",2026-04-27T11:44:24.508701+00:00
sim_lager_ale_tlv,tick_sim_lager_ale_tlv_5c6893423c20,Nadav Shapiro,4,Great discovery. The flight of four is perfect for exploring without committing to a pint.,2026-04-27T13:55:45.079928+00:00
sim_tap_room,tick_sim_tap_room_eb914d0545dd,Limor Sela,4,Serious craft beer bar. The staff can talk for hours about beer styles. Very knowledgeable.,2026-04-27T13:56:04.492017+00:00
sim_tap_room,tick_sim_tap_room_e051aac47258,Dotan Peretz,5,The chalkboard tap list changes constantly. Something new every visit. The DIPA right now is extraordinary.,2026-04-27T15:50:09.474997+00:00
sim_beer_garden,tick_sim_beer_garden_2f1965cd12c3,Yossi Katz,4,Great for groups — big tables and the staff handles crowds well. Wish the tap list were wider.,2026-04-27T17:23:17.489657+00:00
sim_tap_room,tick_sim_tap_room_2c0e92507220,Yaron Green,4,The flight of four is a great way to explore. Always discover something new here.,2026-04-27T17:23:38.539944+00:00
sim_tap_room,tick_sim_tap_room_46d85f60a374,Inbal Mor,5,"The rotating list keeps me coming back weekly. Never the same beer twice, always excellent.",2026-04-27T17:23:38.539944+00:00
sim_beer_garden,tick_sim_beer_garden_dd2756d85dfb,Inbal Cohen,4,Lovely garden bar. The wheat beer is refreshing and the food is better than expected.,2026-04-27T18:49:45.801815+00:00
sim_tap_room,tick_sim_tap_room_11b485518656,Anat Friedman,3,The beer is excellent but the bar is small and cramped. Hard to get a seat on weekends.,2026-04-27T18:50:08.500825+00:00
sim_tap_room,tick_sim_tap_room_6bd5eb7a9866,Rafi Levi,5,If you care about craft beer this is your place. They import rare stuff you genuinely can't find elsewhere.,2026-04-27T18:50:08.500825+00:00
sim_beer_garden,tick_sim_beer_garden_2204dd835cda,Boaz Ofer,3,"Overpriced for what it is. You're paying for the garden, not the beer quality.",2026-04-27T20:08:48.140102+00:00
sim_beer_garden,tick_sim_beer_garden_4bb687921823,Kobi Levi,5,The cider is a hidden gem here. Garden is well maintained and vibe is just right.,2026-04-27T20:08:48.140102+00:00
sim_tap_room,tick_sim_tap_room_67a28f5f4adb,Barak Levi,3,"Good selection but pricey. You're paying for the curation, which is fair, but still.",2026-04-27T20:09:04.349950+00:00
sim_tap_room,tick_sim_tap_room_dc47adeca5f2,Limor Sela,4,Serious craft beer bar. The staff can talk for hours about beer styles. Very knowledgeable.,2026-04-27T20:09:04.349950+00:00
sim_tap_room,tick_sim_tap_room_ebaa5a2fbb05,Inbal Mor,5,"The rotating list keeps me coming back weekly. Never the same beer twice, always excellent.",2026-04-27T20:09:04.349950+00:00
sim_lager_ale_tlv,tick_sim_lager_ale_tlv_e252866cbab3,Itai Gold,4,Solid bar with real personality. The porter is my regular order. Seating gets tight by 9pm.,2026-04-27T21:34:02.675679+00:00
sim_beer_garden,tick_sim_beer_garden_18f7509ea992,Erez Bar,4,Regular haunt for us. Not the most adventurous tap list but reliably good.,2026-04-27T21:34:19.817340+00:00
sim_beer_garden,tick_sim_beer_garden_3ea6c27252aa,Shir Blum,5,Best outdoor bar in the city. We come every Sunday — the brunch + beer combo is a ritual now.,2026-04-27T21:34:19.817340+00:00
sim_tap_room,tick_sim_tap_room_02ece10d7c02,Inbal Mor,5,"The rotating list keeps me coming back weekly. Never the same beer twice, always excellent.",2026-04-27T21:34:33.386456+00:00
sim_tap_room,tick_sim_tap_room_947aaaefe748,Noam Elul,4,Love the chalkboard tap list. Something new every time. The sour this week is amazing.,2026-04-27T21:34:33.386456+00:00
sim_tap_room,tick_sim_tap_room_d92afc721057,Orli Bar,5,Staff recommended a sour I would never have picked myself — it was outstanding. Real expertise here.,2026-04-27T21:34:33.386456+00:00
sim_lager_ale_tlv,tick_sim_lager_ale_tlv_4bf22c592068,Liron Ben-Zvi,4,Industrial design and long bar are a vibe. Service is fast even when full.,2026-04-27T22:53:34.900898+00:00
sim_beer_garden,tick_sim_beer_garden_37faa0a395b2,Tal Weiss,5,The garden brunch is an institution. Go on a Sunday morning and thank me later.,2026-04-27T22:53:50.836484+00:00
sim_beer_garden,tick_sim_beer_garden_388feef1b33c,Gadi Mor,5,"Came on a Tuesday evening — quiet, gorgeous, and the lager was perfectly cold. Love this place.",2026-04-27T22:53:50.836484+00:00
sim_tap_room,tick_sim_tap_room_1e2139679ae4,Tali Katz,4,Tiny bar but big on quality. Standing room only on Thursdays but worth the squeeze.,2026-04-27T22:54:04.922610+00:00
sim_tap_room,tick_sim_tap_room_25552f3d5b9f,Noam Elul,4,Love the chalkboard tap list. Something new every time. The sour this week is amazing.,2026-04-27T22:54:04.922610+00:00
sim_tap_room,tick_sim_tap_room_a04a75427344,Anat Friedman,3,The beer is excellent but the bar is small and cramped. Hard to get a seat on weekends.,2026-04-27T22:54:04.922610+00:00
sim_lager_ale_tlv,tick_sim_lager_ale_tlv_607f138a0b8b,Keren Ziv,3,Waited 15 minutes for a drink on a Friday. Beer was worth it but the wait was frustrating.,2026-04-27T23:54:54.198894+00:00
sim_lager_ale_tlv,tick_sim_lager_ale_tlv_dffc8599c713,Ilan Gross,3,"Good beer, slow service on a busy night. Had to flag someone down twice.",2026-04-27T23:54:54.198894+00:00
sim_beer_garden,tick_sim_beer_garden_1e15fdfd8c39,Gadi Mor,5,"Came on a Tuesday evening — quiet, gorgeous, and the lager was perfectly cold. Love this place.",2026-04-27T23:55:07.314700+00:00
sim_beer_garden,tick_sim_beer_garden_c3504efba954,Avi Stern,5,Magical atmosphere on a warm night. Staff are genuinely friendly and the garden is immaculate.,2026-04-27T23:55:07.314700+00:00
sim_beer_garden,tick_sim_beer_garden_e2a2b7fb82b3,Tal Weiss,5,The garden brunch is an institution. Go on a Sunday morning and thank me later.,2026-04-27T23:55:07.314700+00:00
sim_tap_room,tick_sim_tap_room_1812806a747b,Limor Sela,4,Serious craft beer bar. The staff can talk for hours about beer styles. Very knowledgeable.,2026-04-27T23:55:22.422578+00:00
sim_tap_room,tick_sim_tap_room_a5810cceb20f,Yaron Green,4,The flight of four is a great way to explore. Always discover something new here.,2026-04-27T23:55:22.422578+00:00
sim_tap_room,tick_sim_tap_room_a9e1e9b56a1a,Dotan Peretz,5,The chalkboard tap list changes constantly. Something new every visit. The DIPA right now is extraordinary.,2026-04-27T23:55:22.422578+00:00
sim_lager_ale_tlv,tick_sim_lager_ale_tlv_1f59b94eb293,Liron Ben-Zvi,4,Industrial design and long bar are a vibe. Service is fast even when full.,2026-04-28T02:57:40.665740+00:00
sim_lager_ale_tlv,tick_sim_lager_ale_tlv_49d5da429250,Adi Ben-Shahar,5,"Quiet Monday evening, bartender talked me through six taps. Left knowing a lot more about beer.",2026-04-28T02:57:40.665740+00:00
sim_lager_ale_tlv,tick_sim_lager_ale_tlv_4a5ebaf245fd,Dana Freed,4,"Great spot, gets crowded on weekends but the quality is consistent. Love the rotating taps.",2026-04-28T02:57:40.665740+00:00
sim_beer_garden,tick_sim_beer_garden_2c42f14859e3,Dina Koren,3,Pretty place but the beer selection is limited to mainstream brands. Go for the atmosphere.,2026-04-28T02:57:56.252295+00:00
sim_beer_garden,tick_sim_beer_garden_59444847d563,Amos Tzur,3,"Service is inconsistent — sometimes fast, sometimes you're waiting forever. Nice garden though.",2026-04-28T02:57:56.252295+00:00
sim_beer_garden,tick_sim_beer_garden_f4a6487d0316,Ran Blum,2,"Expected more given the reputation. Noisy, cramped on the weekend, and the service was scattered.",2026-04-28T02:57:56.252295+00:00
sim_tap_room,tick_sim_tap_room_36bf6762bf6e,Dotan Peretz,5,The chalkboard tap list changes constantly. Something new every visit. The DIPA right now is extraordinary.,2026-04-28T02:58:11.644479+00:00
sim_tap_room,tick_sim_tap_room_caa88149bd96,Noam Elul,4,Love the chalkboard tap list. Something new every time. The sour this week is amazing.,2026-04-28T02:58:11.644479+00:00
sim_lager_ale_tlv,tick_sim_lager_ale_tlv_81ac96b4a3c3,Ayelet Ron,4,Love the concept — always something on tap I haven't tried. Wish they did more food.,2026-04-28T06:11:44.277499+00:00
sim_lager_ale_tlv,tick_sim_lager_ale_tlv_d274ebeb86fc,Yarden Cohen,5,"Came for one beer, stayed for three. The seasonal sour was outstanding.",2026-04-28T06:11:44.277499+00:00
sim_lager_ale_tlv,tick_sim_lager_ale_tlv_e991d7e38c3a,Dana Freed,4,"Great spot, gets crowded on weekends but the quality is consistent. Love the rotating taps.",2026-04-28T06:11:44.277499+00:00
sim_lager_ale_tlv,tick_sim_lager_ale_tlv_f142d5ed23de,Adi Ben-Shahar,5,"Quiet Monday evening, bartender talked me through six taps. Left knowing a lot more about beer.",2026-04-28T06:11:44.277499+00:00
sim_beer_garden,tick_sim_beer_garden_3a3a7774b3ad,Yuval Paz,5,"The garden at sunset is something else. Cold lager, fairy lights, zero stress.",2026-04-28T06:12:04.500032+00:00
sim_beer_garden,tick_sim_beer_garden_5fbb9f6331a3,Kobi Levi,5,The cider is a hidden gem here. Garden is well maintained and vibe is just right.,2026-04-28T06:12:04.500032+00:00
sim_tap_room,tick_sim_tap_room_99ea25d06a57,Inbal Mor,5,"The rotating list keeps me coming back weekly. Never the same beer twice, always excellent.",2026-04-28T06:12:19.855533+00:00
sim_lager_ale_tlv,tick_sim_lager_ale_tlv_3824c1739f33,Omer Katz,5,Happy hour deals on weekdays are genuinely good. The pale ale hits different at half price.,2026-04-28T08:43:21.305537+00:00
sim_lager_ale_tlv,tick_sim_lager_ale_tlv_6acdf8021a73,Itai Gold,4,Solid bar with real personality. The porter is my regular order. Seating gets tight by 9pm.,2026-04-28T08:43:21.305537+00:00
sim_lager_ale_tlv,tick_sim_lager_ale_tlv_e3c17222b719,Ayelet Ron,4,Love the concept — always something on tap I haven't tried. Wish they did more food.,2026-04-28T08:43:21.305537+00:00
sim_beer_garden,tick_sim_beer_garden_ee5c795b35ae,Ran Blum,2,"Expected more given the reputation. Noisy, cramped on the weekend, and the service was scattered.",2026-04-28T08:43:42.425659+00:00
sim_lager_ale_tlv,tick_sim_lager_ale_tlv_4fc0a99ef9b2,Adi Ben-Shahar,5,"Quiet Monday evening, bartender talked me through six taps. Left knowing a lot more about beer.",2026-04-28T11:06:32.243732+00:00
sim_lager_ale_tlv,tick_sim_lager_ale_tlv_d27ff3c6dbc7,Ofer Mizrahi,4,"Good selection, friendly staff. Slightly pricey but you're paying for curation.",2026-04-28T11:06:32.243732+00:00
sim_beer_garden,tick_sim_beer_garden_1d3972689deb,Neta Gold,4,The garden in the evening is beautiful. Service is friendly if a little slow.,2026-04-28T11:06:52.768124+00:00
sim_lager_ale_tlv,tick_sim_lager_ale_tlv_0e1ee8e22a22,Tamar Levy,5,The cheese board and the Belgian wheat are a match made in heaven. Flawless experience.,2026-04-28T13:13:07.630847+00:00
sim_tap_room,tick_sim_tap_room_d38ef8648024,Anat Friedman,3,The beer is excellent but the bar is small and cramped. Hard to get a seat on weekends.,2026-04-28T13:13:24.222911+00:00
sim_lager_ale_tlv,tick_sim_lager_ale_tlv_3efa1b44b796,Ofer Mizrahi,4,"Good selection, friendly staff. Slightly pricey but you're paying for curation.",2026-04-28T15:44:28.731960+00:00
sim_tap_room,tick_sim_tap_room_85c325db4e26,Orli Bar,5,Staff recommended a sour I would never have picked myself — it was outstanding. Real expertise here.,2026-04-28T15:44:46.073093+00:00
sim_beer_garden,tick_sim_beer_garden_41e8167b37ef,Nurit Ben-David,5,"Perfect for a first date — beautiful setting, relaxed pace, good drink list.",2026-04-28T17:47:16.988096+00:00
sim_tap_room,tick_sim_tap_room_49e2f1ead813,Anat Friedman,3,The beer is excellent but the bar is small and cramped. Hard to get a seat on weekends.,2026-04-28T17:47:30.876729+00:00
sim_tap_room,tick_sim_tap_room_a37952762a41,Barak Levi,3,"Good selection but pricey. You're paying for the curation, which is fair, but still.",2026-04-28T17:47:30.876729+00:00
sim_beer_garden,tick_sim_beer_garden_96f44c43eebf,Erez Bar,4,Regular haunt for us. Not the most adventurous tap list but reliably good.,2026-04-28T19:42:49.103527+00:00
sim_tap_room,tick_sim_tap_room_b0b50b20f9d6,Rafi Levi,5,If you care about craft beer this is your place. They import rare stuff you genuinely can't find elsewhere.,2026-04-28T19:43:06.329526+00:00
sim_tap_room,tick_sim_tap_room_b810699200c8,Ronit Shahar,4,Great beer education — staff will help you find exactly what you're looking for.,2026-04-28T19:43:06.329526+00:00
sim_tap_room,tick_sim_tap_room_dde5721e80c0,Limor Sela,4,Serious craft beer bar. The staff can talk for hours about beer styles. Very knowledgeable.,2026-04-28T19:43:06.329526+00:00
sim_lager_ale_tlv,tick_sim_lager_ale_tlv_53c436e79335,Liron Ben-Zvi,4,Industrial design and long bar are a vibe. Service is fast even when full.,2026-04-28T21:08:03.435551+00:00
sim_beer_garden,tick_sim_beer_garden_5d0275ee3d00,Roni Samson,4,Beautiful outdoor setting. Beer selection is mostly mainstream but the atmosphere makes up for it.,2026-04-28T21:08:17.899774+00:00
sim_beer_garden,tick_sim_beer_garden_b140feaa26be,Neta Gold,4,The garden in the evening is beautiful. Service is friendly if a little slow.,2026-04-28T21:08:17.899774+00:00
sim_tap_room,tick_sim_tap_room_556f0f1b5742,Rafi Levi,5,If you care about craft beer this is your place. They import rare stuff you genuinely can't find elsewhere.,2026-04-28T21:08:30.875436+00:00
sim_tap_room,tick_sim_tap_room_a2174a259b25,Shani Cohen,5,The barrel-aged stout they had last week was the best beer I've had in years. Staff know their stuff.,2026-04-28T21:08:30.875436+00:00
sim_tap_room,tick_sim_tap_room_e0457fe786eb,Stav Rosen,5,"No shortcuts, just great beer and passion. This is what a craft beer bar should be.",2026-04-28T21:08:30.875436+00:00
sim_lager_ale_tlv,tick_sim_lager_ale_tlv_f1f2023fc059,Ofer Mizrahi,4,"Good selection, friendly staff. Slightly pricey but you're paying for curation.",2026-04-28T22:31:26.434625+00:00
sim_beer_garden,tick_sim_beer_garden_0487fd733c58,Yael Gross,3,Nice on a weekday. Packed and hard to find a seat on weekends.,2026-04-28T22:31:41.101401+00:00
sim_beer_garden,tick_sim_beer_garden_ae070018797f,Hila Ohayon,5,"Took my team here for a celebration. Big tables, great service, everyone was happy.",2026-04-28T22:31:41.101401+00:00
sim_tap_room,tick_sim_tap_room_12436fac2671,Limor Sela,4,Serious craft beer bar. The staff can talk for hours about beer styles. Very knowledgeable.,2026-04-28T22:31:58.696978+00:00
sim_tap_room,tick_sim_tap_room_699dca528ebd,Stav Rosen,5,"No shortcuts, just great beer and passion. This is what a craft beer bar should be.",2026-04-28T22:31:58.696978+00:00
sim_tap_room,tick_sim_tap_room_e5633188487e,Pini Ben-Haim,5,For beer geeks this is paradise. Flight of four is the move for first-timers.,2026-04-28T22:31:58.696978+00:00
sim_lager_ale_tlv,tick_sim_lager_ale_tlv_6008de6b6f97,Omer Katz,5,Happy hour deals on weekdays are genuinely good. The pale ale hits different at half price.,2026-04-28T23:55:46.122663+00:00
sim_lager_ale_tlv,tick_sim_lager_ale_tlv_dc17d9866345,Ofer Mizrahi,4,"Good selection, friendly staff. Slightly pricey but you're paying for curation.",2026-04-28T23:55:46.122663+00:00
sim_beer_garden,tick_sim_beer_garden_157af6013d9d,Yossi Katz,4,Great for groups — big tables and the staff handles crowds well. Wish the tap list were wider.,2026-04-28T23:56:01.627223+00:00
sim_beer_garden,tick_sim_beer_garden_81604b62e30c,Roni Samson,4,Beautiful outdoor setting. Beer selection is mostly mainstream but the atmosphere makes up for it.,2026-04-28T23:56:01.627223+00:00
sim_beer_garden,tick_sim_beer_garden_9a4a222cc5d7,Limor Raz,4,Solid neighborhood bar elevated by the outdoor area. The burger + pale ale is the combo.,2026-04-28T23:56:01.627223+00:00
sim_tap_room,tick_sim_tap_room_3884bdec20e1,Tali Katz,4,Tiny bar but big on quality. Standing room only on Thursdays but worth the squeeze.,2026-04-28T23:56:17.204151+00:00
sim_tap_room,tick_sim_tap_room_8d4d173862aa,Gad Cohen,4,Serious about craft in a way most Tel Aviv bars aren't. Pricey but fair for the curation.,2026-04-28T23:56:17.204151+00:00
sim_tap_room,tick_sim_tap_room_f29bdb8a6fdc,Rafi Levi,5,If you care about craft beer this is your place. They import rare stuff you genuinely can't find elsewhere.,2026-04-28T23:56:17.204151+00:00
sim_lager_ale_tlv,tick_sim_lager_ale_tlv_20f668a8790d,Itai Gold,4,Solid bar with real personality. The porter is my regular order. Seating gets tight by 9pm.,2026-04-29T03:24:30.872965+00:00
sim_lager_ale_tlv,tick_sim_lager_ale_tlv_3cb192dd60e8,Shai Biton,5,Live jazz on Friday + that porter = perfect evening. Will return weekly.,2026-04-29T03:24:30.872965+00:00
sim_lager_ale_tlv,tick_sim_lager_ale_tlv_8f452dd750cd,Omer Katz,5,Happy hour deals on weekdays are genuinely good. The pale ale hits different at half price.,2026-04-29T03:24:30.872965+00:00
sim_beer_garden,tick_sim_beer_garden_44e8d650ce82,Yael Gross,3,Nice on a weekday. Packed and hard to find a seat on weekends.,2026-04-29T03:24:44.293817+00:00
sim_beer_garden,tick_sim_beer_garden_856f86dbee4c,Yossi Katz,4,Great for groups — big tables and the staff handles crowds well. Wish the tap list were wider.,2026-04-29T03:24:44.293817+00:00
sim_beer_garden,tick_sim_beer_garden_c1b8757e0fa4,Tal Weiss,5,The garden brunch is an institution. Go on a Sunday morning and thank me later.,2026-04-29T03:24:44.293817+00:00
sim_tap_room,tick_sim_tap_room_294c782a589d,Michal Raz,3,The beer is great but the food menu is very limited. Come for drinks only.,2026-04-29T03:24:57.973090+00:00
sim_tap_room,tick_sim_tap_room_8d6cd99f5485,Amir Sagi,5,"24 taps, all rotating, all excellent. This is the only craft beer bar that really gets it in Tel Aviv.",2026-04-29T03:24:57.973090+00:00
sim_lager_ale_tlv,tick_sim_lager_ale_tlv_3184d21ac3de,Ayelet Ron,4,Love the concept — always something on tap I haven't tried. Wish they did more food.,2026-04-29T06:11:37.628868+00:00
sim_lager_ale_tlv,tick_sim_lager_ale_tlv_840a78afa381,Nadav Shapiro,4,Great discovery. The flight of four is perfect for exploring without committing to a pint.,2026-04-29T06:11:37.628868+00:00
sim_lager_ale_tlv,tick_sim_lager_ale_tlv_c45384a30835,Liron Ben-Zvi,4,Industrial design and long bar are a vibe. Service is fast even when full.,2026-04-29T06:11:37.628868+00:00
sim_lager_ale_tlv,tick_sim_lager_ale_tlv_eae126648b93,Itai Gold,4,Solid bar with real personality. The porter is my regular order. Seating gets tight by 9pm.,2026-04-29T06:11:37.628868+00:00
sim_beer_garden,tick_sim_beer_garden_024c479b8b25,Gadi Mor,5,"Came on a Tuesday evening — quiet, gorgeous, and the lager was perfectly cold. Love this place.",2026-04-29T06:11:55.828130+00:00
sim_beer_garden,tick_sim_beer_garden_3ee00af56786,Hila Ohayon,5,"Took my team here for a celebration. Big tables, great service, everyone was happy.",2026-04-29T06:11:55.828130+00:00
sim_tap_room,tick_sim_tap_room_cbf10d0ac5b5,Michal Raz,3,The beer is great but the food menu is very limited. Come for drinks only.,2026-04-29T06:12:13.348298+00:00
sim_lager_ale_tlv,tick_sim_lager_ale_tlv_4e2683d5690e,Tamar Levy,5,The cheese board and the Belgian wheat are a match made in heaven. Flawless experience.,2026-04-29T08:37:40.307408+00:00
sim_lager_ale_tlv,tick_sim_lager_ale_tlv_c7ef37b52c36,Dana Freed,4,"Great spot, gets crowded on weekends but the quality is consistent. Love the rotating taps.",2026-04-29T08:37:40.307408+00:00
sim_lager_ale_tlv,tick_sim_lager_ale_tlv_df1316a79abf,Dor Avni,5,"Incredible tap list, something new every visit. The double IPA right now is world class.",2026-04-29T08:37:40.307408+00:00
sim_beer_garden,tick_sim_beer_garden_4e484e49ff78,Limor Raz,4,Solid neighborhood bar elevated by the outdoor area. The burger + pale ale is the combo.,2026-04-29T08:38:03.330020+00:00
sim_lager_ale_tlv,tick_sim_lager_ale_tlv_6d04dfc74750,Gal Peretz,5,My friends think I work here because I keep recommending it. The stout is life-changing.,2026-04-29T10:57:08.844975+00:00
sim_lager_ale_tlv,tick_sim_lager_ale_tlv_8688654a3ee0,Noa Eitan,5,"Best bar on Rothschild, no contest. Knowledgeable staff and rotating craft options.",2026-04-29T10:57:08.844975+00:00
sim_beer_garden,tick_sim_beer_garden_31bf8145c087,Amos Tzur,3,"Service is inconsistent — sometimes fast, sometimes you're waiting forever. Nice garden though.",2026-04-29T10:57:23.187972+00:00
sim_lager_ale_tlv,tick_sim_lager_ale_tlv_152a99b29f25,Noa Eitan,5,"Best bar on Rothschild, no contest. Knowledgeable staff and rotating craft options.",2026-04-29T12:19:57.625890+00:00
sim_lager_ale_tlv,tick_sim_lager_ale_tlv_aac6de22ddce,Nadav Shapiro,4,Great discovery. The flight of four is perfect for exploring without committing to a pint.,2026-04-29T12:19:57.625890+00:00
sim_lager_ale_tlv,tick_sim_lager_ale_tlv_2879e17ad14a,Liron Ben-Zvi,4,Industrial design and long bar are a vibe. Service is fast even when full.,2026-04-29T14:37:56.551001+00:00
sim_tap_room,tick_sim_tap_room_b0bd72928dd6,Yaron Green,4,The flight of four is a great way to explore. Always discover something new here.,2026-04-29T14:38:19.540922+00:00
sim_beer_garden,tick_sim_beer_garden_c0cfde56dd6e,Inbal Cohen,4,Lovely garden bar. The wheat beer is refreshing and the food is better than expected.,2026-04-29T16:28:15.532528+00:00
sim_tap_room,tick_sim_tap_room_72830d38d316,Barak Levi,3,"Good selection but pricey. You're paying for the curation, which is fair, but still.",2026-04-29T16:28:39.134150+00:00
sim_tap_room,tick_sim_tap_room_cb648ba40162,Noam Elul,4,Love the chalkboard tap list. Something new every time. The sour this week is amazing.,2026-04-29T16:28:39.134150+00:00
sim_beer_garden,tick_sim_beer_garden_440f67d583d5,Dina Koren,3,Pretty place but the beer selection is limited to mainstream brands. Go for the atmosphere.,2026-04-29T17:59:29.701289+00:00
sim_tap_room,tick_sim_tap_room_3e2808d6cf77,Noam Elul,4,Love the chalkboard tap list. Something new every time. The sour this week is amazing.,2026-04-29T17:59:47.493353+00:00
sim_tap_room,tick_sim_tap_room_7a36fecfe1cc,Yaron Green,4,The flight of four is a great way to explore. Always discover something new here.,2026-04-29T17:59:47.493353+00:00
sim_tap_room,tick_sim_tap_room_ceeb3a1f657b,Ronit Shahar,4,Great beer education — staff will help you find exactly what you're looking for.,2026-04-29T17:59:47.493353+00:00
sim_lager_ale_tlv,tick_sim_lager_ale_tlv_fe3bf03f649b,Tali Sela,3,Nice place but quite loud. Hard to hold a conversation at peak hours.,2026-04-29T19:48:23.620557+00:00
sim_beer_garden,tick_sim_beer_garden_8bafb2581948,Inbal Cohen,4,Lovely garden bar. The wheat beer is refreshing and the food is better than expected.,2026-04-29T19:48:39.451234+00:00
sim_beer_garden,tick_sim_beer_garden_fbe9f265ab86,Ran Blum,2,"Expected more given the reputation. Noisy, cramped on the weekend, and the service was scattered.",2026-04-29T19:48:39.451234+00:00
sim_tap_room,tick_sim_tap_room_1cb371244c43,Stav Rosen,5,"No shortcuts, just great beer and passion. This is what a craft beer bar should be.",2026-04-29T19:48:53.285646+00:00
sim_tap_room,tick_sim_tap_room_37e939c867af,Noam Elul,4,Love the chalkboard tap list. Something new every time. The sour this week is amazing.,2026-04-29T19:48:53.285646+00:00
sim_tap_room,tick_sim_tap_room_c8fc69db2345,Pini Ben-Haim,5,For beer geeks this is paradise. Flight of four is the move for first-timers.,2026-04-29T19:48:53.285646+00:00
sim_tap_room,tick_sim_tap_room_f4a12dd42f1c,Yonit Ziv,5,Consistent quality across every visit. The double IPA is exceptional and the staff are genuine experts.,2026-04-29T19:48:53.285646+00:00
sim_lager_ale_tlv,tick_sim_lager_ale_tlv_66fc90a52492,Shai Biton,5,Live jazz on Friday + that porter = perfect evening. Will return weekly.,2026-04-29T21:06:44.431536+00:00
sim_beer_garden,tick_sim_beer_garden_1034bd043d34,Shir Blum,5,Best outdoor bar in the city. We come every Sunday — the brunch + beer combo is a ritual now.,2026-04-29T21:07:11.069628+00:00
sim_beer_garden,tick_sim_beer_garden_c4ef18e0fc09,Nurit Ben-David,5,"Perfect for a first date — beautiful setting, relaxed pace, good drink list.",2026-04-29T21:07:11.069628+00:00
sim_tap_room,tick_sim_tap_room_6e98da0bd283,Limor Sela,4,Serious craft beer bar. The staff can talk for hours about beer styles. Very knowledgeable.,2026-04-29T21:07:28.063843+00:00
sim_tap_room,tick_sim_tap_room_bb6ceec59294,Gad Cohen,4,Serious about craft in a way most Tel Aviv bars aren't. Pricey but fair for the curation.,2026-04-29T21:07:28.063843+00:00
sim_tap_room,tick_sim_tap_room_d1462e6d6bd9,Stav Rosen,5,"No shortcuts, just great beer and passion. This is what a craft beer bar should be.",2026-04-29T21:07:28.063843+00:00
sim_lager_ale_tlv,tick_sim_lager_ale_tlv_127cbeaa7e2b,Itai Gold,4,Solid bar with real personality. The porter is my regular order. Seating gets tight by 9pm.,2026-04-29T22:31:14.511452+00:00
sim_beer_garden,tick_sim_beer_garden_d5524f085bc3,Dina Koren,3,Pretty place but the beer selection is limited to mainstream brands. Go for the atmosphere.,2026-04-29T22:31:33.084066+00:00
sim_beer_garden,tick_sim_beer_garden_ea9c0c28818e,Avi Stern,5,Magical atmosphere on a warm night. Staff are genuinely friendly and the garden is immaculate.,2026-04-29T22:31:33.084066+00:00
sim_tap_room,tick_sim_tap_room_1a5dad08f511,Yaron Green,4,The flight of four is a great way to explore. Always discover something new here.,2026-04-29T22:31:49.886001+00:00
sim_tap_room,tick_sim_tap_room_3fa901d6ca27,Tali Katz,4,Tiny bar but big on quality. Standing room only on Thursdays but worth the squeeze.,2026-04-29T22:31:49.886001+00:00
sim_tap_room,tick_sim_tap_room_8efc52a5edde,Limor Sela,4,Serious craft beer bar. The staff can talk for hours about beer styles. Very knowledgeable.,2026-04-29T22:31:49.886001+00:00
sim_lager_ale_tlv,tick_sim_lager_ale_tlv_f2125dd9717c,Tali Sela,3,Nice place but quite loud. Hard to hold a conversation at peak hours.,2026-04-29T23:55:13.211140+00:00
sim_lager_ale_tlv,tick_sim_lager_ale_tlv_fd93712a832c,Dana Freed,4,"Great spot, gets crowded on weekends but the quality is consistent. Love the rotating taps.",2026-04-29T23:55:13.211140+00:00
sim_beer_garden,tick_sim_beer_garden_9e679c8e9d0b,Sari Ben-Zion,2,Beer arrived warm twice. Beautiful space but execution needs work.,2026-04-29T23:55:30.189975+00:00
sim_beer_garden,tick_sim_beer_garden_c49776c2111c,Amos Tzur,3,"Service is inconsistent — sometimes fast, sometimes you're waiting forever. Nice garden though.",2026-04-29T23:55:30.189975+00:00
sim_beer_garden,tick_sim_beer_garden_c6514788c44f,Limor Raz,4,Solid neighborhood bar elevated by the outdoor area. The burger + pale ale is the combo.,2026-04-29T23:55:30.189975+00:00
sim_tap_room,tick_sim_tap_room_143ed562b278,Rafi Levi,5,If you care about craft beer this is your place. They import rare stuff you genuinely can't find elsewhere.,2026-04-29T23:55:45.564690+00:00
sim_tap_room,tick_sim_tap_room_b8dacdedb380,Anat Friedman,3,The beer is excellent but the bar is small and cramped. Hard to get a seat on weekends.,2026-04-29T23:55:45.564690+00:00
sim_tap_room,tick_sim_tap_room_eef43aa7e7e8,Pini Ben-Haim,5,For beer geeks this is paradise. Flight of four is the move for first-timers.,2026-04-29T23:55:45.564690+00:00
sim_lager_ale_tlv,tick_sim_lager_ale_tlv_4faf8926575d,Gal Peretz,5,My friends think I work here because I keep recommending it. The stout is life-changing.,2026-04-30T02:57:09.229103+00:00
sim_lager_ale_tlv,tick_sim_lager_ale_tlv_51e481de867e,Tamar Levy,5,The cheese board and the Belgian wheat are a match made in heaven. Flawless experience.,2026-04-30T02:57:09.229103+00:00
sim_lager_ale_tlv,tick_sim_lager_ale_tlv_fc751a92f33e,Dor Avni,5,"Incredible tap list, something new every visit. The double IPA right now is world class.",2026-04-30T02:57:09.229103+00:00
sim_beer_garden,tick_sim_beer_garden_160084eb222c,Limor Raz,4,Solid neighborhood bar elevated by the outdoor area. The burger + pale ale is the combo.,2026-04-30T02:57:27.310306+00:00
sim_beer_garden,tick_sim_beer_garden_1dab8be87f72,Yuval Paz,5,"The garden at sunset is something else. Cold lager, fairy lights, zero stress.",2026-04-30T02:57:27.310306+00:00
sim_beer_garden,tick_sim_beer_garden_5a16f960a9d1,Tal Weiss,5,The garden brunch is an institution. Go on a Sunday morning and thank me later.,2026-04-30T02:57:27.310306+00:00
sim_tap_room,tick_sim_tap_room_00ef5d0a7095,Ronit Shahar,4,Great beer education — staff will help you find exactly what you're looking for.,2026-04-30T02:57:43.253415+00:00
sim_tap_room,tick_sim_tap_room_c1baf588a809,Stav Rosen,5,"No shortcuts, just great beer and passion. This is what a craft beer bar should be.",2026-04-30T02:57:43.253415+00:00
sim_lager_ale_tlv,tick_sim_lager_ale_tlv_224bce7d6f01,Nadav Shapiro,4,Great discovery. The flight of four is perfect for exploring without committing to a pint.,2026-04-30T06:08:59.216947+00:00
sim_lager_ale_tlv,tick_sim_lager_ale_tlv_3567e61df97f,Adi Ben-Shahar,5,"Quiet Monday evening, bartender talked me through six taps. Left knowing a lot more about beer.",2026-04-30T06:08:59.216947+00:00
sim_lager_ale_tlv,tick_sim_lager_ale_tlv_8606e125a2e9,Ran Ofer,5,Outdoor seating on a warm evening with a cold craft lager. Tel Aviv at its finest.,2026-04-30T06:08:59.216947+00:00
sim_lager_ale_tlv,tick_sim_lager_ale_tlv_f34839f50d60,Keren Ziv,3,Waited 15 minutes for a drink on a Friday. Beer was worth it but the wait was frustrating.,2026-04-30T06:08:59.216947+00:00
sim_beer_garden,tick_sim_beer_garden_459863e4fc1e,Yossi Katz,4,Great for groups — big tables and the staff handles crowds well. Wish the tap list were wider.,2026-04-30T06:09:17.554401+00:00
sim_beer_garden,tick_sim_beer_garden_51dbaf4f665d,Erez Bar,4,Regular haunt for us. Not the most adventurous tap list but reliably good.,2026-04-30T06:09:17.554401+00:00
sim_tap_room,tick_sim_tap_room_610b35cbb697,Omer Klein,3,"Amazing tap list, claustrophobic space. Hard to relax when you're shoulder to shoulder.",2026-04-30T06:09:36.561471+00:00
sim_lager_ale_tlv,tick_sim_lager_ale_tlv_085881837b3e,Omer Katz,5,Happy hour deals on weekdays are genuinely good. The pale ale hits different at half price.,2026-04-30T08:39:17.183732+00:00
sim_lager_ale_tlv,tick_sim_lager_ale_tlv_d4c93cd02ee8,Itai Gold,4,Solid bar with real personality. The porter is my regular order. Seating gets tight by 9pm.,2026-04-30T08:39:17.183732+00:00
sim_lager_ale_tlv,tick_sim_lager_ale_tlv_d7cfc04504fb,Dana Freed,4,"Great spot, gets crowded on weekends but the quality is consistent. Love the rotating taps.",2026-04-30T08:39:17.183732+00:00
sim_beer_garden,tick_sim_beer_garden_85d9e4d2ec4f,Gadi Mor,5,"Came on a Tuesday evening — quiet, gorgeous, and the lager was perfectly cold. Love this place.",2026-04-30T08:39:38.264902+00:00
sim_lager_ale_tlv,tick_sim_lager_ale_tlv_785600a33436,Michal Saar,5,"The sampler board is the move for a first visit. Five styles, all excellent, good value.",2026-04-30T10:56:20.037470+00:00
sim_lager_ale_tlv,tick_sim_lager_ale_tlv_f1680a14db43,Adi Ben-Shahar,5,"Quiet Monday evening, bartender talked me through six taps. Left knowing a lot more about beer.",2026-04-30T10:56:20.037470+00:00
sim_beer_garden,tick_sim_beer_garden_c0d8f305be47,Nurit Ben-David,5,"Perfect for a first date — beautiful setting, relaxed pace, good drink list.",2026-04-30T10:56:35.685429+00:00
sim_lager_ale_tlv,tick_sim_lager_ale_tlv_754e55aa1d48,Tali Sela,3,Nice place but quite loud. Hard to hold a conversation at peak hours.,2026-04-30T12:17:04.134784+00:00
sim_lager_ale_tlv,tick_sim_lager_ale_tlv_cbd24f2f4868,Ayelet Ron,4,Love the concept — always something on tap I haven't tried. Wish they did more food.,2026-04-30T12:17:04.134784+00:00
sim_lager_ale_tlv,tick_sim_lager_ale_tlv_efde50d9d1c5,Michal Saar,5,"The sampler board is the move for a first visit. Five styles, all excellent, good value.",2026-04-30T14:33:55.117846+00:00
sim_tap_room,tick_sim_tap_room_04883f5e3515,Anat Friedman,3,The beer is excellent but the bar is small and cramped. Hard to get a seat on weekends.,2026-04-30T14:34:09.132807+00:00
sim_beer_garden,tick_sim_beer_garden_bba7b293b7c3,Ran Blum,2,"Expected more given the reputation. Noisy, cramped on the weekend, and the service was scattered.",2026-04-30T16:19:51.815830+00:00
sim_tap_room,tick_sim_tap_room_c3c9420c4974,Omer Klein,3,"Amazing tap list, claustrophobic space. Hard to relax when you're shoulder to shoulder.",2026-04-30T16:20:05.316033+00:00
sim_tap_room,tick_sim_tap_room_c3ed48e552c6,Gad Cohen,4,Serious about craft in a way most Tel Aviv bars aren't. Pricey but fair for the curation.,2026-04-30T16:20:05.316033+00:00
sim_beer_garden,tick_sim_beer_garden_cdf048f22106,Sari Ben-Zion,2,Beer arrived warm twice. Beautiful space but execution needs work.,2026-04-30T17:50:54.384594+00:00
sim_tap_room,tick_sim_tap_room_522d98e2c064,Noam Elul,4,Love the chalkboard tap list. Something new every time. The sour this week is amazing.,2026-04-30T17:51:15.242022+00:00
sim_tap_room,tick_sim_tap_room_6a1365a0bf8e,Stav Rosen,5,"No shortcuts, just great beer and passion. This is what a craft beer bar should be.",2026-04-30T17:51:15.242022+00:00
sim_tap_room,tick_sim_tap_room_d9f267f67c3c,Shani Cohen,5,The barrel-aged stout they had last week was the best beer I've had in years. Staff know their stuff.,2026-04-30T17:51:15.242022+00:00
sim_lager_ale_tlv,tick_sim_lager_ale_tlv_4b79de30cd80,Tali Sela,3,Nice place but quite loud. Hard to hold a conversation at peak hours.,2026-04-30T19:23:12.869413+00:00
sim_beer_garden,tick_sim_beer_garden_5b79feab7dc8,Ran Blum,2,"Expected more given the reputation. Noisy, cramped on the weekend, and the service was scattered.",2026-04-30T19:23:29.128488+00:00
sim_beer_garden,tick_sim_beer_garden_887f7309a18a,Boaz Ofer,3,"Overpriced for what it is. You're paying for the garden, not the beer quality.",2026-04-30T19:23:29.128488+00:00
sim_tap_room,tick_sim_tap_room_7d34c170742b,Noam Elul,4,Love the chalkboard tap list. Something new every time. The sour this week is amazing.,2026-04-30T19:23:45.784271+00:00
sim_tap_room,tick_sim_tap_room_a68081c2f35a,Inbal Mor,5,"The rotating list keeps me coming back weekly. Never the same beer twice, always excellent.",2026-04-30T19:23:45.784271+00:00
sim_tap_room,tick_sim_tap_room_a8b2c0cd8a73,Dotan Peretz,5,The chalkboard tap list changes constantly. Something new every visit. The DIPA right now is extraordinary.,2026-04-30T19:23:45.784271+00:00
sim_tap_room,tick_sim_tap_room_ccd5ca16f24e,Yonit Ziv,5,Consistent quality across every visit. The double IPA is exceptional and the staff are genuine experts.,2026-04-30T19:23:45.784271+00:00
sim_lager_ale_tlv,tick_sim_lager_ale_tlv_777d89b70e90,Nadav Shapiro,4,Great discovery. The flight of four is perfect for exploring without committing to a pint.,2026-04-30T20:39:16.279277+00:00
sim_beer_garden,tick_sim_beer_garden_596c41874126,Boaz Ofer,3,"Overpriced for what it is. You're paying for the garden, not the beer quality.",2026-04-30T20:39:31.962586+00:00
sim_beer_garden,tick_sim_beer_garden_82a08e5abcd0,Erez Bar,4,Regular haunt for us. Not the most adventurous tap list but reliably good.,2026-04-30T20:39:31.962586+00:00
sim_tap_room,tick_sim_tap_room_1e3b9e6803e5,Inbal Mor,5,"The rotating list keeps me coming back weekly. Never the same beer twice, always excellent.",2026-04-30T20:39:46.501357+00:00
sim_tap_room,tick_sim_tap_room_2d83d87feb19,Yonit Ziv,5,Consistent quality across every visit. The double IPA is exceptional and the staff are genuine experts.,2026-04-30T20:39:46.501357+00:00
sim_tap_room,tick_sim_tap_room_77d8d179551f,Amir Sagi,5,"24 taps, all rotating, all excellent. This is the only craft beer bar that really gets it in Tel Aviv.",2026-04-30T20:39:46.501357+00:00
sim_tap_room,tick_sim_tap_room_ce3e35d0cefd,Pini Ben-Haim,5,For beer geeks this is paradise. Flight of four is the move for first-timers.,2026-04-30T20:39:46.501357+00:00
sim_tap_room,tick_sim_tap_room_ec18edfda1d7,Gad Cohen,4,Serious about craft in a way most Tel Aviv bars aren't. Pricey but fair for the curation.,2026-04-30T20:39:46.501357+00:00
sim_lager_ale_tlv,tick_sim_lager_ale_tlv_c6762728e28a,Nadav Shapiro,4,Great discovery. The flight of four is perfect for exploring without committing to a pint.,2026-04-30T21:56:17.200603+00:00
sim_lager_ale_tlv,tick_sim_lager_ale_tlv_fd8aa38ea215,Dor Avni,5,"Incredible tap list, something new every visit. The double IPA right now is world class.",2026-04-30T21:56:17.200603+00:00
sim_beer_garden,tick_sim_beer_garden_44234e6a121d,Amos Tzur,3,"Service is inconsistent — sometimes fast, sometimes you're waiting forever. Nice garden though.",2026-04-30T21:56:32.752825+00:00
sim_beer_garden,tick_sim_beer_garden_7f5bd8c3ab67,Erez Bar,4,Regular haunt for us. Not the most adventurous tap list but reliably good.,2026-04-30T21:56:32.752825+00:00
sim_beer_garden,tick_sim_beer_garden_95990751c605,Yossi Katz,4,Great for groups — big tables and the staff handles crowds well. Wish the tap list were wider.,2026-04-30T21:56:32.752825+00:00
sim_tap_room,tick_sim_tap_room_00efb5d1cb90,Orli Bar,5,Staff recommended a sour I would never have picked myself — it was outstanding. Real expertise here.,2026-04-30T21:56:45.631878+00:00
sim_tap_room,tick_sim_tap_room_0e98e946132f,Inbal Mor,5,"The rotating list keeps me coming back weekly. Never the same beer twice, always excellent.",2026-04-30T21:56:45.631878+00:00
sim_tap_room,tick_sim_tap_room_1c1dbc416c9a,Dotan Peretz,5,The chalkboard tap list changes constantly. Something new every visit. The DIPA right now is extraordinary.,2026-04-30T21:56:45.631878+00:00
sim_tap_room,tick_sim_tap_room_ac9b5754946b,Noam Elul,4,Love the chalkboard tap list. Something new every time. The sour this week is amazing.,2026-04-30T21:56:45.631878+00:00
sim_tap_room,tick_sim_tap_room_b379bf0ea913,Yonit Ziv,5,Consistent quality across every visit. The double IPA is exceptional and the staff are genuine experts.,2026-04-30T21:56:45.631878+00:00
sim_lager_ale_tlv,tick_sim_lager_ale_tlv_97714b6cb0ae,Itai Gold,4,Solid bar with real personality. The porter is my regular order. Seating gets tight by 9pm.,2026-04-30T22:55:52.763251+00:00
sim_lager_ale_tlv,tick_sim_lager_ale_tlv_c2c720698811,Ayelet Ron,4,Love the concept — always something on tap I haven't tried. Wish they did more food.,2026-04-30T22:55:52.763251+00:00
sim_lager_ale_tlv,tick_sim_lager_ale_tlv_faa6e3483041,Dana Freed,4,"Great spot, gets crowded on weekends but the quality is consistent. Love the rotating taps.",2026-04-30T22:55:52.763251+00:00
sim_beer_garden,tick_sim_beer_garden_1e91f5aee827,Erez Bar,4,Regular haunt for us. Not the most adventurous tap list but reliably good.,2026-04-30T22:56:08.540678+00:00
sim_beer_garden,tick_sim_beer_garden_21ccfbae88b8,Avi Stern,5,Magical atmosphere on a warm night. Staff are genuinely friendly and the garden is immaculate.,2026-04-30T22:56:08.540678+00:00
sim_beer_garden,tick_sim_beer_garden_5fa8a0050f9e,Kobi Levi,5,The cider is a hidden gem here. Garden is well maintained and vibe is just right.,2026-04-30T22:56:08.540678+00:00
sim_tap_room,tick_sim_tap_room_316ecd0887cc,Amir Sagi,5,"24 taps, all rotating, all excellent. This is the only craft beer bar that really gets it in Tel Aviv.",2026-04-30T22:56:25.917196+00:00
sim_tap_room,tick_sim_tap_room_68a71f5406b5,Shani Cohen,5,The barrel-aged stout they had last week was the best beer I've had in years. Staff know their stuff.,2026-04-30T22:56:25.917196+00:00
sim_tap_room,tick_sim_tap_room_ae57787d7ae0,Rafi Levi,5,If you care about craft beer this is your place. They import rare stuff you genuinely can't find elsewhere.,2026-04-30T22:56:25.917196+00:00
sim_tap_room,tick_sim_tap_room_bf941a7d72db,Moshe Shaul,5,Raised the bar for craft beer in this city. The session IPA on tap now is brilliant.,2026-04-30T22:56:25.917196+00:00
sim_tap_room,tick_sim_tap_room_e8869168aeba,Limor Sela,4,Serious craft beer bar. The staff can talk for hours about beer styles. Very knowledgeable.,2026-04-30T22:56:25.917196+00:00
sim_lager_ale_tlv,tick_sim_lager_ale_tlv_50302e6ca77e,Ofer Mizrahi,4,"Good selection, friendly staff. Slightly pricey but you're paying for curation.",2026-04-30T23:55:06.934549+00:00
sim_lager_ale_tlv,tick_sim_lager_ale_tlv_6333c40b9628,Liron Ben-Zvi,4,Industrial design and long bar are a vibe. Service is fast even when full.,2026-04-30T23:55:06.934549+00:00
sim_beer_garden,tick_sim_beer_garden_08f5dbf7b35c,Limor Raz,4,Solid neighborhood bar elevated by the outdoor area. The burger + pale ale is the combo.,2026-04-30T23:55:27.226950+00:00
sim_beer_garden,tick_sim_beer_garden_b13695d4257e,Neta Gold,4,The garden in the evening is beautiful. Service is friendly if a little slow.,2026-04-30T23:55:27.226950+00:00
sim_beer_garden,tick_sim_beer_garden_dc923d00d4c1,Kobi Levi,5,The cider is a hidden gem here. Garden is well maintained and vibe is just right.,2026-04-30T23:55:27.226950+00:00
sim_tap_room,tick_sim_tap_room_0322f97d8690,Limor Sela,4,Serious craft beer bar. The staff can talk for hours about beer styles. Very knowledgeable.,2026-04-30T23:55:43.793439+00:00
sim_tap_room,tick_sim_tap_room_9da0481a0b4a,Gad Cohen,4,Serious about craft in a way most Tel Aviv bars aren't. Pricey but fair for the curation.,2026-04-30T23:55:43.793439+00:00
sim_tap_room,tick_sim_tap_room_c7734bf6feb7,Yaron Green,4,The flight of four is a great way to explore. Always discover something new here.,2026-04-30T23:55:43.793439+00:00
sim_lager_ale_tlv,tick_sim_lager_ale_tlv_016d2c5d7a25,Yarden Cohen,5,"Came for one beer, stayed for three. The seasonal sour was outstanding.",2026-05-01T03:29:00.458292+00:00
sim_lager_ale_tlv,tick_sim_lager_ale_tlv_048fa34ed806,Michal Saar,5,"The sampler board is the move for a first visit. Five styles, all excellent, good value.",2026-05-01T03:29:00.458292+00:00
sim_lager_ale_tlv,tick_sim_lager_ale_tlv_0496a8c7348c,Ofer Mizrahi,4,"Good selection, friendly staff. Slightly pricey but you're paying for curation.",2026-05-01T03:29:00.458292+00:00
sim_lager_ale_tlv,tick_sim_lager_ale_tlv_67d598b10b7b,Adi Ben-Shahar,5,"Quiet Monday evening, bartender talked me through six taps. Left knowing a lot more about beer.",2026-05-01T03:29:00.458292+00:00
sim_lager_ale_tlv,tick_sim_lager_ale_tlv_6fd595446d20,Dor Avni,5,"Incredible tap list, something new every visit. The double IPA right now is world class.",2026-05-01T03:29:00.458292+00:00
sim_beer_garden,tick_sim_beer_garden_353edfd6505f,Kobi Levi,5,The cider is a hidden gem here. Garden is well maintained and vibe is just right.,2026-05-01T03:29:18.209099+00:00
sim_beer_garden,tick_sim_beer_garden_d88ae9dd86a1,Limor Raz,4,Solid neighborhood bar elevated by the outdoor area. The burger + pale ale is the combo.,2026-05-01T03:29:18.209099+00:00
sim_beer_garden,tick_sim_beer_garden_ec6f0e036acb,Boaz Ofer,3,"Overpriced for what it is. You're paying for the garden, not the beer quality.",2026-05-01T03:29:18.209099+00:00
sim_tap_room,tick_sim_tap_room_93531cb17844,Barak Levi,3,"Good selection but pricey. You're paying for the curation, which is fair, but still.",2026-05-01T03:29:35.531235+00:00
sim_tap_room,tick_sim_tap_room_9e9b4180ee94,Dana Dagan,2,"Waited 20 minutes to order at the bar. No apology, no acknowledgement. Beer was good but still.",2026-05-01T03:29:35.531235+00:00
sim_tap_room,tick_sim_tap_room_d3d7bd458e15,Omer Klein,3,"Amazing tap list, claustrophobic space. Hard to relax when you're shoulder to shoulder.",2026-05-01T03:29:35.531235+00:00
sim_tap_room,tick_sim_tap_room_dfb2126d5d34,Ilan Tzur,1,"Turned away at the door — 'too full'. Couldn't even see inside. Never tried, never will.",2026-05-01T03:29:35.531235+00:00
sim_lager_ale_tlv,tick_sim_lager_ale_tlv_0c3ccaafc7de,Dor Avni,5,"Incredible tap list, something new every visit. The double IPA right now is world class.",2026-05-01T06:27:03.379410+00:00
sim_lager_ale_tlv,tick_sim_lager_ale_tlv_0e98e3ce51ca,Omer Katz,5,Happy hour deals on weekdays are genuinely good. The pale ale hits different at half price.,2026-05-01T06:27:03.379410+00:00
sim_lager_ale_tlv,tick_sim_lager_ale_tlv_a0b4a0137e28,Gal Peretz,5,My friends think I work here because I keep recommending it. The stout is life-changing.,2026-05-01T06:27:03.379410+00:00
sim_lager_ale_tlv,tick_sim_lager_ale_tlv_d482f5a1e438,Tamar Levy,5,The cheese board and the Belgian wheat are a match made in heaven. Flawless experience.,2026-05-01T06:27:03.379410+00:00
sim_lager_ale_tlv,tick_sim_lager_ale_tlv_fd77756b9388,Itai Gold,4,Solid bar with real personality. The porter is my regular order. Seating gets tight by 9pm.,2026-05-01T06:27:03.379410+00:00
sim_beer_garden,tick_sim_beer_garden_615330c3b15e,Nurit Ben-David,5,"Perfect for a first date — beautiful setting, relaxed pace, good drink list.",2026-05-01T06:27:20.294340+00:00
sim_beer_garden,tick_sim_beer_garden_7f40b671b239,Neta Gold,4,The garden in the evening is beautiful. Service is friendly if a little slow.,2026-05-01T06:27:20.294340+00:00
sim_beer_garden,tick_sim_beer_garden_c358961ba00d,Hila Ohayon,5,"Took my team here for a celebration. Big tables, great service, everyone was happy.",2026-05-01T06:27:20.294340+00:00
sim_tap_room,tick_sim_tap_room_0c96d5f0103c,Anat Friedman,3,The beer is excellent but the bar is small and cramped. Hard to get a seat on weekends.,2026-05-01T06:27:40.506124+00:00
sim_tap_room,tick_sim_tap_room_752eefd5e0d1,Dana Dagan,2,"Waited 20 minutes to order at the bar. No apology, no acknowledgement. Beer was good but still.",2026-05-01T06:27:40.506124+00:00
sim_lager_ale_tlv,tick_sim_lager_ale_tlv_12000d4e34b1,Liron Ben-Zvi,4,Industrial design and long bar are a vibe. Service is fast even when full.,2026-05-01T08:29:55.197328+00:00
sim_lager_ale_tlv,tick_sim_lager_ale_tlv_1d8217022ac4,Ran Ofer,5,Outdoor seating on a warm evening with a cold craft lager. Tel Aviv at its finest.,2026-05-01T08:29:55.197328+00:00
sim_lager_ale_tlv,tick_sim_lager_ale_tlv_48b7f65be831,Tamar Levy,5,The cheese board and the Belgian wheat are a match made in heaven. Flawless experience.,2026-05-01T08:29:55.197328+00:00
sim_lager_ale_tlv,tick_sim_lager_ale_tlv_6e8ed813a629,Michal Saar,5,"The sampler board is the move for a first visit. Five styles, all excellent, good value.",2026-05-01T08:29:55.197328+00:00
sim_lager_ale_tlv,tick_sim_lager_ale_tlv_ba8574a82ffc,Ayelet Ron,4,Love the concept — always something on tap I haven't tried. Wish they did more food.,2026-05-01T08:29:55.197328+00:00
sim_beer_garden,tick_sim_beer_garden_7e3e544e7e17,Sari Ben-Zion,2,Beer arrived warm twice. Beautiful space but execution needs work.,2026-05-01T08:30:12.307859+00:00
sim_beer_garden,tick_sim_beer_garden_8e530f9e35cc,Yossi Katz,4,Great for groups — big tables and the staff handles crowds well. Wish the tap list were wider.,2026-05-01T08:30:12.307859+00:00
sim_tap_room,tick_sim_tap_room_2138fa3d3af5,Ilan Tzur,1,"Turned away at the door — 'too full'. Couldn't even see inside. Never tried, never will.",2026-05-01T08:30:30.534972+00:00
sim_lager_ale_tlv,tick_sim_lager_ale_tlv_09546bfa657c,Nadav Shapiro,4,Great discovery. The flight of four is perfect for exploring without committing to a pint.,2026-05-01T10:08:48.778701+00:00
sim_lager_ale_tlv,tick_sim_lager_ale_tlv_2f4b3788b779,Tali Sela,3,Nice place but quite loud. Hard to hold a conversation at peak hours.,2026-05-01T10:08:48.778701+00:00
sim_lager_ale_tlv,tick_sim_lager_ale_tlv_826c3051f82a,Noa Eitan,5,"Best bar on Rothschild, no contest. Knowledgeable staff and rotating craft options.",2026-05-01T10:08:48.778701+00:00
sim_lager_ale_tlv,tick_sim_lager_ale_tlv_8d919bd87fc0,Shai Biton,5,Live jazz on Friday + that porter = perfect evening. Will return weekly.,2026-05-01T10:08:48.778701+00:00
sim_beer_garden,tick_sim_beer_garden_beea979d59b3,Roni Samson,4,Beautiful outdoor setting. Beer selection is mostly mainstream but the atmosphere makes up for it.,2026-05-01T10:09:10.728166+00:00
sim_lager_ale_tlv,tick_sim_lager_ale_tlv_267cfd8b6e3e,Benny Har,3,"Decent selection, nothing extraordinary. Prices are on the high side for the area.",2026-05-01T11:39:16.626927+00:00
sim_lager_ale_tlv,tick_sim_lager_ale_tlv_bbe4b9023ab5,Dor Avni,5,"Incredible tap list, something new every visit. The double IPA right now is world class.",2026-05-01T11:39:16.626927+00:00
sim_lager_ale_tlv,tick_sim_lager_ale_tlv_fda77656951c,Dana Freed,4,"Great spot, gets crowded on weekends but the quality is consistent. Love the rotating taps.",2026-05-01T11:39:16.626927+00:00
sim_beer_garden,tick_sim_beer_garden_4cef17d176dd,Yael Gross,3,Nice on a weekday. Packed and hard to find a seat on weekends.,2026-05-01T11:39:30.239311+00:00
sim_tap_room,tick_sim_tap_room_a82538c6900b,Ilan Tzur,1,"Turned away at the door — 'too full'. Couldn't even see inside. Never tried, never will.",2026-05-01T11:39:43.776626+00:00
sim_lager_ale_tlv,tick_sim_lager_ale_tlv_23a08ad17afe,Nadav Shapiro,4,Great discovery. The flight of four is perfect for exploring without committing to a pint.,2026-05-01T13:19:57.459871+00:00
sim_lager_ale_tlv,tick_sim_lager_ale_tlv_49633cf8f307,Liron Ben-Zvi,4,Industrial design and long bar are a vibe. Service is fast even when full.,2026-05-01T13:19:57.459871+00:00
sim_tap_room,tick_sim_tap_room_0e657ee6c77d,Dana Dagan,2,"Waited 20 minutes to order at the bar. No apology, no acknowledgement. Beer was good but still.",2026-05-01T13:20:14.642107+00:00
sim_lager_ale_tlv,tick_sim_lager_ale_tlv_a09eae93c6f3,Rami Dor,2,Too crowded and too loud. Had to shout to order. Beer was fine but the experience wasn't.,2026-05-01T14:36:51.877949+00:00
sim_tap_room,tick_sim_tap_room_8898a67da816,Yoni Bar,2,"Too small, too loud, too crowded. The beer is great but the experience isn't worth it on weekends.",2026-05-01T14:37:07.472683+00:00
sim_tap_room,tick_sim_tap_room_addc5be5639e,Dana Dagan,2,"Waited 20 minutes to order at the bar. No apology, no acknowledgement. Beer was good but still.",2026-05-01T14:37:07.472683+00:00
sim_tap_room,tick_sim_tap_room_e072cb997520,Barak Levi,3,"Good selection but pricey. You're paying for the curation, which is fair, but still.",2026-05-01T14:37:07.472683+00:00
sim_lager_ale_tlv,tick_sim_lager_ale_tlv_4d86df95f81b,Keren Ziv,3,Waited 15 minutes for a drink on a Friday. Beer was worth it but the wait was frustrating.,2026-05-01T15:58:21.593936+00:00
sim_beer_garden,tick_sim_beer_garden_76adba5750ff,Yael Gross,3,Nice on a weekday. Packed and hard to find a seat on weekends.,2026-05-01T15:58:40.574089+00:00
sim_tap_room,tick_sim_tap_room_19f8f09512ea,Tali Katz,4,Tiny bar but big on quality. Standing room only on Thursdays but worth the squeeze.,2026-05-01T15:58:56.846257+00:00
sim_tap_room,tick_sim_tap_room_30de26a066f1,Yoni Bar,2,"Too small, too loud, too crowded. The beer is great but the experience isn't worth it on weekends.",2026-05-01T15:58:56.846257+00:00
sim_tap_room,tick_sim_tap_room_6f07f66a4b7c,Barak Levi,3,"Good selection but pricey. You're paying for the curation, which is fair, but still.",2026-05-01T15:58:56.846257+00:00
sim_tap_room,tick_sim_tap_room_df2c0338cef2,Dana Dagan,2,"Waited 20 minutes to order at the bar. No apology, no acknowledgement. Beer was good but still.",2026-05-01T15:58:56.846257+00:00
sim_beer_garden,tick_sim_beer_garden_a16b07995bdc,Yael Gross,3,Nice on a weekday. Packed and hard to find a seat on weekends.,2026-05-01T17:07:12.970354+00:00
sim_tap_room,tick_sim_tap_room_0152de2d84d1,Michal Raz,3,The beer is great but the food menu is very limited. Come for drinks only.,2026-05-01T17:07:30.659953+00:00
sim_tap_room,tick_sim_tap_room_412fb62fc479,Anat Friedman,3,The beer is excellent but the bar is small and cramped. Hard to get a seat on weekends.,2026-05-01T17:07:30.659953+00:00
sim_tap_room,tick_sim_tap_room_4828a4cedcf9,Dana Dagan,2,"Waited 20 minutes to order at the bar. No apology, no acknowledgement. Beer was good but still.",2026-05-01T17:07:30.659953+00:00
sim_tap_room,tick_sim_tap_room_bf31291e899f,Yoni Bar,2,"Too small, too loud, too crowded. The beer is great but the experience isn't worth it on weekends.",2026-05-01T17:07:30.659953+00:00
sim_tap_room,tick_sim_tap_room_c898e406ae82,Limor Sela,4,Serious craft beer bar. The staff can talk for hours about beer styles. Very knowledgeable.,2026-05-01T17:07:30.659953+00:00
sim_lager_ale_tlv,tick_sim_lager_ale_tlv_f6efd13377f7,Shai Biton,5,Live jazz on Friday + that porter = perfect evening. Will return weekly.,2026-05-01T18:38:23.890506+00:00
sim_beer_garden,tick_sim_beer_garden_05967a753d3e,Shir Blum,5,Best outdoor bar in the city. We come every Sunday — the brunch + beer combo is a ritual now.,2026-05-01T18:38:40.108923+00:00
sim_beer_garden,tick_sim_beer_garden_0fe3941b2982,Yuval Paz,5,"The garden at sunset is something else. Cold lager, fairy lights, zero stress.",2026-05-01T18:38:40.108923+00:00
sim_beer_garden,tick_sim_beer_garden_73624167d8a2,Yossi Katz,4,Great for groups — big tables and the staff handles crowds well. Wish the tap list were wider.,2026-05-01T18:38:40.108923+00:00
sim_tap_room,tick_sim_tap_room_079cac9a0a7f,Omer Klein,3,"Amazing tap list, claustrophobic space. Hard to relax when you're shoulder to shoulder.",2026-05-01T18:38:57.392957+00:00
sim_tap_room,tick_sim_tap_room_11b5882dddb0,Barak Levi,3,"Good selection but pricey. You're paying for the curation, which is fair, but still.",2026-05-01T18:38:57.392957+00:00
sim_tap_room,tick_sim_tap_room_365d46402b74,Dana Dagan,2,"Waited 20 minutes to order at the bar. No apology, no acknowledgement. Beer was good but still.",2026-05-01T18:38:57.392957+00:00
sim_tap_room,tick_sim_tap_room_54ce80d2eb8f,Anat Friedman,3,The beer is excellent but the bar is small and cramped. Hard to get a seat on weekends.,2026-05-01T18:38:57.392957+00:00
sim_tap_room,tick_sim_tap_room_59cb131f648a,Limor Sela,4,Serious craft beer bar. The staff can talk for hours about beer styles. Very knowledgeable.,2026-05-01T18:38:57.392957+00:00
sim_tap_room,tick_sim_tap_room_629d887d7788,Ronit Shahar,4,Great beer education — staff will help you find exactly what you're looking for.,2026-05-01T18:38:57.392957+00:00
sim_tap_room,tick_sim_tap_room_6667d7a1cc67,Michal Raz,3,The beer is great but the food menu is very limited. Come for drinks only.,2026-05-01T18:38:57.392957+00:00
sim_tap_room,tick_sim_tap_room_6af294611cdc,Gad Cohen,4,Serious about craft in a way most Tel Aviv bars aren't. Pricey but fair for the curation.,2026-05-01T18:38:57.392957+00:00
sim_tap_room,tick_sim_tap_room_6e88341faf06,Ilan Tzur,1,"Turned away at the door — 'too full'. Couldn't even see inside. Never tried, never will.",2026-05-01T18:38:57.392957+00:00
sim_tap_room,tick_sim_tap_room_742a4c0a6674,Yaron Green,4,The flight of four is a great way to explore. Always discover something new here.,2026-05-01T18:38:57.392957+00:00
sim_tap_room,tick_sim_tap_room_7d6391831f22,Tali Katz,4,Tiny bar but big on quality. Standing room only on Thursdays but worth the squeeze.,2026-05-01T18:38:57.392957+00:00
sim_tap_room,tick_sim_tap_room_a2290b7cf009,Yoni Bar,2,"Too small, too loud, too crowded. The beer is great but the experience isn't worth it on weekends.",2026-05-01T18:38:57.392957+00:00
sim_tap_room,tick_sim_tap_room_a2f2c49a6dd5,Yonit Ziv,5,Consistent quality across every visit. The double IPA is exceptional and the staff are genuine experts.,2026-05-01T18:38:57.392957+00:00
sim_tap_room,tick_sim_tap_room_c19fd38ed4d6,Noam Elul,4,Love the chalkboard tap list. Something new every time. The sour this week is amazing.,2026-05-01T18:38:57.392957+00:00
sim_lager_ale_tlv,tick_sim_lager_ale_tlv_0b6d3427e7cb,Itai Gold,4,Solid bar with real personality. The porter is my regular order. Seating gets tight by 9pm.,2026-05-01T20:05:01.818352+00:00
sim_lager_ale_tlv,tick_sim_lager_ale_tlv_ac5eab1ac722,Ofer Mizrahi,4,"Good selection, friendly staff. Slightly pricey but you're paying for curation.",2026-05-01T20:05:01.818352+00:00
sim_beer_garden,tick_sim_beer_garden_0a5a3d947672,Roni Samson,4,Beautiful outdoor setting. Beer selection is mostly mainstream but the atmosphere makes up for it.,2026-05-01T20:05:25.170010+00:00
sim_beer_garden,tick_sim_beer_garden_3be65e308e93,Boaz Ofer,3,"Overpriced for what it is. You're paying for the garden, not the beer quality.",2026-05-01T20:05:25.170010+00:00
sim_beer_garden,tick_sim_beer_garden_508a0e62d639,Dina Koren,3,Pretty place but the beer selection is limited to mainstream brands. Go for the atmosphere.,2026-05-01T20:05:25.170010+00:00
sim_beer_garden,tick_sim_beer_garden_6b1ce6e7d322,Yossi Katz,4,Great for groups — big tables and the staff handles crowds well. Wish the tap list were wider.,2026-05-01T20:05:25.170010+00:00
sim_tap_room,tick_sim_tap_room_0dd487daf299,Yoni Bar,2,"Too small, too loud, too crowded. The beer is great but the experience isn't worth it on weekends.",2026-05-01T20:05:45.658488+00:00
sim_tap_room,tick_sim_tap_room_34b84a1841e3,Ilan Tzur,1,"Turned away at the door — 'too full'. Couldn't even see inside. Never tried, never will.",2026-05-01T20:05:45.658488+00:00
sim_tap_room,tick_sim_tap_room_36f00b93f5d6,Barak Levi,3,"Good selection but pricey. You're paying for the curation, which is fair, but still.",2026-05-01T20:05:45.658488+00:00
sim_tap_room,tick_sim_tap_room_6c694a342da9,Inbal Mor,5,"The rotating list keeps me coming back weekly. Never the same beer twice, always excellent.",2026-05-01T20:05:45.658488+00:00
sim_tap_room,tick_sim_tap_room_721009609748,Yaron Green,4,The flight of four is a great way to explore. Always discover something new here.,2026-05-01T20:05:45.658488+00:00
sim_tap_room,tick_sim_tap_room_72b827e9342b,Ronit Shahar,4,Great beer education — staff will help you find exactly what you're looking for.,2026-05-01T20:05:45.658488+00:00
sim_tap_room,tick_sim_tap_room_891b95b20c75,Omer Klein,3,"Amazing tap list, claustrophobic space. Hard to relax when you're shoulder to shoulder.",2026-05-01T20:05:45.658488+00:00
sim_tap_room,tick_sim_tap_room_8cde5048bbab,Anat Friedman,3,The beer is excellent but the bar is small and cramped. Hard to get a seat on weekends.,2026-05-01T20:05:45.658488+00:00
sim_tap_room,tick_sim_tap_room_90f006bd4472,Michal Raz,3,The beer is great but the food menu is very limited. Come for drinks only.,2026-05-01T20:05:45.658488+00:00
sim_tap_room,tick_sim_tap_room_a16f8921dee0,Orli Bar,5,Staff recommended a sour I would never have picked myself — it was outstanding. Real expertise here.,2026-05-01T20:05:45.658488+00:00
sim_tap_room,tick_sim_tap_room_d5f7be648cb4,Limor Sela,4,Serious craft beer bar. The staff can talk for hours about beer styles. Very knowledgeable.,2026-05-01T20:05:45.658488+00:00
sim_tap_room,tick_sim_tap_room_d7e6c7e76511,Gad Cohen,4,Serious about craft in a way most Tel Aviv bars aren't. Pricey but fair for the curation.,2026-05-01T20:05:45.658488+00:00
sim_tap_room,tick_sim_tap_room_d8f043f0a152,Dana Dagan,2,"Waited 20 minutes to order at the bar. No apology, no acknowledgement. Beer was good but still.",2026-05-01T20:05:45.658488+00:00
sim_tap_room,tick_sim_tap_room_e1b7cd63033e,Noam Elul,4,Love the chalkboard tap list. Something new every time. The sour this week is amazing.,2026-05-01T20:05:45.658488+00:00
sim_tap_room,tick_sim_tap_room_e73fa09afe3a,Tali Katz,4,Tiny bar but big on quality. Standing room only on Thursdays but worth the squeeze.,2026-05-01T20:05:45.658488+00:00
sim_lager_ale_tlv,tick_sim_lager_ale_tlv_51fef503fcc6,Ayelet Ron,4,Love the concept — always something on tap I haven't tried. Wish they did more food.,2026-05-01T21:25:17.585160+00:00
sim_lager_ale_tlv,tick_sim_lager_ale_tlv_883a0406794a,Itai Gold,4,Solid bar with real personality. The porter is my regular order. Seating gets tight by 9pm.,2026-05-01T21:25:17.585160+00:00
sim_lager_ale_tlv,tick_sim_lager_ale_tlv_d44af5afb99d,Liron Ben-Zvi,4,Industrial design and long bar are a vibe. Service is fast even when full.,2026-05-01T21:25:17.585160+00:00
sim_beer_garden,tick_sim_beer_garden_5a122d3aa262,Hila Ohayon,5,"Took my team here for a celebration. Big tables, great service, everyone was happy.",2026-05-01T21:25:33.208400+00:00
sim_beer_garden,tick_sim_beer_garden_6addee6b669c,Nurit Ben-David,5,"Perfect for a first date — beautiful setting, relaxed pace, good drink list.",2026-05-01T21:25:33.208400+00:00
sim_beer_garden,tick_sim_beer_garden_7acb55fbd0ae,Neta Gold,4,The garden in the evening is beautiful. Service is friendly if a little slow.,2026-05-01T21:25:33.208400+00:00
sim_beer_garden,tick_sim_beer_garden_956957871c1c,Kobi Levi,5,The cider is a hidden gem here. Garden is well maintained and vibe is just right.,2026-05-01T21:25:33.208400+00:00
sim_beer_garden,tick_sim_beer_garden_c1090a5dffa3,Yossi Katz,4,Great for groups — big tables and the staff handles crowds well. Wish the tap list were wider.,2026-05-01T21:25:33.208400+00:00
sim_tap_room,tick_sim_tap_room_06b9b3674c0a,Gad Cohen,4,Serious about craft in a way most Tel Aviv bars aren't. Pricey but fair for the curation.,2026-05-01T21:25:48.057473+00:00
sim_tap_room,tick_sim_tap_room_1a38ad18bb97,Limor Sela,4,Serious craft beer bar. The staff can talk for hours about beer styles. Very knowledgeable.,2026-05-01T21:25:48.057473+00:00
sim_tap_room,tick_sim_tap_room_248c117302db,Barak Levi,3,"Good selection but pricey. You're paying for the curation, which is fair, but still.",2026-05-01T21:25:48.057473+00:00
sim_tap_room,tick_sim_tap_room_29f0c99744bc,Noam Elul,4,Love the chalkboard tap list. Something new every time. The sour this week is amazing.,2026-05-01T21:25:48.057473+00:00
sim_tap_room,tick_sim_tap_room_380e14434408,Tali Katz,4,Tiny bar but big on quality. Standing room only on Thursdays but worth the squeeze.,2026-05-01T21:25:48.057473+00:00
sim_tap_room,tick_sim_tap_room_5874ff37c589,Anat Friedman,3,The beer is excellent but the bar is small and cramped. Hard to get a seat on weekends.,2026-05-01T21:25:48.057473+00:00
sim_tap_room,tick_sim_tap_room_64fcc1e2e21f,Michal Raz,3,The beer is great but the food menu is very limited. Come for drinks only.,2026-05-01T21:25:48.057473+00:00
sim_tap_room,tick_sim_tap_room_7e543273943b,Dotan Peretz,5,The chalkboard tap list changes constantly. Something new every visit. The DIPA right now is extraordinary.,2026-05-01T21:25:48.057473+00:00
sim_tap_room,tick_sim_tap_room_9360d64c9a9e,Yaron Green,4,The flight of four is a great way to explore. Always discover something new here.,2026-05-01T21:25:48.057473+00:00
sim_tap_room,tick_sim_tap_room_a7e40c4e0aac,Moshe Shaul,5,Raised the bar for craft beer in this city. The session IPA on tap now is brilliant.,2026-05-01T21:25:48.057473+00:00
sim_tap_room,tick_sim_tap_room_b23e6a4cbc99,Ilan Tzur,1,"Turned away at the door — 'too full'. Couldn't even see inside. Never tried, never will.",2026-05-01T21:25:48.057473+00:00
sim_tap_room,tick_sim_tap_room_b9875c93be47,Inbal Mor,5,"The rotating list keeps me coming back weekly. Never the same beer twice, always excellent.",2026-05-01T21:25:48.057473+00:00
sim_tap_room,tick_sim_tap_room_cc0434c0a544,Ronit Shahar,4,Great beer education — staff will help you find exactly what you're looking for.,2026-05-01T21:25:48.057473+00:00
sim_tap_room,tick_sim_tap_room_e8a3cc2ebb97,Omer Klein,3,"Amazing tap list, claustrophobic space. Hard to relax when you're shoulder to shoulder.",2026-05-01T21:25:48.057473+00:00
sim_tap_room,tick_sim_tap_room_eb21ba4f9e3a,Pini Ben-Haim,5,For beer geeks this is paradise. Flight of four is the move for first-timers.,2026-05-01T21:25:48.057473+00:00
sim_tap_room,tick_sim_tap_room_ef3271875d6f,Yoni Bar,2,"Too small, too loud, too crowded. The beer is great but the experience isn't worth it on weekends.",2026-05-01T21:25:48.057473+00:00
sim_tap_room,tick_sim_tap_room_f2cd4a38b1e9,Dana Dagan,2,"Waited 20 minutes to order at the bar. No apology, no acknowledgement. Beer was good but still.",2026-05-01T21:25:48.057473+00:00
sim_lager_ale_tlv,tick_sim_lager_ale_tlv_4152f3bd1b74,Dor Avni,5,"Incredible tap list, something new every visit. The double IPA right now is world class.",2026-05-01T22:12:27.805760+00:00
sim_lager_ale_tlv,tick_sim_lager_ale_tlv_50cc9b9653e0,Tamar Levy,5,The cheese board and the Belgian wheat are a match made in heaven. Flawless experience.,2026-05-01T22:12:27.805760+00:00
sim_lager_ale_tlv,tick_sim_lager_ale_tlv_9b160e5a6b02,Noa Eitan,5,"Best bar on Rothschild, no contest. Knowledgeable staff and rotating craft options.",2026-05-01T22:12:27.805760+00:00
sim_lager_ale_tlv,tick_sim_lager_ale_tlv_a551bb7c7d07,Itai Gold,4,Solid bar with real personality. The porter is my regular order. Seating gets tight by 9pm.,2026-05-01T22:12:27.805760+00:00
sim_lager_ale_tlv,tick_sim_lager_ale_tlv_d356cb6654fd,Omer Katz,5,Happy hour deals on weekdays are genuinely good. The pale ale hits different at half price.,2026-05-01T22:12:27.805760+00:00
sim_beer_garden,tick_sim_beer_garden_0f7118758290,Hila Ohayon,5,"Took my team here for a celebration. Big tables, great service, everyone was happy.",2026-05-01T22:12:43.381590+00:00
sim_beer_garden,tick_sim_beer_garden_284ce1c6760a,Yael Gross,3,Nice on a weekday. Packed and hard to find a seat on weekends.,2026-05-01T22:12:43.381590+00:00
sim_beer_garden,tick_sim_beer_garden_933201022862,Yossi Katz,4,Great for groups — big tables and the staff handles crowds well. Wish the tap list were wider.,2026-05-01T22:12:43.381590+00:00
sim_beer_garden,tick_sim_beer_garden_dc673ce808d7,Amos Tzur,3,"Service is inconsistent — sometimes fast, sometimes you're waiting forever. Nice garden though.",2026-05-01T22:12:43.381590+00:00
sim_beer_garden,tick_sim_beer_garden_e2324d71b7a6,Erez Bar,4,Regular haunt for us. Not the most adventurous tap list but reliably good.,2026-05-01T22:12:43.381590+00:00
sim_beer_garden,tick_sim_beer_garden_e86edaa37b7b,Tal Weiss,5,The garden brunch is an institution. Go on a Sunday morning and thank me later.,2026-05-01T22:12:43.381590+00:00
sim_tap_room,tick_sim_tap_room_0261e398c0d5,Tali Katz,4,Tiny bar but big on quality. Standing room only on Thursdays but worth the squeeze.,2026-05-01T22:12:57.448948+00:00
sim_tap_room,tick_sim_tap_room_077c94416be5,Gad Cohen,4,Serious about craft in a way most Tel Aviv bars aren't. Pricey but fair for the curation.,2026-05-01T22:12:57.448948+00:00
sim_tap_room,tick_sim_tap_room_123b57b4e2c2,Yaron Green,4,The flight of four is a great way to explore. Always discover something new here.,2026-05-01T22:12:57.448948+00:00
sim_tap_room,tick_sim_tap_room_2b82d37a906b,Michal Raz,3,The beer is great but the food menu is very limited. Come for drinks only.,2026-05-01T22:12:57.448948+00:00
sim_tap_room,tick_sim_tap_room_2e06aa1cb579,Pini Ben-Haim,5,For beer geeks this is paradise. Flight of four is the move for first-timers.,2026-05-01T22:12:57.448948+00:00
sim_tap_room,tick_sim_tap_room_376fb948a7d0,Yonit Ziv,5,Consistent quality across every visit. The double IPA is exceptional and the staff are genuine experts.,2026-05-01T22:12:57.448948+00:00
sim_tap_room,tick_sim_tap_room_432e7fd600c5,Moshe Shaul,5,Raised the bar for craft beer in this city. The session IPA on tap now is brilliant.,2026-05-01T22:12:57.448948+00:00
sim_tap_room,tick_sim_tap_room_6fce8c86a6f6,Limor Sela,4,Serious craft beer bar. The staff can talk for hours about beer styles. Very knowledgeable.,2026-05-01T22:12:57.448948+00:00
sim_tap_room,tick_sim_tap_room_730b61fb85e2,Omer Klein,3,"Amazing tap list, claustrophobic space. Hard to relax when you're shoulder to shoulder.",2026-05-01T22:12:57.448948+00:00
sim_tap_room,tick_sim_tap_room_962de48ca2ea,Stav Rosen,5,"No shortcuts, just great beer and passion. This is what a craft beer bar should be.",2026-05-01T22:12:57.448948+00:00
sim_tap_room,tick_sim_tap_room_af34df3b8c3e,Dana Dagan,2,"Waited 20 minutes to order at the bar. No apology, no acknowledgement. Beer was good but still.",2026-05-01T22:12:57.448948+00:00
sim_tap_room,tick_sim_tap_room_b4b3db657662,Ilan Tzur,1,"Turned away at the door — 'too full'. Couldn't even see inside. Never tried, never will.",2026-05-01T22:12:57.448948+00:00
sim_tap_room,tick_sim_tap_room_b6683e23d471,Noam Elul,4,Love the chalkboard tap list. Something new every time. The sour this week is amazing.,2026-05-01T22:12:57.448948+00:00
sim_tap_room,tick_sim_tap_room_c2403bd7fcdb,Anat Friedman,3,The beer is excellent but the bar is small and cramped. Hard to get a seat on weekends.,2026-05-01T22:12:57.448948+00:00
sim_tap_room,tick_sim_tap_room_dc2c13c58f6b,Barak Levi,3,"Good selection but pricey. You're paying for the curation, which is fair, but still.",2026-05-01T22:12:57.448948+00:00
sim_tap_room,tick_sim_tap_room_ec43d8f50f5e,Yoni Bar,2,"Too small, too loud, too crowded. The beer is great but the experience isn't worth it on weekends.",2026-05-01T22:12:57.448948+00:00
sim_tap_room,tick_sim_tap_room_f72fbfe57bb1,Ronit Shahar,4,Great beer education — staff will help you find exactly what you're looking for.,2026-05-01T22:12:57.448948+00:00
sim_lager_ale_tlv,tick_sim_lager_ale_tlv_0d9f512532b0,Gal Peretz,5,My friends think I work here because I keep recommending it. The stout is life-changing.,2026-05-01T23:27:32.433368+00:00
sim_lager_ale_tlv,tick_sim_lager_ale_tlv_5296b837f7db,Shai Biton,5,Live jazz on Friday + that porter = perfect evening. Will return weekly.,2026-05-01T23:27:32.433368+00:00
sim_lager_ale_tlv,tick_sim_lager_ale_tlv_9e4c4eb33e45,Dor Avni,5,"Incredible tap list, something new every visit. The double IPA right now is world class.",2026-05-01T23:27:32.433368+00:00
sim_lager_ale_tlv,tick_sim_lager_ale_tlv_a638e2c5ee06,Yarden Cohen,5,"Came for one beer, stayed for three. The seasonal sour was outstanding.",2026-05-01T23:27:32.433368+00:00
sim_lager_ale_tlv,tick_sim_lager_ale_tlv_b2bf68f23e46,Michal Saar,5,"The sampler board is the move for a first visit. Five styles, all excellent, good value.",2026-05-01T23:27:32.433368+00:00
sim_lager_ale_tlv,tick_sim_lager_ale_tlv_d0267fc1ee8a,Adi Ben-Shahar,5,"Quiet Monday evening, bartender talked me through six taps. Left knowing a lot more about beer.",2026-05-01T23:27:32.433368+00:00
sim_lager_ale_tlv,tick_sim_lager_ale_tlv_df10515a9cb7,Ofer Mizrahi,4,"Good selection, friendly staff. Slightly pricey but you're paying for curation.",2026-05-01T23:27:32.433368+00:00
sim_beer_garden,tick_sim_beer_garden_0244ac02e3cd,Shir Blum,5,Best outdoor bar in the city. We come every Sunday — the brunch + beer combo is a ritual now.,2026-05-01T23:27:47.153852+00:00
sim_beer_garden,tick_sim_beer_garden_1cf31955f973,Avi Stern,5,Magical atmosphere on a warm night. Staff are genuinely friendly and the garden is immaculate.,2026-05-01T23:27:47.153852+00:00
sim_beer_garden,tick_sim_beer_garden_34216fd49e07,Tal Weiss,5,The garden brunch is an institution. Go on a Sunday morning and thank me later.,2026-05-01T23:27:47.153852+00:00
sim_beer_garden,tick_sim_beer_garden_795210f386a6,Kobi Levi,5,The cider is a hidden gem here. Garden is well maintained and vibe is just right.,2026-05-01T23:27:47.153852+00:00
sim_beer_garden,tick_sim_beer_garden_de9dbedb903e,Nurit Ben-David,5,"Perfect for a first date — beautiful setting, relaxed pace, good drink list.",2026-05-01T23:27:47.153852+00:00
sim_beer_garden,tick_sim_beer_garden_f93d8e03c0b4,Hila Ohayon,5,"Took my team here for a celebration. Big tables, great service, everyone was happy.",2026-05-01T23:27:47.153852+00:00
sim_tap_room,tick_sim_tap_room_038af372b502,Ronit Shahar,4,Great beer education — staff will help you find exactly what you're looking for.,2026-05-01T23:28:02.477027+00:00
sim_tap_room,tick_sim_tap_room_0f4a05bedafb,Barak Levi,3,"Good selection but pricey. You're paying for the curation, which is fair, but still.",2026-05-01T23:28:02.477027+00:00
sim_tap_room,tick_sim_tap_room_145cfe5a9a76,Limor Sela,4,Serious craft beer bar. The staff can talk for hours about beer styles. Very knowledgeable.,2026-05-01T23:28:02.477027+00:00
sim_tap_room,tick_sim_tap_room_1bf1edfa0972,Yaron Green,4,The flight of four is a great way to explore. Always discover something new here.,2026-05-01T23:28:02.477027+00:00
sim_tap_room,tick_sim_tap_room_1c648ae3cbb9,Noam Elul,4,Love the chalkboard tap list. Something new every time. The sour this week is amazing.,2026-05-01T23:28:02.477027+00:00
sim_tap_room,tick_sim_tap_room_200210c791a0,Anat Friedman,3,The beer is excellent but the bar is small and cramped. Hard to get a seat on weekends.,2026-05-01T23:28:02.477027+00:00
sim_tap_room,tick_sim_tap_room_2a6031d90d51,Pini Ben-Haim,5,For beer geeks this is paradise. Flight of four is the move for first-timers.,2026-05-01T23:28:02.477027+00:00
sim_tap_room,tick_sim_tap_room_350eb5b321a9,Dotan Peretz,5,The chalkboard tap list changes constantly. Something new every visit. The DIPA right now is extraordinary.,2026-05-01T23:28:02.477027+00:00
sim_tap_room,tick_sim_tap_room_3a9ddb9cbcbd,Rafi Levi,5,If you care about craft beer this is your place. They import rare stuff you genuinely can't find elsewhere.,2026-05-01T23:28:02.477027+00:00
sim_tap_room,tick_sim_tap_room_3f1a2555e351,Michal Raz,3,The beer is great but the food menu is very limited. Come for drinks only.,2026-05-01T23:28:02.477027+00:00
sim_tap_room,tick_sim_tap_room_4e7a1c9f909a,Inbal Mor,5,"The rotating list keeps me coming back weekly. Never the same beer twice, always excellent.",2026-05-01T23:28:02.477027+00:00
sim_tap_room,tick_sim_tap_room_550fe1278de9,Dana Dagan,2,"Waited 20 minutes to order at the bar. No apology, no acknowledgement. Beer was good but still.",2026-05-01T23:28:02.477027+00:00
sim_tap_room,tick_sim_tap_room_77e71a1bf855,Gad Cohen,4,Serious about craft in a way most Tel Aviv bars aren't. Pricey but fair for the curation.,2026-05-01T23:28:02.477027+00:00
sim_tap_room,tick_sim_tap_room_9d1dabe49a6f,Tali Katz,4,Tiny bar but big on quality. Standing room only on Thursdays but worth the squeeze.,2026-05-01T23:28:02.477027+00:00
sim_tap_room,tick_sim_tap_room_9f884160338e,Ilan Tzur,1,"Turned away at the door — 'too full'. Couldn't even see inside. Never tried, never will.",2026-05-01T23:28:02.477027+00:00
sim_tap_room,tick_sim_tap_room_aa323e6ea90f,Yoni Bar,2,"Too small, too loud, too crowded. The beer is great but the experience isn't worth it on weekends.",2026-05-01T23:28:02.477027+00:00
sim_tap_room,tick_sim_tap_room_e269a8e36b2e,Omer Klein,3,"Amazing tap list, claustrophobic space. Hard to relax when you're shoulder to shoulder.",2026-05-01T23:28:02.477027+00:00
sim_lager_ale_tlv,tick_sim_lager_ale_tlv_0b2b723dedfc,Ran Ofer,5,Outdoor seating on a warm evening with a cold craft lager. Tel Aviv at its finest.,2026-05-02T01:12:29.499418+00:00
sim_lager_ale_tlv,tick_sim_lager_ale_tlv_218ebd41be7d,Ofer Mizrahi,4,"Good selection, friendly staff. Slightly pricey but you're paying for curation.",2026-05-02T01:12:29.499418+00:00
sim_lager_ale_tlv,tick_sim_lager_ale_tlv_358360b6924f,Ayelet Ron,4,Love the concept — always something on tap I haven't tried. Wish they did more food.,2026-05-02T01:12:29.499418+00:00
sim_lager_ale_tlv,tick_sim_lager_ale_tlv_3ed4bf0d60f1,Omer Katz,5,Happy hour deals on weekdays are genuinely good. The pale ale hits different at half price.,2026-05-02T01:12:29.499418+00:00
sim_lager_ale_tlv,tick_sim_lager_ale_tlv_6226df77ce04,Noa Eitan,5,"Best bar on Rothschild, no contest. Knowledgeable staff and rotating craft options.",2026-05-02T01:12:29.499418+00:00
sim_lager_ale_tlv,tick_sim_lager_ale_tlv_9a1efb40ed36,Shai Biton,5,Live jazz on Friday + that porter = perfect evening. Will return weekly.,2026-05-02T01:12:29.499418+00:00
sim_lager_ale_tlv,tick_sim_lager_ale_tlv_abfdc8ffdc59,Gal Peretz,5,My friends think I work here because I keep recommending it. The stout is life-changing.,2026-05-02T01:12:29.499418+00:00
sim_lager_ale_tlv,tick_sim_lager_ale_tlv_e7159f158ecb,Michal Saar,5,"The sampler board is the move for a first visit. Five styles, all excellent, good value.",2026-05-02T01:12:29.499418+00:00
sim_lager_ale_tlv,tick_sim_lager_ale_tlv_f91bcc98800e,Tamar Levy,5,The cheese board and the Belgian wheat are a match made in heaven. Flawless experience.,2026-05-02T01:12:29.499418+00:00
sim_lager_ale_tlv,tick_sim_lager_ale_tlv_ff3f774f7dc1,Liron Ben-Zvi,4,Industrial design and long bar are a vibe. Service is fast even when full.,2026-05-02T01:12:29.499418+00:00
sim_beer_garden,tick_sim_beer_garden_20327692dafd,Amos Tzur,3,"Service is inconsistent — sometimes fast, sometimes you're waiting forever. Nice garden though.",2026-05-02T01:12:44.611500+00:00
sim_beer_garden,tick_sim_beer_garden_2676dc78ee08,Boaz Ofer,3,"Overpriced for what it is. You're paying for the garden, not the beer quality.",2026-05-02T01:12:44.611500+00:00
sim_beer_garden,tick_sim_beer_garden_2f97ed717e8c,Hila Ohayon,5,"Took my team here for a celebration. Big tables, great service, everyone was happy.",2026-05-02T01:12:44.611500+00:00
sim_beer_garden,tick_sim_beer_garden_4ad27a17451c,Yossi Katz,4,Great for groups — big tables and the staff handles crowds well. Wish the tap list were wider.,2026-05-02T01:12:44.611500+00:00
sim_beer_garden,tick_sim_beer_garden_84760e54e7b5,Roni Samson,4,Beautiful outdoor setting. Beer selection is mostly mainstream but the atmosphere makes up for it.,2026-05-02T01:12:44.611500+00:00
sim_beer_garden,tick_sim_beer_garden_af7143dacab8,Tal Weiss,5,The garden brunch is an institution. Go on a Sunday morning and thank me later.,2026-05-02T01:12:44.611500+00:00
sim_beer_garden,tick_sim_beer_garden_d1c5b2a0b3f9,Yuval Paz,5,"The garden at sunset is something else. Cold lager, fairy lights, zero stress.",2026-05-02T01:12:44.611500+00:00
sim_tap_room,tick_sim_tap_room_06a19843aa28,Michal Raz,3,The beer is great but the food menu is very limited. Come for drinks only.,2026-05-02T01:12:57.300082+00:00
sim_tap_room,tick_sim_tap_room_098dee3248af,Barak Levi,3,"Good selection but pricey. You're paying for the curation, which is fair, but still.",2026-05-02T01:12:57.300082+00:00
sim_tap_room,tick_sim_tap_room_1872c0a2dd44,Yonit Ziv,5,Consistent quality across every visit. The double IPA is exceptional and the staff are genuine experts.,2026-05-02T01:12:57.300082+00:00
sim_tap_room,tick_sim_tap_room_1efcf386224e,Omer Klein,3,"Amazing tap list, claustrophobic space. Hard to relax when you're shoulder to shoulder.",2026-05-02T01:12:57.300082+00:00
sim_tap_room,tick_sim_tap_room_41f7a9bd6ce5,Noam Elul,4,Love the chalkboard tap list. Something new every time. The sour this week is amazing.,2026-05-02T01:12:57.300082+00:00
sim_tap_room,tick_sim_tap_room_44f777ac33a7,Anat Friedman,3,The beer is excellent but the bar is small and cramped. Hard to get a seat on weekends.,2026-05-02T01:12:57.300082+00:00
sim_tap_room,tick_sim_tap_room_51569c38e159,Amir Sagi,5,"24 taps, all rotating, all excellent. This is the only craft beer bar that really gets it in Tel Aviv.",2026-05-02T01:12:57.300082+00:00
sim_tap_room,tick_sim_tap_room_5e6701642692,Tali Katz,4,Tiny bar but big on quality. Standing room only on Thursdays but worth the squeeze.,2026-05-02T01:12:57.300082+00:00
sim_tap_room,tick_sim_tap_room_b631ecb00f10,Ilan Tzur,1,"Turned away at the door — 'too full'. Couldn't even see inside. Never tried, never will.",2026-05-02T01:12:57.300082+00:00
sim_tap_room,tick_sim_tap_room_bc3ba1e1a445,Gad Cohen,4,Serious about craft in a way most Tel Aviv bars aren't. Pricey but fair for the curation.,2026-05-02T01:12:57.300082+00:00
sim_tap_room,tick_sim_tap_room_c65ff4b0d8ea,Dana Dagan,2,"Waited 20 minutes to order at the bar. No apology, no acknowledgement. Beer was good but still.",2026-05-02T01:12:57.300082+00:00
sim_tap_room,tick_sim_tap_room_cc96a8c0c07e,Limor Sela,4,Serious craft beer bar. The staff can talk for hours about beer styles. Very knowledgeable.,2026-05-02T01:12:57.300082+00:00
sim_tap_room,tick_sim_tap_room_cd904086d83b,Yoni Bar,2,"Too small, too loud, too crowded. The beer is great but the experience isn't worth it on weekends.",2026-05-02T01:12:57.300082+00:00
sim_tap_room,tick_sim_tap_room_d2099b004a89,Ronit Shahar,4,Great beer education — staff will help you find exactly what you're looking for.,2026-05-02T01:12:57.300082+00:00
sim_tap_room,tick_sim_tap_room_e62e14c72687,Yaron Green,4,The flight of four is a great way to explore. Always discover something new here.,2026-05-02T01:12:57.300082+00:00
sim_lager_ale_tlv,tick_sim_lager_ale_tlv_13b2d9740e40,Michal Saar,5,"The sampler board is the move for a first visit. Five styles, all excellent, good value.",2026-05-02T04:41:10.263876+00:00
sim_lager_ale_tlv,tick_sim_lager_ale_tlv_162f48255d75,Nadav Shapiro,4,Great discovery. The flight of four is perfect for exploring without committing to a pint.,2026-05-02T04:41:10.263876+00:00
sim_lager_ale_tlv,tick_sim_lager_ale_tlv_1e1d7b175f85,Adi Ben-Shahar,5,"Quiet Monday evening, bartender talked me through six taps. Left knowing a lot more about beer.",2026-05-02T04:41:10.263876+00:00
sim_lager_ale_tlv,tick_sim_lager_ale_tlv_272ac699a9f7,Ayelet Ron,4,Love the concept — always something on tap I haven't tried. Wish they did more food.,2026-05-02T04:41:10.263876+00:00
sim_lager_ale_tlv,tick_sim_lager_ale_tlv_31550fbee3fc,Yarden Cohen,5,"Came for one beer, stayed for three. The seasonal sour was outstanding.",2026-05-02T04:41:10.263876+00:00
sim_lager_ale_tlv,tick_sim_lager_ale_tlv_3dcf72a7cafe,Gal Peretz,5,My friends think I work here because I keep recommending it. The stout is life-changing.,2026-05-02T04:41:10.263876+00:00
sim_lager_ale_tlv,tick_sim_lager_ale_tlv_503e16e5afb8,Itai Gold,4,Solid bar with real personality. The porter is my regular order. Seating gets tight by 9pm.,2026-05-02T04:41:10.263876+00:00
sim_lager_ale_tlv,tick_sim_lager_ale_tlv_620c7141d72c,Shai Biton,5,Live jazz on Friday + that porter = perfect evening. Will return weekly.,2026-05-02T04:41:10.263876+00:00
sim_lager_ale_tlv,tick_sim_lager_ale_tlv_88aaf326e2dd,Omer Katz,5,Happy hour deals on weekdays are genuinely good. The pale ale hits different at half price.,2026-05-02T04:41:10.263876+00:00
sim_lager_ale_tlv,tick_sim_lager_ale_tlv_9fc8f42218eb,Tamar Levy,5,The cheese board and the Belgian wheat are a match made in heaven. Flawless experience.,2026-05-02T04:41:10.263876+00:00
sim_lager_ale_tlv,tick_sim_lager_ale_tlv_a8d578313bd7,Ran Ofer,5,Outdoor seating on a warm evening with a cold craft lager. Tel Aviv at its finest.,2026-05-02T04:41:10.263876+00:00
sim_lager_ale_tlv,tick_sim_lager_ale_tlv_b14ca324757e,Noa Eitan,5,"Best bar on Rothschild, no contest. Knowledgeable staff and rotating craft options.",2026-05-02T04:41:10.263876+00:00
sim_lager_ale_tlv,tick_sim_lager_ale_tlv_c9be6e5e0624,Dana Freed,4,"Great spot, gets crowded on weekends but the quality is consistent. Love the rotating taps.",2026-05-02T04:41:10.263876+00:00
sim_lager_ale_tlv,tick_sim_lager_ale_tlv_d5b5c48640ef,Dor Avni,5,"Incredible tap list, something new every visit. The double IPA right now is world class.",2026-05-02T04:41:10.263876+00:00
sim_beer_garden,tick_sim_beer_garden_1554d98284a4,Shir Blum,5,Best outdoor bar in the city. We come every Sunday — the brunch + beer combo is a ritual now.,2026-05-02T04:41:33.430095+00:00
sim_beer_garden,tick_sim_beer_garden_8793380576cb,Erez Bar,4,Regular haunt for us. Not the most adventurous tap list but reliably good.,2026-05-02T04:41:33.430095+00:00
sim_beer_garden,tick_sim_beer_garden_b16c48a9d7f8,Yossi Katz,4,Great for groups — big tables and the staff handles crowds well. Wish the tap list were wider.,2026-05-02T04:41:33.430095+00:00
sim_beer_garden,tick_sim_beer_garden_b8b0716c4669,Limor Raz,4,Solid neighborhood bar elevated by the outdoor area. The burger + pale ale is the combo.,2026-05-02T04:41:33.430095+00:00
sim_beer_garden,tick_sim_beer_garden_d96fbf65f953,Hila Ohayon,5,"Took my team here for a celebration. Big tables, great service, everyone was happy.",2026-05-02T04:41:33.430095+00:00
sim_beer_garden,tick_sim_beer_garden_f02d8a717fcf,Amos Tzur,3,"Service is inconsistent — sometimes fast, sometimes you're waiting forever. Nice garden though.",2026-05-02T04:41:33.430095+00:00
sim_tap_room,tick_sim_tap_room_03fc4c906287,Dana Dagan,2,"Waited 20 minutes to order at the bar. No apology, no acknowledgement. Beer was good but still.",2026-05-02T04:41:51.971928+00:00
sim_tap_room,tick_sim_tap_room_0e840379eebe,Anat Friedman,3,The beer is excellent but the bar is small and cramped. Hard to get a seat on weekends.,2026-05-02T04:41:51.971928+00:00
sim_tap_room,tick_sim_tap_room_330e77d8460b,Michal Raz,3,The beer is great but the food menu is very limited. Come for drinks only.,2026-05-02T04:41:51.971928+00:00
sim_tap_room,tick_sim_tap_room_3a19abb72554,Yoni Bar,2,"Too small, too loud, too crowded. The beer is great but the experience isn't worth it on weekends.",2026-05-02T04:41:51.971928+00:00
sim_tap_room,tick_sim_tap_room_73fdd58b3080,Omer Klein,3,"Amazing tap list, claustrophobic space. Hard to relax when you're shoulder to shoulder.",2026-05-02T04:41:51.971928+00:00
sim_tap_room,tick_sim_tap_room_839da3b388e5,Limor Sela,4,Serious craft beer bar. The staff can talk for hours about beer styles. Very knowledgeable.,2026-05-02T04:41:51.971928+00:00
sim_tap_room,tick_sim_tap_room_857485408cb8,Ilan Tzur,1,"Turned away at the door — 'too full'. Couldn't even see inside. Never tried, never will.",2026-05-02T04:41:51.971928+00:00
sim_tap_room,tick_sim_tap_room_883a61ea70dc,Gad Cohen,4,Serious about craft in a way most Tel Aviv bars aren't. Pricey but fair for the curation.,2026-05-02T04:41:51.971928+00:00
sim_lager_ale_tlv,tick_sim_lager_ale_tlv_0f8927eef9d4,Ofer Mizrahi,4,"Good selection, friendly staff. Slightly pricey but you're paying for curation.",2026-05-02T07:01:11.592504+00:00
sim_lager_ale_tlv,tick_sim_lager_ale_tlv_1d1c8a488df9,Liron Ben-Zvi,4,Industrial design and long bar are a vibe. Service is fast even when full.,2026-05-02T07:01:11.592504+00:00
sim_lager_ale_tlv,tick_sim_lager_ale_tlv_2baaf0765af0,Tamar Levy,5,The cheese board and the Belgian wheat are a match made in heaven. Flawless experience.,2026-05-02T07:01:11.592504+00:00
sim_lager_ale_tlv,tick_sim_lager_ale_tlv_36720e71ba98,Ran Ofer,5,Outdoor seating on a warm evening with a cold craft lager. Tel Aviv at its finest.,2026-05-02T07:01:11.592504+00:00
sim_lager_ale_tlv,tick_sim_lager_ale_tlv_3ae46e12e9ad,Itai Gold,4,Solid bar with real personality. The porter is my regular order. Seating gets tight by 9pm.,2026-05-02T07:01:11.592504+00:00
sim_lager_ale_tlv,tick_sim_lager_ale_tlv_3df8dd8fcb6d,Dana Freed,4,"Great spot, gets crowded on weekends but the quality is consistent. Love the rotating taps.",2026-05-02T07:01:11.592504+00:00
sim_lager_ale_tlv,tick_sim_lager_ale_tlv_5df61bba2266,Noa Eitan,5,"Best bar on Rothschild, no contest. Knowledgeable staff and rotating craft options.",2026-05-02T07:01:11.592504+00:00
sim_lager_ale_tlv,tick_sim_lager_ale_tlv_6b69d5c8c753,Michal Saar,5,"The sampler board is the move for a first visit. Five styles, all excellent, good value.",2026-05-02T07:01:11.592504+00:00
sim_lager_ale_tlv,tick_sim_lager_ale_tlv_73edb70903a4,Dor Avni,5,"Incredible tap list, something new every visit. The double IPA right now is world class.",2026-05-02T07:01:11.592504+00:00
sim_lager_ale_tlv,tick_sim_lager_ale_tlv_743893299a39,Gal Peretz,5,My friends think I work here because I keep recommending it. The stout is life-changing.,2026-05-02T07:01:11.592504+00:00
sim_lager_ale_tlv,tick_sim_lager_ale_tlv_bb4e5bb407f3,Adi Ben-Shahar,5,"Quiet Monday evening, bartender talked me through six taps. Left knowing a lot more about beer.",2026-05-02T07:01:11.592504+00:00
sim_lager_ale_tlv,tick_sim_lager_ale_tlv_bd22596f41a0,Nadav Shapiro,4,Great discovery. The flight of four is perfect for exploring without committing to a pint.,2026-05-02T07:01:11.592504+00:00
sim_lager_ale_tlv,tick_sim_lager_ale_tlv_be3ad6035ba6,Shai Biton,5,Live jazz on Friday + that porter = perfect evening. Will return weekly.,2026-05-02T07:01:11.592504+00:00
sim_lager_ale_tlv,tick_sim_lager_ale_tlv_dba4b17bbaa2,Yarden Cohen,5,"Came for one beer, stayed for three. The seasonal sour was outstanding.",2026-05-02T07:01:11.592504+00:00
sim_lager_ale_tlv,tick_sim_lager_ale_tlv_f27658b6890e,Omer Katz,5,Happy hour deals on weekdays are genuinely good. The pale ale hits different at half price.,2026-05-02T07:01:11.592504+00:00
sim_beer_garden,tick_sim_beer_garden_2ecb91cd906e,Gadi Mor,5,"Came on a Tuesday evening — quiet, gorgeous, and the lager was perfectly cold. Love this place.",2026-05-02T07:01:30.598224+00:00
sim_beer_garden,tick_sim_beer_garden_4e311c95c0c2,Yossi Katz,4,Great for groups — big tables and the staff handles crowds well. Wish the tap list were wider.,2026-05-02T07:01:30.598224+00:00
sim_beer_garden,tick_sim_beer_garden_5340506a8bbe,Shir Blum,5,Best outdoor bar in the city. We come every Sunday — the brunch + beer combo is a ritual now.,2026-05-02T07:01:30.598224+00:00
sim_beer_garden,tick_sim_beer_garden_56bfc9065816,Nurit Ben-David,5,"Perfect for a first date — beautiful setting, relaxed pace, good drink list.",2026-05-02T07:01:30.598224+00:00
sim_beer_garden,tick_sim_beer_garden_befd627c8702,Hila Ohayon,5,"Took my team here for a celebration. Big tables, great service, everyone was happy.",2026-05-02T07:01:30.598224+00:00
sim_tap_room,tick_sim_tap_room_20c40cbcdf88,Dana Dagan,2,"Waited 20 minutes to order at the bar. No apology, no acknowledgement. Beer was good but still.",2026-05-02T07:01:49.962659+00:00
sim_tap_room,tick_sim_tap_room_5b31c0e871fd,Ilan Tzur,1,"Turned away at the door — 'too full'. Couldn't even see inside. Never tried, never will.",2026-05-02T07:01:49.962659+00:00
sim_tap_room,tick_sim_tap_room_fd0478cfdc43,Omer Klein,3,"Amazing tap list, claustrophobic space. Hard to relax when you're shoulder to shoulder.",2026-05-02T07:01:49.962659+00:00
sim_lager_ale_tlv,tick_sim_lager_ale_tlv_1c97a2c422a4,Omer Katz,5,Happy hour deals on weekdays are genuinely good. The pale ale hits different at half price.,2026-05-02T08:49:15.003235+00:00
sim_lager_ale_tlv,tick_sim_lager_ale_tlv_31edcb6a8259,Yarden Cohen,5,"Came for one beer, stayed for three. The seasonal sour was outstanding.",2026-05-02T08:49:15.003235+00:00
sim_lager_ale_tlv,tick_sim_lager_ale_tlv_4312f7b304ed,Ayelet Ron,4,Love the concept — always something on tap I haven't tried. Wish they did more food.,2026-05-02T08:49:15.003235+00:00
sim_lager_ale_tlv,tick_sim_lager_ale_tlv_62cc74401d2d,Gal Peretz,5,My friends think I work here because I keep recommending it. The stout is life-changing.,2026-05-02T08:49:15.003235+00:00
sim_lager_ale_tlv,tick_sim_lager_ale_tlv_75384936221f,Noa Eitan,5,"Best bar on Rothschild, no contest. Knowledgeable staff and rotating craft options.",2026-05-02T08:49:15.003235+00:00
sim_lager_ale_tlv,tick_sim_lager_ale_tlv_82fe83c1bba1,Ofer Mizrahi,4,"Good selection, friendly staff. Slightly pricey but you're paying for curation.",2026-05-02T08:49:15.003235+00:00
sim_lager_ale_tlv,tick_sim_lager_ale_tlv_8c369b73ead5,Ran Ofer,5,Outdoor seating on a warm evening with a cold craft lager. Tel Aviv at its finest.,2026-05-02T08:49:15.003235+00:00
sim_lager_ale_tlv,tick_sim_lager_ale_tlv_9726a0973a53,Tamar Levy,5,The cheese board and the Belgian wheat are a match made in heaven. Flawless experience.,2026-05-02T08:49:15.003235+00:00
sim_lager_ale_tlv,tick_sim_lager_ale_tlv_a6343c090759,Nadav Shapiro,4,Great discovery. The flight of four is perfect for exploring without committing to a pint.,2026-05-02T08:49:15.003235+00:00
sim_lager_ale_tlv,tick_sim_lager_ale_tlv_b011ada5a62e,Adi Ben-Shahar,5,"Quiet Monday evening, bartender talked me through six taps. Left knowing a lot more about beer.",2026-05-02T08:49:15.003235+00:00
sim_lager_ale_tlv,tick_sim_lager_ale_tlv_b9d9173a08bf,Shai Biton,5,Live jazz on Friday + that porter = perfect evening. Will return weekly.,2026-05-02T08:49:15.003235+00:00
sim_lager_ale_tlv,tick_sim_lager_ale_tlv_bbcb60d190fa,Michal Saar,5,"The sampler board is the move for a first visit. Five styles, all excellent, good value.",2026-05-02T08:49:15.003235+00:00
sim_lager_ale_tlv,tick_sim_lager_ale_tlv_c8dfaa4140c3,Liron Ben-Zvi,4,Industrial design and long bar are a vibe. Service is fast even when full.,2026-05-02T08:49:15.003235+00:00
sim_beer_garden,tick_sim_beer_garden_605ecb27484b,Ran Blum,2,"Expected more given the reputation. Noisy, cramped on the weekend, and the service was scattered.",2026-05-02T08:49:30.710425+00:00
sim_beer_garden,tick_sim_beer_garden_7d6d33212b0d,Inbal Cohen,4,Lovely garden bar. The wheat beer is refreshing and the food is better than expected.,2026-05-02T08:49:30.710425+00:00
sim_beer_garden,tick_sim_beer_garden_8270b007fa73,Roni Samson,4,Beautiful outdoor setting. Beer selection is mostly mainstream but the atmosphere makes up for it.,2026-05-02T08:49:30.710425+00:00
sim_tap_room,tick_sim_tap_room_29ba35625e16,Barak Levi,3,"Good selection but pricey. You're paying for the curation, which is fair, but still.",2026-05-02T08:49:44.398529+00:00
sim_lager_ale_tlv,tick_sim_lager_ale_tlv_19fbc497a3c0,Ran Ofer,5,Outdoor seating on a warm evening with a cold craft lager. Tel Aviv at its finest.,2026-05-02T09:58:36.284348+00:00
sim_lager_ale_tlv,tick_sim_lager_ale_tlv_41fb0d337fec,Ofer Mizrahi,4,"Good selection, friendly staff. Slightly pricey but you're paying for curation.",2026-05-02T09:58:36.284348+00:00
sim_lager_ale_tlv,tick_sim_lager_ale_tlv_6a9f3f41f6ce,Tamar Levy,5,The cheese board and the Belgian wheat are a match made in heaven. Flawless experience.,2026-05-02T09:58:36.284348+00:00
sim_lager_ale_tlv,tick_sim_lager_ale_tlv_7d2a112436d1,Itai Gold,4,Solid bar with real personality. The porter is my regular order. Seating gets tight by 9pm.,2026-05-02T09:58:36.284348+00:00
sim_lager_ale_tlv,tick_sim_lager_ale_tlv_8558c7ce0bff,Dana Freed,4,"Great spot, gets crowded on weekends but the quality is consistent. Love the rotating taps.",2026-05-02T09:58:36.284348+00:00
sim_lager_ale_tlv,tick_sim_lager_ale_tlv_8a9466d10ecb,Yarden Cohen,5,"Came for one beer, stayed for three. The seasonal sour was outstanding.",2026-05-02T09:58:36.284348+00:00
sim_lager_ale_tlv,tick_sim_lager_ale_tlv_ab0f2b91b06a,Omer Katz,5,Happy hour deals on weekdays are genuinely good. The pale ale hits different at half price.,2026-05-02T09:58:36.284348+00:00
sim_lager_ale_tlv,tick_sim_lager_ale_tlv_b344ce9dd666,Benny Har,3,"Decent selection, nothing extraordinary. Prices are on the high side for the area.",2026-05-02T09:58:36.284348+00:00
sim_lager_ale_tlv,tick_sim_lager_ale_tlv_c5e4ed39380a,Gal Peretz,5,My friends think I work here because I keep recommending it. The stout is life-changing.,2026-05-02T09:58:36.284348+00:00
sim_lager_ale_tlv,tick_sim_lager_ale_tlv_e1007cf3402f,Michal Saar,5,"The sampler board is the move for a first visit. Five styles, all excellent, good value.",2026-05-02T09:58:36.284348+00:00
sim_lager_ale_tlv,tick_sim_lager_ale_tlv_eeb5074cc0d2,Nadav Shapiro,4,Great discovery. The flight of four is perfect for exploring without committing to a pint.,2026-05-02T09:58:36.284348+00:00
sim_beer_garden,tick_sim_beer_garden_14034ee5b9e7,Hila Ohayon,5,"Took my team here for a celebration. Big tables, great service, everyone was happy.",2026-05-02T09:58:51.831811+00:00
sim_beer_garden,tick_sim_beer_garden_b66933ab0649,Amos Tzur,3,"Service is inconsistent — sometimes fast, sometimes you're waiting forever. Nice garden though.",2026-05-02T09:58:51.831811+00:00
sim_tap_room,tick_sim_tap_room_8e96338384a8,Barak Levi,3,"Good selection but pricey. You're paying for the curation, which is fair, but still.",2026-05-02T09:59:06.589031+00:00
sim_lager_ale_tlv,tick_sim_lager_ale_tlv_37cd9fd58d07,Tamar Levy,5,The cheese board and the Belgian wheat are a match made in heaven. Flawless experience.,2026-05-02T10:59:13.091594+00:00
sim_lager_ale_tlv,tick_sim_lager_ale_tlv_802ae36a95da,Ran Ofer,5,Outdoor seating on a warm evening with a cold craft lager. Tel Aviv at its finest.,2026-05-02T10:59:13.091594+00:00
sim_lager_ale_tlv,tick_sim_lager_ale_tlv_9ab9b4c58ebe,Gal Peretz,5,My friends think I work here because I keep recommending it. The stout is life-changing.,2026-05-02T10:59:13.091594+00:00
sim_lager_ale_tlv,tick_sim_lager_ale_tlv_a90ea9de3241,Shai Biton,5,Live jazz on Friday + that porter = perfect evening. Will return weekly.,2026-05-02T10:59:13.091594+00:00
sim_lager_ale_tlv,tick_sim_lager_ale_tlv_b44f905a2489,Adi Ben-Shahar,5,"Quiet Monday evening, bartender talked me through six taps. Left knowing a lot more about beer.",2026-05-02T10:59:13.091594+00:00
sim_lager_ale_tlv,tick_sim_lager_ale_tlv_c146588ee791,Omer Katz,5,Happy hour deals on weekdays are genuinely good. The pale ale hits different at half price.,2026-05-02T10:59:13.091594+00:00
sim_lager_ale_tlv,tick_sim_lager_ale_tlv_cfafd6b01278,Benny Har,3,"Decent selection, nothing extraordinary. Prices are on the high side for the area.",2026-05-02T10:59:13.091594+00:00
sim_lager_ale_tlv,tick_sim_lager_ale_tlv_f07e64c1bc29,Liron Ben-Zvi,4,Industrial design and long bar are a vibe. Service is fast even when full.,2026-05-02T10:59:13.091594+00:00
sim_lager_ale_tlv,tick_sim_lager_ale_tlv_f8292037323c,Dana Freed,4,"Great spot, gets crowded on weekends but the quality is consistent. Love the rotating taps.",2026-05-02T10:59:13.091594+00:00
sim_lager_ale_tlv,tick_sim_lager_ale_tlv_f993871ae948,Michal Saar,5,"The sampler board is the move for a first visit. Five styles, all excellent, good value.",2026-05-02T10:59:13.091594+00:00
sim_beer_garden,tick_sim_beer_garden_d132773033e4,Erez Bar,4,Regular haunt for us. Not the most adventurous tap list but reliably good.,2026-05-02T10:59:34.976373+00:00
sim_beer_garden,tick_sim_beer_garden_e8479028cf46,Yael Gross,3,Nice on a weekday. Packed and hard to find a seat on weekends.,2026-05-02T10:59:34.976373+00:00
sim_tap_room,tick_sim_tap_room_dad40b5d7360,Anat Friedman,3,The beer is excellent but the bar is small and cramped. Hard to get a seat on weekends.,2026-05-02T10:59:52.819330+00:00
sim_lager_ale_tlv,tick_sim_lager_ale_tlv_0d39f6828b1c,Itai Gold,4,Solid bar with real personality. The porter is my regular order. Seating gets tight by 9pm.,2026-05-02T11:54:05.665152+00:00
sim_lager_ale_tlv,tick_sim_lager_ale_tlv_16455a6a68e7,Yarden Cohen,5,"Came for one beer, stayed for three. The seasonal sour was outstanding.",2026-05-02T11:54:05.665152+00:00
sim_lager_ale_tlv,tick_sim_lager_ale_tlv_546b2f78d315,Shai Biton,5,Live jazz on Friday + that porter = perfect evening. Will return weekly.,2026-05-02T11:54:05.665152+00:00
sim_lager_ale_tlv,tick_sim_lager_ale_tlv_65a4edf06da1,Gal Peretz,5,My friends think I work here because I keep recommending it. The stout is life-changing.,2026-05-02T11:54:05.665152+00:00
sim_lager_ale_tlv,tick_sim_lager_ale_tlv_842696f699dd,Noa Eitan,5,"Best bar on Rothschild, no contest. Knowledgeable staff and rotating craft options.",2026-05-02T11:54:05.665152+00:00
sim_lager_ale_tlv,tick_sim_lager_ale_tlv_96b7ec434ba3,Ayelet Ron,4,Love the concept — always something on tap I haven't tried. Wish they did more food.,2026-05-02T11:54:05.665152+00:00
sim_lager_ale_tlv,tick_sim_lager_ale_tlv_aa50a73ac684,Omer Katz,5,Happy hour deals on weekdays are genuinely good. The pale ale hits different at half price.,2026-05-02T11:54:05.665152+00:00
sim_lager_ale_tlv,tick_sim_lager_ale_tlv_c0efc645739a,Adi Ben-Shahar,5,"Quiet Monday evening, bartender talked me through six taps. Left knowing a lot more about beer.",2026-05-02T11:54:05.665152+00:00
sim_beer_garden,tick_sim_beer_garden_2f45c78ec0f1,Yossi Katz,4,Great for groups — big tables and the staff handles crowds well. Wish the tap list were wider.,2026-05-02T11:54:22.933159+00:00
sim_tap_room,tick_sim_tap_room_041a4f8a59f2,Yoni Bar,2,"Too small, too loud, too crowded. The beer is great but the experience isn't worth it on weekends.",2026-05-02T11:54:39.699898+00:00
sim_tap_room,tick_sim_tap_room_f97e80bc3f9a,Michal Raz,3,The beer is great but the food menu is very limited. Come for drinks only.,2026-05-02T11:54:39.699898+00:00
sim_lager_ale_tlv,tick_sim_lager_ale_tlv_246486b37aaf,Itai Gold,4,Solid bar with real personality. The porter is my regular order. Seating gets tight by 9pm.,2026-05-02T13:13:42.775920+00:00
sim_lager_ale_tlv,tick_sim_lager_ale_tlv_3fdc73b63405,Ofer Mizrahi,4,"Good selection, friendly staff. Slightly pricey but you're paying for curation.",2026-05-02T13:13:42.775920+00:00
sim_lager_ale_tlv,tick_sim_lager_ale_tlv_75f406038a8e,Yarden Cohen,5,"Came for one beer, stayed for three. The seasonal sour was outstanding.",2026-05-02T13:13:42.775920+00:00
sim_lager_ale_tlv,tick_sim_lager_ale_tlv_98c1f6c51350,Nadav Shapiro,4,Great discovery. The flight of four is perfect for exploring without committing to a pint.,2026-05-02T13:13:42.775920+00:00
sim_lager_ale_tlv,tick_sim_lager_ale_tlv_aa02895ada11,Noa Eitan,5,"Best bar on Rothschild, no contest. Knowledgeable staff and rotating craft options.",2026-05-02T13:13:42.775920+00:00
sim_lager_ale_tlv,tick_sim_lager_ale_tlv_e21d2aa286f4,Ayelet Ron,4,Love the concept — always something on tap I haven't tried. Wish they did more food.,2026-05-02T13:13:42.775920+00:00
sim_beer_garden,tick_sim_beer_garden_f61b38c8a3a2,Neta Gold,4,The garden in the evening is beautiful. Service is friendly if a little slow.,2026-05-02T13:14:09.814882+00:00
sim_tap_room,tick_sim_tap_room_10a4e3cf90e3,Anat Friedman,3,The beer is excellent but the bar is small and cramped. Hard to get a seat on weekends.,2026-05-02T13:14:36.458895+00:00
sim_tap_room,tick_sim_tap_room_3734069e7bcb,Barak Levi,3,"Good selection but pricey. You're paying for the curation, which is fair, but still.",2026-05-02T13:14:36.458895+00:00
sim_tap_room,tick_sim_tap_room_70211a4b57c0,Dana Dagan,2,"Waited 20 minutes to order at the bar. No apology, no acknowledgement. Beer was good but still.",2026-05-02T13:14:36.458895+00:00
sim_lager_ale_tlv,tick_sim_lager_ale_tlv_2e9a8c0a07f5,Ayelet Ron,4,Love the concept — always something on tap I haven't tried. Wish they did more food.,2026-05-02T14:30:16.675827+00:00
sim_lager_ale_tlv,tick_sim_lager_ale_tlv_7218b213a2a5,Nadav Shapiro,4,Great discovery. The flight of four is perfect for exploring without committing to a pint.,2026-05-02T14:30:16.675827+00:00
sim_lager_ale_tlv,tick_sim_lager_ale_tlv_a54803de5192,Itai Gold,4,Solid bar with real personality. The porter is my regular order. Seating gets tight by 9pm.,2026-05-02T14:30:16.675827+00:00
sim_lager_ale_tlv,tick_sim_lager_ale_tlv_b39892439f30,Adi Ben-Shahar,5,"Quiet Monday evening, bartender talked me through six taps. Left knowing a lot more about beer.",2026-05-02T14:30:16.675827+00:00
sim_beer_garden,tick_sim_beer_garden_badf21471eb2,Yael Gross,3,Nice on a weekday. Packed and hard to find a seat on weekends.,2026-05-02T14:30:37.676439+00:00
sim_tap_room,tick_sim_tap_room_349b4048c371,Omer Klein,3,"Amazing tap list, claustrophobic space. Hard to relax when you're shoulder to shoulder.",2026-05-02T14:31:11.131431+00:00
sim_tap_room,tick_sim_tap_room_359a1f6c0f88,Barak Levi,3,"Good selection but pricey. You're paying for the curation, which is fair, but still.",2026-05-02T14:31:11.131431+00:00
sim_tap_room,tick_sim_tap_room_a6bc2bb60820,Michal Raz,3,The beer is great but the food menu is very limited. Come for drinks only.,2026-05-02T14:31:11.131431+00:00
sim_tap_room,tick_sim_tap_room_d34aaf57a039,Limor Sela,4,Serious craft beer bar. The staff can talk for hours about beer styles. Very knowledgeable.,2026-05-02T14:31:11.131431+00:00
sim_tap_room,tick_sim_tap_room_e864f8b9a8e6,Anat Friedman,3,The beer is excellent but the bar is small and cramped. Hard to get a seat on weekends.,2026-05-02T14:31:11.131431+00:00
sim_tap_room,tick_sim_tap_room_fa9d945e5970,Dana Dagan,2,"Waited 20 minutes to order at the bar. No apology, no acknowledgement. Beer was good but still.",2026-05-02T14:31:11.131431+00:00
sim_lager_ale_tlv,tick_sim_lager_ale_tlv_01d69a0dc294,Benny Har,3,"Decent selection, nothing extraordinary. Prices are on the high side for the area.",2026-05-02T15:47:29.866577+00:00
sim_lager_ale_tlv,tick_sim_lager_ale_tlv_b70381b8c13b,Yarden Cohen,5,"Came for one beer, stayed for three. The seasonal sour was outstanding.",2026-05-02T15:47:29.866577+00:00
sim_beer_garden,tick_sim_beer_garden_aa5cbee7c374,Dina Koren,3,Pretty place but the beer selection is limited to mainstream brands. Go for the atmosphere.,2026-05-02T15:47:46.497811+00:00
sim_tap_room,tick_sim_tap_room_15d5c06abfa2,Barak Levi,3,"Good selection but pricey. You're paying for the curation, which is fair, but still.",2026-05-02T15:48:01.919171+00:00
sim_tap_room,tick_sim_tap_room_2899d872c1f2,Michal Raz,3,The beer is great but the food menu is very limited. Come for drinks only.,2026-05-02T15:48:01.919171+00:00
sim_tap_room,tick_sim_tap_room_4f095c1c36d7,Yoni Bar,2,"Too small, too loud, too crowded. The beer is great but the experience isn't worth it on weekends.",2026-05-02T15:48:01.919171+00:00
sim_tap_room,tick_sim_tap_room_6b28333ba439,Omer Klein,3,"Amazing tap list, claustrophobic space. Hard to relax when you're shoulder to shoulder.",2026-05-02T15:48:01.919171+00:00
sim_tap_room,tick_sim_tap_room_6f904caf02cb,Limor Sela,4,Serious craft beer bar. The staff can talk for hours about beer styles. Very knowledgeable.,2026-05-02T15:48:01.919171+00:00
sim_tap_room,tick_sim_tap_room_7e309a0dd60e,Ilan Tzur,1,"Turned away at the door — 'too full'. Couldn't even see inside. Never tried, never will.",2026-05-02T15:48:01.919171+00:00
sim_tap_room,tick_sim_tap_room_8196097140dd,Noam Elul,4,Love the chalkboard tap list. Something new every time. The sour this week is amazing.,2026-05-02T15:48:01.919171+00:00
sim_tap_room,tick_sim_tap_room_9657992c581b,Dana Dagan,2,"Waited 20 minutes to order at the bar. No apology, no acknowledgement. Beer was good but still.",2026-05-02T15:48:01.919171+00:00
sim_tap_room,tick_sim_tap_room_db49b1a8c99e,Anat Friedman,3,The beer is excellent but the bar is small and cramped. Hard to get a seat on weekends.,2026-05-02T15:48:01.919171+00:00
sim_lager_ale_tlv,tick_sim_lager_ale_tlv_0c5abfb358fc,Dana Freed,4,"Great spot, gets crowded on weekends but the quality is consistent. Love the rotating taps.",2026-05-02T16:50:05.886583+00:00
sim_beer_garden,tick_sim_beer_garden_6a55ab280be8,Inbal Cohen,4,Lovely garden bar. The wheat beer is refreshing and the food is better than expected.,2026-05-02T16:50:22.163023+00:00
sim_beer_garden,tick_sim_beer_garden_9c821e1012ca,Erez Bar,4,Regular haunt for us. Not the most adventurous tap list but reliably good.,2026-05-02T16:50:22.163023+00:00
sim_tap_room,tick_sim_tap_room_285c22803626,Ronit Shahar,4,Great beer education — staff will help you find exactly what you're looking for.,2026-05-02T16:50:39.325376+00:00
sim_tap_room,tick_sim_tap_room_2e3364eadac1,Michal Raz,3,The beer is great but the food menu is very limited. Come for drinks only.,2026-05-02T16:50:39.325376+00:00
sim_tap_room,tick_sim_tap_room_476728097781,Omer Klein,3,"Amazing tap list, claustrophobic space. Hard to relax when you're shoulder to shoulder.",2026-05-02T16:50:39.325376+00:00
sim_tap_room,tick_sim_tap_room_6b9897d22df4,Anat Friedman,3,The beer is excellent but the bar is small and cramped. Hard to get a seat on weekends.,2026-05-02T16:50:39.325376+00:00
sim_tap_room,tick_sim_tap_room_78a3c5ec4939,Noam Elul,4,Love the chalkboard tap list. Something new every time. The sour this week is amazing.,2026-05-02T16:50:39.325376+00:00
sim_tap_room,tick_sim_tap_room_a198f5bc4675,Yoni Bar,2,"Too small, too loud, too crowded. The beer is great but the experience isn't worth it on weekends.",2026-05-02T16:50:39.325376+00:00
sim_tap_room,tick_sim_tap_room_a6b2efee0371,Dana Dagan,2,"Waited 20 minutes to order at the bar. No apology, no acknowledgement. Beer was good but still.",2026-05-02T16:50:39.325376+00:00
sim_tap_room,tick_sim_tap_room_adff8196f701,Limor Sela,4,Serious craft beer bar. The staff can talk for hours about beer styles. Very knowledgeable.,2026-05-02T16:50:39.325376+00:00
sim_tap_room,tick_sim_tap_room_d3a291013613,Gad Cohen,4,Serious about craft in a way most Tel Aviv bars aren't. Pricey but fair for the curation.,2026-05-02T16:50:39.325376+00:00
sim_tap_room,tick_sim_tap_room_dcc4427397ae,Ilan Tzur,1,"Turned away at the door — 'too full'. Couldn't even see inside. Never tried, never will.",2026-05-02T16:50:39.325376+00:00
sim_tap_room,tick_sim_tap_room_f900a629542d,Barak Levi,3,"Good selection but pricey. You're paying for the curation, which is fair, but still.",2026-05-02T16:50:39.325376+00:00
sim_lager_ale_tlv,tick_sim_lager_ale_tlv_b2b52668ba29,Adi Ben-Shahar,5,"Quiet Monday evening, bartender talked me through six taps. Left knowing a lot more about beer.",2026-05-02T17:43:26.999936+00:00
sim_beer_garden,tick_sim_beer_garden_4d508f717bb5,Kobi Levi,5,The cider is a hidden gem here. Garden is well maintained and vibe is just right.,2026-05-02T17:43:42.753702+00:00
sim_beer_garden,tick_sim_beer_garden_ea6015bfbfe6,Amos Tzur,3,"Service is inconsistent — sometimes fast, sometimes you're waiting forever. Nice garden though.",2026-05-02T17:43:42.753702+00:00
sim_tap_room,tick_sim_tap_room_269f1bd50f0a,Ilan Tzur,1,"Turned away at the door — 'too full'. Couldn't even see inside. Never tried, never will.",2026-05-02T17:43:58.062269+00:00
sim_tap_room,tick_sim_tap_room_3898f41b20da,Anat Friedman,3,The beer is excellent but the bar is small and cramped. Hard to get a seat on weekends.,2026-05-02T17:43:58.062269+00:00
sim_tap_room,tick_sim_tap_room_43130b816ccd,Dana Dagan,2,"Waited 20 minutes to order at the bar. No apology, no acknowledgement. Beer was good but still.",2026-05-02T17:43:58.062269+00:00
sim_tap_room,tick_sim_tap_room_5c4b820239d2,Tali Katz,4,Tiny bar but big on quality. Standing room only on Thursdays but worth the squeeze.,2026-05-02T17:43:58.062269+00:00
sim_tap_room,tick_sim_tap_room_67979d81833d,Yaron Green,4,The flight of four is a great way to explore. Always discover something new here.,2026-05-02T17:43:58.062269+00:00
sim_tap_room,tick_sim_tap_room_85af9cdf8097,Limor Sela,4,Serious craft beer bar. The staff can talk for hours about beer styles. Very knowledgeable.,2026-05-02T17:43:58.062269+00:00
sim_tap_room,tick_sim_tap_room_874430200505,Michal Raz,3,The beer is great but the food menu is very limited. Come for drinks only.,2026-05-02T17:43:58.062269+00:00
sim_tap_room,tick_sim_tap_room_940bfcba8638,Barak Levi,3,"Good selection but pricey. You're paying for the curation, which is fair, but still.",2026-05-02T17:43:58.062269+00:00
sim_tap_room,tick_sim_tap_room_a7747c075736,Gad Cohen,4,Serious about craft in a way most Tel Aviv bars aren't. Pricey but fair for the curation.,2026-05-02T17:43:58.062269+00:00
sim_tap_room,tick_sim_tap_room_b5d0820fc073,Yoni Bar,2,"Too small, too loud, too crowded. The beer is great but the experience isn't worth it on weekends.",2026-05-02T17:43:58.062269+00:00
sim_tap_room,tick_sim_tap_room_ba897d463239,Ronit Shahar,4,Great beer education — staff will help you find exactly what you're looking for.,2026-05-02T17:43:58.062269+00:00
sim_tap_room,tick_sim_tap_room_c31e09ea5906,Noam Elul,4,Love the chalkboard tap list. Something new every time. The sour this week is amazing.,2026-05-02T17:43:58.062269+00:00
sim_tap_room,tick_sim_tap_room_f634bd168c35,Omer Klein,3,"Amazing tap list, claustrophobic space. Hard to relax when you're shoulder to shoulder.",2026-05-02T17:43:58.062269+00:00
sim_lager_ale_tlv,tick_sim_lager_ale_tlv_726fa9a119cd,Omer Katz,5,Happy hour deals on weekdays are genuinely good. The pale ale hits different at half price.,2026-05-02T19:00:44.883014+00:00
sim_beer_garden,tick_sim_beer_garden_06d2571ee5da,Yuval Paz,5,"The garden at sunset is something else. Cold lager, fairy lights, zero stress.",2026-05-02T19:01:01.788632+00:00
sim_beer_garden,tick_sim_beer_garden_b757ffff67a7,Avi Stern,5,Magical atmosphere on a warm night. Staff are genuinely friendly and the garden is immaculate.,2026-05-02T19:01:01.788632+00:00
sim_beer_garden,tick_sim_beer_garden_d61e52153684,Nurit Ben-David,5,"Perfect for a first date — beautiful setting, relaxed pace, good drink list.",2026-05-02T19:01:01.788632+00:00
sim_tap_room,tick_sim_tap_room_0666767d490a,Barak Levi,3,"Good selection but pricey. You're paying for the curation, which is fair, but still.",2026-05-02T19:01:20.518993+00:00
sim_tap_room,tick_sim_tap_room_09568f222873,Limor Sela,4,Serious craft beer bar. The staff can talk for hours about beer styles. Very knowledgeable.,2026-05-02T19:01:20.518993+00:00
sim_tap_room,tick_sim_tap_room_0b1d81b28a56,Tali Katz,4,Tiny bar but big on quality. Standing room only on Thursdays but worth the squeeze.,2026-05-02T19:01:20.518993+00:00
sim_tap_room,tick_sim_tap_room_0ce2a071a8b6,Michal Raz,3,The beer is great but the food menu is very limited. Come for drinks only.,2026-05-02T19:01:20.518993+00:00
sim_tap_room,tick_sim_tap_room_0deb70aecfe9,Dana Dagan,2,"Waited 20 minutes to order at the bar. No apology, no acknowledgement. Beer was good but still.",2026-05-02T19:01:20.518993+00:00
sim_tap_room,tick_sim_tap_room_25122b4a71bc,Anat Friedman,3,The beer is excellent but the bar is small and cramped. Hard to get a seat on weekends.,2026-05-02T19:01:20.518993+00:00
sim_tap_room,tick_sim_tap_room_681a9332ef13,Omer Klein,3,"Amazing tap list, claustrophobic space. Hard to relax when you're shoulder to shoulder.",2026-05-02T19:01:20.518993+00:00
sim_tap_room,tick_sim_tap_room_97ad82fc9f7e,Ilan Tzur,1,"Turned away at the door — 'too full'. Couldn't even see inside. Never tried, never will.",2026-05-02T19:01:20.518993+00:00
sim_tap_room,tick_sim_tap_room_ae901d800c42,Ronit Shahar,4,Great beer education — staff will help you find exactly what you're looking for.,2026-05-02T19:01:20.518993+00:00
sim_tap_room,tick_sim_tap_room_aeb3873ad0fb,Noam Elul,4,Love the chalkboard tap list. Something new every time. The sour this week is amazing.,2026-05-02T19:01:20.518993+00:00
sim_tap_room,tick_sim_tap_room_b55936867d2e,Gad Cohen,4,Serious about craft in a way most Tel Aviv bars aren't. Pricey but fair for the curation.,2026-05-02T19:01:20.518993+00:00
sim_tap_room,tick_sim_tap_room_e515c81ffbaf,Yoni Bar,2,"Too small, too loud, too crowded. The beer is great but the experience isn't worth it on weekends.",2026-05-02T19:01:20.518993+00:00
sim_tap_room,tick_sim_tap_room_f7164254f03a,Yaron Green,4,The flight of four is a great way to explore. Always discover something new here.,2026-05-02T19:01:20.518993+00:00
sim_lager_ale_tlv,tick_sim_lager_ale_tlv_065ba5974d0d,Itai Gold,4,Solid bar with real personality. The porter is my regular order. Seating gets tight by 9pm.,2026-05-02T20:04:29.853751+00:00
sim_lager_ale_tlv,tick_sim_lager_ale_tlv_a12a3f7fbeba,Noa Eitan,5,"Best bar on Rothschild, no contest. Knowledgeable staff and rotating craft options.",2026-05-02T20:04:29.853751+00:00
sim_beer_garden,tick_sim_beer_garden_6c5edf54f25f,Amos Tzur,3,"Service is inconsistent — sometimes fast, sometimes you're waiting forever. Nice garden though.",2026-05-02T20:04:47.274773+00:00
sim_beer_garden,tick_sim_beer_garden_6de31343dc75,Yossi Katz,4,Great for groups — big tables and the staff handles crowds well. Wish the tap list were wider.,2026-05-02T20:04:47.274773+00:00
sim_beer_garden,tick_sim_beer_garden_6f9b4044f7d3,Tal Weiss,5,The garden brunch is an institution. Go on a Sunday morning and thank me later.,2026-05-02T20:04:47.274773+00:00
sim_beer_garden,tick_sim_beer_garden_7d0aad882b68,Limor Raz,4,Solid neighborhood bar elevated by the outdoor area. The burger + pale ale is the combo.,2026-05-02T20:04:47.274773+00:00
sim_tap_room,tick_sim_tap_room_0c2d451f54ef,Amir Sagi,5,"24 taps, all rotating, all excellent. This is the only craft beer bar that really gets it in Tel Aviv.",2026-05-02T20:05:03.153670+00:00
sim_tap_room,tick_sim_tap_room_1adb05fa9a26,Dana Dagan,2,"Waited 20 minutes to order at the bar. No apology, no acknowledgement. Beer was good but still.",2026-05-02T20:05:03.153670+00:00
sim_tap_room,tick_sim_tap_room_32698653e91a,Yaron Green,4,The flight of four is a great way to explore. Always discover something new here.,2026-05-02T20:05:03.153670+00:00
sim_tap_room,tick_sim_tap_room_376e49082bc5,Tali Katz,4,Tiny bar but big on quality. Standing room only on Thursdays but worth the squeeze.,2026-05-02T20:05:03.153670+00:00
sim_tap_room,tick_sim_tap_room_41bd5fcf84f2,Noam Elul,4,Love the chalkboard tap list. Something new every time. The sour this week is amazing.,2026-05-02T20:05:03.153670+00:00
sim_tap_room,tick_sim_tap_room_527015a6f196,Barak Levi,3,"Good selection but pricey. You're paying for the curation, which is fair, but still.",2026-05-02T20:05:03.153670+00:00
sim_tap_room,tick_sim_tap_room_736025bc4554,Gad Cohen,4,Serious about craft in a way most Tel Aviv bars aren't. Pricey but fair for the curation.,2026-05-02T20:05:03.153670+00:00
sim_tap_room,tick_sim_tap_room_7e55b84e556d,Ilan Tzur,1,"Turned away at the door — 'too full'. Couldn't even see inside. Never tried, never will.",2026-05-02T20:05:03.153670+00:00
sim_tap_room,tick_sim_tap_room_8bc6d5f2d65b,Yoni Bar,2,"Too small, too loud, too crowded. The beer is great but the experience isn't worth it on weekends.",2026-05-02T20:05:03.153670+00:00
sim_tap_room,tick_sim_tap_room_998af425c8af,Orli Bar,5,Staff recommended a sour I would never have picked myself — it was outstanding. Real expertise here.,2026-05-02T20:05:03.153670+00:00
sim_tap_room,tick_sim_tap_room_a267029950b1,Anat Friedman,3,The beer is excellent but the bar is small and cramped. Hard to get a seat on weekends.,2026-05-02T20:05:03.153670+00:00
sim_tap_room,tick_sim_tap_room_a80a3826e1a6,Omer Klein,3,"Amazing tap list, claustrophobic space. Hard to relax when you're shoulder to shoulder.",2026-05-02T20:05:03.153670+00:00
sim_tap_room,tick_sim_tap_room_b5ec7783319f,Michal Raz,3,The beer is great but the food menu is very limited. Come for drinks only.,2026-05-02T20:05:03.153670+00:00
sim_tap_room,tick_sim_tap_room_e3f456a4f40d,Limor Sela,4,Serious craft beer bar. The staff can talk for hours about beer styles. Very knowledgeable.,2026-05-02T20:05:03.153670+00:00
sim_tap_room,tick_sim_tap_room_edf268b4be58,Ronit Shahar,4,Great beer education — staff will help you find exactly what you're looking for.,2026-05-02T20:05:03.153670+00:00
sim_tap_room,tick_sim_tap_room_f723dbfcd0c6,Stav Rosen,5,"No shortcuts, just great beer and passion. This is what a craft beer bar should be.",2026-05-02T20:05:03.153670+00:00
sim_lager_ale_tlv,tick_sim_lager_ale_tlv_80b5a2dfc92c,Ayelet Ron,4,Love the concept — always something on tap I haven't tried. Wish they did more food.,2026-05-02T21:08:15.170030+00:00
sim_lager_ale_tlv,tick_sim_lager_ale_tlv_e200310aae00,Benny Har,3,"Decent selection, nothing extraordinary. Prices are on the high side for the area.",2026-05-02T21:08:15.170030+00:00
sim_lager_ale_tlv,tick_sim_lager_ale_tlv_eb13f7d2c596,Liron Ben-Zvi,4,Industrial design and long bar are a vibe. Service is fast even when full.,2026-05-02T21:08:15.170030+00:00
sim_beer_garden,tick_sim_beer_garden_13c6d75667af,Gadi Mor,5,"Came on a Tuesday evening — quiet, gorgeous, and the lager was perfectly cold. Love this place.",2026-05-02T21:08:32.960246+00:00
sim_beer_garden,tick_sim_beer_garden_26bde935c2bb,Tal Weiss,5,The garden brunch is an institution. Go on a Sunday morning and thank me later.,2026-05-02T21:08:32.960246+00:00
sim_beer_garden,tick_sim_beer_garden_a558a0d3ad44,Yuval Paz,5,"The garden at sunset is something else. Cold lager, fairy lights, zero stress.",2026-05-02T21:08:32.960246+00:00
sim_beer_garden,tick_sim_beer_garden_d9aea4a9bac6,Kobi Levi,5,The cider is a hidden gem here. Garden is well maintained and vibe is just right.,2026-05-02T21:08:32.960246+00:00
sim_beer_garden,tick_sim_beer_garden_e375e48733e0,Yossi Katz,4,Great for groups — big tables and the staff handles crowds well. Wish the tap list were wider.,2026-05-02T21:08:32.960246+00:00
sim_tap_room,tick_sim_tap_room_0335424545ba,Michal Raz,3,The beer is great but the food menu is very limited. Come for drinks only.,2026-05-02T21:08:48.173435+00:00
sim_tap_room,tick_sim_tap_room_23f6edff8969,Dotan Peretz,5,The chalkboard tap list changes constantly. Something new every visit. The DIPA right now is extraordinary.,2026-05-02T21:08:48.173435+00:00
sim_tap_room,tick_sim_tap_room_3dd72a14d921,Gad Cohen,4,Serious about craft in a way most Tel Aviv bars aren't. Pricey but fair for the curation.,2026-05-02T21:08:48.173435+00:00
sim_tap_room,tick_sim_tap_room_44c514aac605,Shani Cohen,5,The barrel-aged stout they had last week was the best beer I've had in years. Staff know their stuff.,2026-05-02T21:08:48.173435+00:00
sim_tap_room,tick_sim_tap_room_611d9eaf3f23,Moshe Shaul,5,Raised the bar for craft beer in this city. The session IPA on tap now is brilliant.,2026-05-02T21:08:48.173435+00:00
sim_tap_room,tick_sim_tap_room_8546192cd22e,Ronit Shahar,4,Great beer education — staff will help you find exactly what you're looking for.,2026-05-02T21:08:48.173435+00:00
sim_tap_room,tick_sim_tap_room_8afafab5aaae,Tali Katz,4,Tiny bar but big on quality. Standing room only on Thursdays but worth the squeeze.,2026-05-02T21:08:48.173435+00:00
sim_tap_room,tick_sim_tap_room_953435b3dd6e,Inbal Mor,5,"The rotating list keeps me coming back weekly. Never the same beer twice, always excellent.",2026-05-02T21:08:48.173435+00:00
sim_tap_room,tick_sim_tap_room_a4e8e95d93f9,Yoni Bar,2,"Too small, too loud, too crowded. The beer is great but the experience isn't worth it on weekends.",2026-05-02T21:08:48.173435+00:00
sim_tap_room,tick_sim_tap_room_a78ed26c9741,Limor Sela,4,Serious craft beer bar. The staff can talk for hours about beer styles. Very knowledgeable.,2026-05-02T21:08:48.173435+00:00
sim_tap_room,tick_sim_tap_room_a80133968dd6,Dana Dagan,2,"Waited 20 minutes to order at the bar. No apology, no acknowledgement. Beer was good but still.",2026-05-02T21:08:48.173435+00:00
sim_tap_room,tick_sim_tap_room_a822643a4134,Yaron Green,4,The flight of four is a great way to explore. Always discover something new here.,2026-05-02T21:08:48.173435+00:00
sim_tap_room,tick_sim_tap_room_a919f043ec14,Barak Levi,3,"Good selection but pricey. You're paying for the curation, which is fair, but still.",2026-05-02T21:08:48.173435+00:00
sim_tap_room,tick_sim_tap_room_d3dfbd0911da,Omer Klein,3,"Amazing tap list, claustrophobic space. Hard to relax when you're shoulder to shoulder.",2026-05-02T21:08:48.173435+00:00
sim_tap_room,tick_sim_tap_room_ded0fc0c2626,Ilan Tzur,1,"Turned away at the door — 'too full'. Couldn't even see inside. Never tried, never will.",2026-05-02T21:08:48.173435+00:00
sim_tap_room,tick_sim_tap_room_e7e25d5b934b,Noam Elul,4,Love the chalkboard tap list. Something new every time. The sour this week is amazing.,2026-05-02T21:08:48.173435+00:00
sim_tap_room,tick_sim_tap_room_f34516e55a1c,Anat Friedman,3,The beer is excellent but the bar is small and cramped. Hard to get a seat on weekends.,2026-05-02T21:08:48.173435+00:00
sim_lager_ale_tlv,tick_sim_lager_ale_tlv_043f0e6e4e7b,Ofer Mizrahi,4,"Good selection, friendly staff. Slightly pricey but you're paying for curation.",2026-05-02T22:06:31.598260+00:00
sim_lager_ale_tlv,tick_sim_lager_ale_tlv_79a9f04ecf86,Itai Gold,4,Solid bar with real personality. The porter is my regular order. Seating gets tight by 9pm.,2026-05-02T22:06:31.598260+00:00
sim_lager_ale_tlv,tick_sim_lager_ale_tlv_8b8b5830f452,Ran Ofer,5,Outdoor seating on a warm evening with a cold craft lager. Tel Aviv at its finest.,2026-05-02T22:06:31.598260+00:00
sim_lager_ale_tlv,tick_sim_lager_ale_tlv_968597557ecc,Shai Biton,5,Live jazz on Friday + that porter = perfect evening. Will return weekly.,2026-05-02T22:06:31.598260+00:00
sim_beer_garden,tick_sim_beer_garden_0e0dcb8975d2,Yuval Paz,5,"The garden at sunset is something else. Cold lager, fairy lights, zero stress.",2026-05-02T22:06:46.737211+00:00
sim_beer_garden,tick_sim_beer_garden_749afcec0b2c,Hila Ohayon,5,"Took my team here for a celebration. Big tables, great service, everyone was happy.",2026-05-02T22:06:46.737211+00:00
sim_beer_garden,tick_sim_beer_garden_917e426c6983,Avi Stern,5,Magical atmosphere on a warm night. Staff are genuinely friendly and the garden is immaculate.,2026-05-02T22:06:46.737211+00:00
sim_beer_garden,tick_sim_beer_garden_b64ef246ab79,Limor Raz,4,Solid neighborhood bar elevated by the outdoor area. The burger + pale ale is the combo.,2026-05-02T22:06:46.737211+00:00
sim_beer_garden,tick_sim_beer_garden_c73cae524cd0,Neta Gold,4,The garden in the evening is beautiful. Service is friendly if a little slow.,2026-05-02T22:06:46.737211+00:00
sim_beer_garden,tick_sim_beer_garden_e45948a15176,Gadi Mor,5,"Came on a Tuesday evening — quiet, gorgeous, and the lager was perfectly cold. Love this place.",2026-05-02T22:06:46.737211+00:00
sim_tap_room,tick_sim_tap_room_465292f51ac3,Tali Katz,4,Tiny bar but big on quality. Standing room only on Thursdays but worth the squeeze.,2026-05-02T22:07:01.533468+00:00
sim_tap_room,tick_sim_tap_room_6c41f0af5235,Pini Ben-Haim,5,For beer geeks this is paradise. Flight of four is the move for first-timers.,2026-05-02T22:07:01.533468+00:00
sim_tap_room,tick_sim_tap_room_78960eb07e81,Dana Dagan,2,"Waited 20 minutes to order at the bar. No apology, no acknowledgement. Beer was good but still.",2026-05-02T22:07:01.533468+00:00
sim_tap_room,tick_sim_tap_room_a05759d8f957,Amir Sagi,5,"24 taps, all rotating, all excellent. This is the only craft beer bar that really gets it in Tel Aviv.",2026-05-02T22:07:01.533468+00:00
sim_tap_room,tick_sim_tap_room_a059fe4ebb52,Yoni Bar,2,"Too small, too loud, too crowded. The beer is great but the experience isn't worth it on weekends.",2026-05-02T22:07:01.533468+00:00
sim_tap_room,tick_sim_tap_room_a21eba00f9f0,Michal Raz,3,The beer is great but the food menu is very limited. Come for drinks only.,2026-05-02T22:07:01.533468+00:00
sim_tap_room,tick_sim_tap_room_a224ee7293d7,Anat Friedman,3,The beer is excellent but the bar is small and cramped. Hard to get a seat on weekends.,2026-05-02T22:07:01.533468+00:00
sim_tap_room,tick_sim_tap_room_a48cb4bc8ce6,Gad Cohen,4,Serious about craft in a way most Tel Aviv bars aren't. Pricey but fair for the curation.,2026-05-02T22:07:01.533468+00:00
sim_tap_room,tick_sim_tap_room_b8ba373fb71f,Yaron Green,4,The flight of four is a great way to explore. Always discover something new here.,2026-05-02T22:07:01.533468+00:00
sim_tap_room,tick_sim_tap_room_d10f31561748,Rafi Levi,5,If you care about craft beer this is your place. They import rare stuff you genuinely can't find elsewhere.,2026-05-02T22:07:01.533468+00:00
sim_tap_room,tick_sim_tap_room_defa38ea095a,Inbal Mor,5,"The rotating list keeps me coming back weekly. Never the same beer twice, always excellent.",2026-05-02T22:07:01.533468+00:00
sim_tap_room,tick_sim_tap_room_e2173ac8cc4e,Noam Elul,4,Love the chalkboard tap list. Something new every time. The sour this week is amazing.,2026-05-02T22:07:01.533468+00:00
sim_tap_room,tick_sim_tap_room_e3ef038f0037,Barak Levi,3,"Good selection but pricey. You're paying for the curation, which is fair, but still.",2026-05-02T22:07:01.533468+00:00
sim_tap_room,tick_sim_tap_room_ea3ee7d5707f,Ilan Tzur,1,"Turned away at the door — 'too full'. Couldn't even see inside. Never tried, never will.",2026-05-02T22:07:01.533468+00:00
sim_tap_room,tick_sim_tap_room_fb5b7b31b66f,Ronit Shahar,4,Great beer education — staff will help you find exactly what you're looking for.,2026-05-02T22:07:01.533468+00:00
sim_tap_room,tick_sim_tap_room_fb95d8fc4751,Omer Klein,3,"Amazing tap list, claustrophobic space. Hard to relax when you're shoulder to shoulder.",2026-05-02T22:07:01.533468+00:00
sim_tap_room,tick_sim_tap_room_fc13b41b881e,Limor Sela,4,Serious craft beer bar. The staff can talk for hours about beer styles. Very knowledgeable.,2026-05-02T22:07:01.533468+00:00
sim_lager_ale_tlv,tick_sim_lager_ale_tlv_6ac75945c03f,Dana Freed,4,"Great spot, gets crowded on weekends but the quality is consistent. Love the rotating taps.",2026-05-02T23:09:50.276066+00:00
sim_lager_ale_tlv,tick_sim_lager_ale_tlv_831c15002c6c,Omer Katz,5,Happy hour deals on weekdays are genuinely good. The pale ale hits different at half price.,2026-05-02T23:09:50.276066+00:00
sim_lager_ale_tlv,tick_sim_lager_ale_tlv_91a1a4b50893,Itai Gold,4,Solid bar with real personality. The porter is my regular order. Seating gets tight by 9pm.,2026-05-02T23:09:50.276066+00:00
sim_lager_ale_tlv,tick_sim_lager_ale_tlv_a5da6237b6e7,Ofer Mizrahi,4,"Good selection, friendly staff. Slightly pricey but you're paying for curation.",2026-05-02T23:09:50.276066+00:00
sim_lager_ale_tlv,tick_sim_lager_ale_tlv_d6b78a71a72d,Michal Saar,5,"The sampler board is the move for a first visit. Five styles, all excellent, good value.",2026-05-02T23:09:50.276066+00:00
sim_lager_ale_tlv,tick_sim_lager_ale_tlv_fb07a1708035,Dor Avni,5,"Incredible tap list, something new every visit. The double IPA right now is world class.",2026-05-02T23:09:50.276066+00:00
sim_beer_garden,tick_sim_beer_garden_22f7509b42d0,Gadi Mor,5,"Came on a Tuesday evening — quiet, gorgeous, and the lager was perfectly cold. Love this place.",2026-05-02T23:10:06.007090+00:00
sim_beer_garden,tick_sim_beer_garden_91c67ea96850,Ran Blum,2,"Expected more given the reputation. Noisy, cramped on the weekend, and the service was scattered.",2026-05-02T23:10:06.007090+00:00
sim_beer_garden,tick_sim_beer_garden_92695c9ef37a,Limor Raz,4,Solid neighborhood bar elevated by the outdoor area. The burger + pale ale is the combo.,2026-05-02T23:10:06.007090+00:00
sim_beer_garden,tick_sim_beer_garden_951047a1a7d3,Inbal Cohen,4,Lovely garden bar. The wheat beer is refreshing and the food is better than expected.,2026-05-02T23:10:06.007090+00:00
sim_beer_garden,tick_sim_beer_garden_9e8fdc2b6357,Shir Blum,5,Best outdoor bar in the city. We come every Sunday — the brunch + beer combo is a ritual now.,2026-05-02T23:10:06.007090+00:00
sim_beer_garden,tick_sim_beer_garden_fbe34de34792,Yuval Paz,5,"The garden at sunset is something else. Cold lager, fairy lights, zero stress.",2026-05-02T23:10:06.007090+00:00
sim_tap_room,tick_sim_tap_room_00676bcd8dbd,Tali Katz,4,Tiny bar but big on quality. Standing room only on Thursdays but worth the squeeze.,2026-05-02T23:10:23.266240+00:00
sim_tap_room,tick_sim_tap_room_13b8aaf328d9,Dana Dagan,2,"Waited 20 minutes to order at the bar. No apology, no acknowledgement. Beer was good but still.",2026-05-02T23:10:23.266240+00:00
sim_tap_room,tick_sim_tap_room_1e2241a1b40a,Gad Cohen,4,Serious about craft in a way most Tel Aviv bars aren't. Pricey but fair for the curation.,2026-05-02T23:10:23.266240+00:00
sim_tap_room,tick_sim_tap_room_37503079050c,Limor Sela,4,Serious craft beer bar. The staff can talk for hours about beer styles. Very knowledgeable.,2026-05-02T23:10:23.266240+00:00
sim_tap_room,tick_sim_tap_room_422f4e27fa2a,Omer Klein,3,"Amazing tap list, claustrophobic space. Hard to relax when you're shoulder to shoulder.",2026-05-02T23:10:23.266240+00:00
sim_tap_room,tick_sim_tap_room_48d092fe7664,Yoni Bar,2,"Too small, too loud, too crowded. The beer is great but the experience isn't worth it on weekends.",2026-05-02T23:10:23.266240+00:00
sim_tap_room,tick_sim_tap_room_52a5d0c4fce3,Yaron Green,4,The flight of four is a great way to explore. Always discover something new here.,2026-05-02T23:10:23.266240+00:00
sim_tap_room,tick_sim_tap_room_5c66909e3d3b,Barak Levi,3,"Good selection but pricey. You're paying for the curation, which is fair, but still.",2026-05-02T23:10:23.266240+00:00
sim_tap_room,tick_sim_tap_room_85e59dc65478,Orli Bar,5,Staff recommended a sour I would never have picked myself — it was outstanding. Real expertise here.,2026-05-02T23:10:23.266240+00:00
sim_tap_room,tick_sim_tap_room_aa6aa034e47e,Moshe Shaul,5,Raised the bar for craft beer in this city. The session IPA on tap now is brilliant.,2026-05-02T23:10:23.266240+00:00
sim_tap_room,tick_sim_tap_room_d7e71a4fb8bb,Ilan Tzur,1,"Turned away at the door — 'too full'. Couldn't even see inside. Never tried, never will.",2026-05-02T23:10:23.266240+00:00
sim_tap_room,tick_sim_tap_room_de5cf0defd6b,Michal Raz,3,The beer is great but the food menu is very limited. Come for drinks only.,2026-05-02T23:10:23.266240+00:00
sim_tap_room,tick_sim_tap_room_df3deac4b362,Anat Friedman,3,The beer is excellent but the bar is small and cramped. Hard to get a seat on weekends.,2026-05-02T23:10:23.266240+00:00
sim_tap_room,tick_sim_tap_room_e1be2cfe17a3,Ronit Shahar,4,Great beer education — staff will help you find exactly what you're looking for.,2026-05-02T23:10:23.266240+00:00
sim_tap_room,tick_sim_tap_room_e4629db14565,Noam Elul,4,Love the chalkboard tap list. Something new every time. The sour this week is amazing.,2026-05-02T23:10:23.266240+00:00
sim_lager_ale_tlv,tick_sim_lager_ale_tlv_188b7b10af8c,Gal Peretz,5,My friends think I work here because I keep recommending it. The stout is life-changing.,2026-05-03T00:08:01.888591+00:00
sim_lager_ale_tlv,tick_sim_lager_ale_tlv_2a0304fd4741,Ofer Mizrahi,4,"Good selection, friendly staff. Slightly pricey but you're paying for curation.",2026-05-03T00:08:01.888591+00:00
sim_lager_ale_tlv,tick_sim_lager_ale_tlv_345e91b603d7,Nadav Shapiro,4,Great discovery. The flight of four is perfect for exploring without committing to a pint.,2026-05-03T00:08:01.888591+00:00
sim_beer_garden,tick_sim_beer_garden_0046c7c0e972,Neta Gold,4,The garden in the evening is beautiful. Service is friendly if a little slow.,2026-05-03T00:08:16.922818+00:00
sim_beer_garden,tick_sim_beer_garden_a5813eae2d70,Yael Gross,3,Nice on a weekday. Packed and hard to find a seat on weekends.,2026-05-03T00:08:16.922818+00:00
sim_beer_garden,tick_sim_beer_garden_a8ad03986f20,Kobi Levi,5,The cider is a hidden gem here. Garden is well maintained and vibe is just right.,2026-05-03T00:08:16.922818+00:00
sim_tap_room,tick_sim_tap_room_1e4abb576397,Anat Friedman,3,The beer is excellent but the bar is small and cramped. Hard to get a seat on weekends.,2026-05-03T00:08:32.955872+00:00
sim_tap_room,tick_sim_tap_room_2e7d641bce0f,Tali Katz,4,Tiny bar but big on quality. Standing room only on Thursdays but worth the squeeze.,2026-05-03T00:08:32.955872+00:00
sim_tap_room,tick_sim_tap_room_46fd6578f329,Barak Levi,3,"Good selection but pricey. You're paying for the curation, which is fair, but still.",2026-05-03T00:08:32.955872+00:00
sim_tap_room,tick_sim_tap_room_56a6cdb13edd,Omer Klein,3,"Amazing tap list, claustrophobic space. Hard to relax when you're shoulder to shoulder.",2026-05-03T00:08:32.955872+00:00
sim_tap_room,tick_sim_tap_room_71bb798e7783,Noam Elul,4,Love the chalkboard tap list. Something new every time. The sour this week is amazing.,2026-05-03T00:08:32.955872+00:00
sim_tap_room,tick_sim_tap_room_d536f6c6e378,Dana Dagan,2,"Waited 20 minutes to order at the bar. No apology, no acknowledgement. Beer was good but still.",2026-05-03T00:08:32.955872+00:00
sim_tap_room,tick_sim_tap_room_f6e85af7a1d9,Ronit Shahar,4,Great beer education — staff will help you find exactly what you're looking for.,2026-05-03T00:08:32.955872+00:00
sim_lager_ale_tlv,tick_sim_lager_ale_tlv_02205fcd7c46,Omer Katz,5,Happy hour deals on weekdays are genuinely good. The pale ale hits different at half price.,2026-05-03T04:27:42.715033+00:00
sim_lager_ale_tlv,tick_sim_lager_ale_tlv_0fad45d9b398,Dana Freed,4,"Great spot, gets crowded on weekends but the quality is consistent. Love the rotating taps.",2026-05-03T04:27:42.715033+00:00
sim_lager_ale_tlv,tick_sim_lager_ale_tlv_10537df629e1,Tamar Levy,5,The cheese board and the Belgian wheat are a match made in heaven. Flawless experience.,2026-05-03T04:27:42.715033+00:00
sim_lager_ale_tlv,tick_sim_lager_ale_tlv_90ba00e6a9d8,Michal Saar,5,"The sampler board is the move for a first visit. Five styles, all excellent, good value.",2026-05-03T04:27:42.715033+00:00
sim_lager_ale_tlv,tick_sim_lager_ale_tlv_f43f365e165c,Gal Peretz,5,My friends think I work here because I keep recommending it. The stout is life-changing.,2026-05-03T04:27:42.715033+00:00
sim_beer_garden,tick_sim_beer_garden_19e23f380636,Sari Ben-Zion,2,Beer arrived warm twice. Beautiful space but execution needs work.,2026-05-03T04:27:58.583813+00:00
sim_beer_garden,tick_sim_beer_garden_1b6b0fd24dc6,Amos Tzur,3,"Service is inconsistent — sometimes fast, sometimes you're waiting forever. Nice garden though.",2026-05-03T04:27:58.583813+00:00
sim_beer_garden,tick_sim_beer_garden_dadf3ba746cc,Gadi Mor,5,"Came on a Tuesday evening — quiet, gorgeous, and the lager was perfectly cold. Love this place.",2026-05-03T04:27:58.583813+00:00
sim_tap_room,tick_sim_tap_room_2788eb4c0e50,Barak Levi,3,"Good selection but pricey. You're paying for the curation, which is fair, but still.",2026-05-03T04:28:12.872410+00:00
sim_tap_room,tick_sim_tap_room_7be3f475c3b4,Dana Dagan,2,"Waited 20 minutes to order at the bar. No apology, no acknowledgement. Beer was good but still.",2026-05-03T04:28:12.872410+00:00
sim_tap_room,tick_sim_tap_room_a3c686cc3aed,Ilan Tzur,1,"Turned away at the door — 'too full'. Couldn't even see inside. Never tried, never will.",2026-05-03T04:28:12.872410+00:00
sim_lager_ale_tlv,tick_sim_lager_ale_tlv_2e44989aae46,Dor Avni,5,"Incredible tap list, something new every visit. The double IPA right now is world class.",2026-05-03T07:06:19.273885+00:00
sim_lager_ale_tlv,tick_sim_lager_ale_tlv_7ad19683528c,Nadav Shapiro,4,Great discovery. The flight of four is perfect for exploring without committing to a pint.,2026-05-03T07:06:19.273885+00:00
sim_lager_ale_tlv,tick_sim_lager_ale_tlv_8d4f439f646d,Ayelet Ron,4,Love the concept — always something on tap I haven't tried. Wish they did more food.,2026-05-03T07:06:19.273885+00:00
sim_lager_ale_tlv,tick_sim_lager_ale_tlv_8fe3bf8b829e,Dana Freed,4,"Great spot, gets crowded on weekends but the quality is consistent. Love the rotating taps.",2026-05-03T07:06:19.273885+00:00
sim_lager_ale_tlv,tick_sim_lager_ale_tlv_ca408244b224,Adi Ben-Shahar,5,"Quiet Monday evening, bartender talked me through six taps. Left knowing a lot more about beer.",2026-05-03T07:06:19.273885+00:00
sim_beer_garden,tick_sim_beer_garden_020149e809fa,Limor Raz,4,Solid neighborhood bar elevated by the outdoor area. The burger + pale ale is the combo.,2026-05-03T07:06:36.163492+00:00
sim_beer_garden,tick_sim_beer_garden_adf8c0b06057,Amos Tzur,3,"Service is inconsistent — sometimes fast, sometimes you're waiting forever. Nice garden though.",2026-05-03T07:06:36.163492+00:00
sim_tap_room,tick_sim_tap_room_62f4bbd05db2,Dana Dagan,2,"Waited 20 minutes to order at the bar. No apology, no acknowledgement. Beer was good but still.",2026-05-03T07:07:04.174600+00:00
sim_lager_ale_tlv,tick_sim_lager_ale_tlv_17ceee685eab,Omer Katz,5,Happy hour deals on weekdays are genuinely good. The pale ale hits different at half price.,2026-05-03T09:03:51.486028+00:00
sim_lager_ale_tlv,tick_sim_lager_ale_tlv_4aa407fdce2f,Ran Ofer,5,Outdoor seating on a warm evening with a cold craft lager. Tel Aviv at its finest.,2026-05-03T09:03:51.486028+00:00
sim_lager_ale_tlv,tick_sim_lager_ale_tlv_76ce64bd3593,Adi Ben-Shahar,5,"Quiet Monday evening, bartender talked me through six taps. Left knowing a lot more about beer.",2026-05-03T09:03:51.486028+00:00
sim_lager_ale_tlv,tick_sim_lager_ale_tlv_a9836dc5f24f,Noa Eitan,5,"Best bar on Rothschild, no contest. Knowledgeable staff and rotating craft options.",2026-05-03T09:03:51.486028+00:00
sim_lager_ale_tlv,tick_sim_lager_ale_tlv_f903d0d7930f,Shai Biton,5,Live jazz on Friday + that porter = perfect evening. Will return weekly.,2026-05-03T09:03:51.486028+00:00
sim_beer_garden,tick_sim_beer_garden_7c20acb9cd14,Boaz Ofer,3,"Overpriced for what it is. You're paying for the garden, not the beer quality.",2026-05-03T09:04:10.584070+00:00
sim_beer_garden,tick_sim_beer_garden_8bf65ef040a4,Dina Koren,3,Pretty place but the beer selection is limited to mainstream brands. Go for the atmosphere.,2026-05-03T09:04:10.584070+00:00
sim_lager_ale_tlv,tick_sim_lager_ale_tlv_141ba0925c7e,Liron Ben-Zvi,4,Industrial design and long bar are a vibe. Service is fast even when full.,2026-05-03T10:31:09.460775+00:00
sim_lager_ale_tlv,tick_sim_lager_ale_tlv_263a721d0cd6,Ofer Mizrahi,4,"Good selection, friendly staff. Slightly pricey but you're paying for curation.",2026-05-03T10:31:09.460775+00:00
sim_lager_ale_tlv,tick_sim_lager_ale_tlv_40355d4aabc9,Ayelet Ron,4,Love the concept — always something on tap I haven't tried. Wish they did more food.,2026-05-03T10:31:09.460775+00:00
sim_lager_ale_tlv,tick_sim_lager_ale_tlv_994a38ab7119,Itai Gold,4,Solid bar with real personality. The porter is my regular order. Seating gets tight by 9pm.,2026-05-03T10:31:09.460775+00:00
sim_lager_ale_tlv,tick_sim_lager_ale_tlv_b8b200ccf476,Yarden Cohen,5,"Came for one beer, stayed for three. The seasonal sour was outstanding.",2026-05-03T10:31:09.460775+00:00
sim_beer_garden,tick_sim_beer_garden_68a5a4e6342d,Roni Samson,4,Beautiful outdoor setting. Beer selection is mostly mainstream but the atmosphere makes up for it.,2026-05-03T10:31:25.620702+00:00
sim_beer_garden,tick_sim_beer_garden_af3b18221c79,Ran Blum,2,"Expected more given the reputation. Noisy, cramped on the weekend, and the service was scattered.",2026-05-03T10:31:25.620702+00:00
sim_beer_garden,tick_sim_beer_garden_f7386ca16fc1,Dina Koren,3,Pretty place but the beer selection is limited to mainstream brands. Go for the atmosphere.,2026-05-03T10:31:25.620702+00:00
sim_lager_ale_tlv,tick_sim_lager_ale_tlv_59ec5985f02a,Itai Gold,4,Solid bar with real personality. The porter is my regular order. Seating gets tight by 9pm.,2026-05-03T11:42:59.269988+00:00
sim_lager_ale_tlv,tick_sim_lager_ale_tlv_9aee73befb16,Tamar Levy,5,The cheese board and the Belgian wheat are a match made in heaven. Flawless experience.,2026-05-03T11:42:59.269988+00:00
sim_lager_ale_tlv,tick_sim_lager_ale_tlv_baf5287164b7,Adi Ben-Shahar,5,"Quiet Monday evening, bartender talked me through six taps. Left knowing a lot more about beer.",2026-05-03T11:42:59.269988+00:00
sim_lager_ale_tlv,tick_sim_lager_ale_tlv_e816f13cd029,Dana Freed,4,"Great spot, gets crowded on weekends but the quality is consistent. Love the rotating taps.",2026-05-03T11:42:59.269988+00:00
sim_beer_garden,tick_sim_beer_garden_08d0b1c8327b,Roni Samson,4,Beautiful outdoor setting. Beer selection is mostly mainstream but the atmosphere makes up for it.,2026-05-03T11:43:16.127799+00:00
sim_beer_garden,tick_sim_beer_garden_7e0518313898,Tal Weiss,5,The garden brunch is an institution. Go on a Sunday morning and thank me later.,2026-05-03T11:43:16.127799+00:00
sim_tap_room,tick_sim_tap_room_ed657c4ee466,Yoni Bar,2,"Too small, too loud, too crowded. The beer is great but the experience isn't worth it on weekends.",2026-05-03T11:43:33.796791+00:00
sim_lager_ale_tlv,tick_sim_lager_ale_tlv_29063408db5e,Omer Katz,5,Happy hour deals on weekdays are genuinely good. The pale ale hits different at half price.,2026-05-03T13:12:45.165930+00:00
sim_lager_ale_tlv,tick_sim_lager_ale_tlv_a50cd3770e46,Shai Biton,5,Live jazz on Friday + that porter = perfect evening. Will return weekly.,2026-05-03T13:12:45.165930+00:00
sim_beer_garden,tick_sim_beer_garden_25569f3bd489,Neta Gold,4,The garden in the evening is beautiful. Service is friendly if a little slow.,2026-05-03T13:12:58.885991+00:00
sim_tap_room,tick_sim_tap_room_8feb4d6cbcf9,Tali Katz,4,Tiny bar but big on quality. Standing room only on Thursdays but worth the squeeze.,2026-05-03T13:13:14.079779+00:00
sim_lager_ale_tlv,tick_sim_lager_ale_tlv_89791df55808,Keren Ziv,3,Waited 15 minutes for a drink on a Friday. Beer was worth it but the wait was frustrating.,2026-05-03T14:29:01.777680+00:00
sim_beer_garden,tick_sim_beer_garden_81c78b36e092,Ran Blum,2,"Expected more given the reputation. Noisy, cramped on the weekend, and the service was scattered.",2026-05-03T14:29:17.060154+00:00
sim_tap_room,tick_sim_tap_room_175f7b853092,Tali Katz,4,Tiny bar but big on quality. Standing room only on Thursdays but worth the squeeze.,2026-05-03T14:29:33.770211+00:00
sim_tap_room,tick_sim_tap_room_f336e2d20623,Orli Bar,5,Staff recommended a sour I would never have picked myself — it was outstanding. Real expertise here.,2026-05-03T14:29:33.770211+00:00
sim_lager_ale_tlv,tick_sim_lager_ale_tlv_7598cdaf7656,Ayelet Ron,4,Love the concept — always something on tap I haven't tried. Wish they did more food.,2026-05-03T15:23:26.686797+00:00
sim_beer_garden,tick_sim_beer_garden_5d205cc4d9e3,Ran Blum,2,"Expected more given the reputation. Noisy, cramped on the weekend, and the service was scattered.",2026-05-03T15:23:43.027924+00:00
sim_tap_room,tick_sim_tap_room_5f34f0db7a66,Ronit Shahar,4,Great beer education — staff will help you find exactly what you're looking for.,2026-05-03T15:23:59.882588+00:00
sim_tap_room,tick_sim_tap_room_972c0456cb5a,Dotan Peretz,5,The chalkboard tap list changes constantly. Something new every visit. The DIPA right now is extraordinary.,2026-05-03T15:23:59.882588+00:00
sim_tap_room,tick_sim_tap_room_f9fb4754f160,Yaron Green,4,The flight of four is a great way to explore. Always discover something new here.,2026-05-03T15:23:59.882588+00:00
sim_tap_room,tick_sim_tap_room_1593e0953269,Anat Friedman,3,The beer is excellent but the bar is small and cramped. Hard to get a seat on weekends.,2026-05-03T16:09:02.686626+00:00
sim_tap_room,tick_sim_tap_room_7421ca5a73f2,Yaron Green,4,The flight of four is a great way to explore. Always discover something new here.,2026-05-03T16:09:02.686626+00:00
sim_tap_room,tick_sim_tap_room_fe84b38ba9c3,Dotan Peretz,5,The chalkboard tap list changes constantly. Something new every visit. The DIPA right now is extraordinary.,2026-05-03T16:09:02.686626+00:00
sim_beer_garden,tick_sim_beer_garden_9faac24adeae,Roni Samson,4,Beautiful outdoor setting. Beer selection is mostly mainstream but the atmosphere makes up for it.,2026-05-03T17:24:46.606398+00:00
sim_tap_room,tick_sim_tap_room_32c8280e2bb6,Dotan Peretz,5,The chalkboard tap list changes constantly. Something new every visit. The DIPA right now is extraordinary.,2026-05-03T17:25:02.128753+00:00
sim_tap_room,tick_sim_tap_room_4bdff4ad0883,Orli Bar,5,Staff recommended a sour I would never have picked myself — it was outstanding. Real expertise here.,2026-05-03T17:25:02.128753+00:00
sim_tap_room,tick_sim_tap_room_55999defeaa5,Stav Rosen,5,"No shortcuts, just great beer and passion. This is what a craft beer bar should be.",2026-05-03T17:25:02.128753+00:00
sim_tap_room,tick_sim_tap_room_9450025387c4,Tali Katz,4,Tiny bar but big on quality. Standing room only on Thursdays but worth the squeeze.,2026-05-03T17:25:02.128753+00:00
sim_beer_garden,tick_sim_beer_garden_274e658312ee,Inbal Cohen,4,Lovely garden bar. The wheat beer is refreshing and the food is better than expected.,2026-05-03T18:11:18.721819+00:00
sim_tap_room,tick_sim_tap_room_15a038572ae7,Shani Cohen,5,The barrel-aged stout they had last week was the best beer I've had in years. Staff know their stuff.,2026-05-03T18:11:35.265787+00:00
sim_tap_room,tick_sim_tap_room_32b94f34b394,Noam Elul,4,Love the chalkboard tap list. Something new every time. The sour this week is amazing.,2026-05-03T18:11:35.265787+00:00
sim_tap_room,tick_sim_tap_room_5fcddc2e9863,Amir Sagi,5,"24 taps, all rotating, all excellent. This is the only craft beer bar that really gets it in Tel Aviv.",2026-05-03T18:11:35.265787+00:00
sim_tap_room,tick_sim_tap_room_c0c300835335,Moshe Shaul,5,Raised the bar for craft beer in this city. The session IPA on tap now is brilliant.,2026-05-03T18:11:35.265787+00:00
sim_tap_room,tick_sim_tap_room_fda7c730e1b9,Limor Sela,4,Serious craft beer bar. The staff can talk for hours about beer styles. Very knowledgeable.,2026-05-03T18:11:35.265787+00:00
sim_beer_garden,tick_sim_beer_garden_711283bdbad5,Inbal Cohen,4,Lovely garden bar. The wheat beer is refreshing and the food is better than expected.,2026-05-03T19:33:48.981076+00:00
sim_tap_room,tick_sim_tap_room_001f0fdef9b2,Pini Ben-Haim,5,For beer geeks this is paradise. Flight of four is the move for first-timers.,2026-05-03T19:34:04.612267+00:00
sim_tap_room,tick_sim_tap_room_2dde1a1e444d,Rafi Levi,5,If you care about craft beer this is your place. They import rare stuff you genuinely can't find elsewhere.,2026-05-03T19:34:04.612267+00:00
sim_tap_room,tick_sim_tap_room_77b7671124dd,Stav Rosen,5,"No shortcuts, just great beer and passion. This is what a craft beer bar should be.",2026-05-03T19:34:04.612267+00:00
sim_tap_room,tick_sim_tap_room_a7ff23bb3def,Noam Elul,4,Love the chalkboard tap list. Something new every time. The sour this week is amazing.,2026-05-03T19:34:04.612267+00:00
sim_tap_room,tick_sim_tap_room_b87ede0fc0ea,Orli Bar,5,Staff recommended a sour I would never have picked myself — it was outstanding. Real expertise here.,2026-05-03T19:34:04.612267+00:00
sim_lager_ale_tlv,tick_sim_lager_ale_tlv_2c49444227dd,Liron Ben-Zvi,4,Industrial design and long bar are a vibe. Service is fast even when full.,2026-05-03T20:43:10.054274+00:00
sim_beer_garden,tick_sim_beer_garden_1296638085dc,Tal Weiss,5,The garden brunch is an institution. Go on a Sunday morning and thank me later.,2026-05-03T20:43:28.560420+00:00
sim_beer_garden,tick_sim_beer_garden_ff77e4583d4e,Inbal Cohen,4,Lovely garden bar. The wheat beer is refreshing and the food is better than expected.,2026-05-03T20:43:28.560420+00:00
sim_tap_room,tick_sim_tap_room_499f55d4bd01,Yonit Ziv,5,Consistent quality across every visit. The double IPA is exceptional and the staff are genuine experts.,2026-05-03T20:43:44.494396+00:00
sim_tap_room,tick_sim_tap_room_55091baf53e3,Shani Cohen,5,The barrel-aged stout they had last week was the best beer I've had in years. Staff know their stuff.,2026-05-03T20:43:44.494396+00:00
sim_tap_room,tick_sim_tap_room_81c3dff1539d,Amir Sagi,5,"24 taps, all rotating, all excellent. This is the only craft beer bar that really gets it in Tel Aviv.",2026-05-03T20:43:44.494396+00:00
sim_tap_room,tick_sim_tap_room_ba4a859b81c5,Inbal Mor,5,"The rotating list keeps me coming back weekly. Never the same beer twice, always excellent.",2026-05-03T20:43:44.494396+00:00
sim_tap_room,tick_sim_tap_room_be23a3bff883,Limor Sela,4,Serious craft beer bar. The staff can talk for hours about beer styles. Very knowledgeable.,2026-05-03T20:43:44.494396+00:00
sim_tap_room,tick_sim_tap_room_e81980c46c2a,Stav Rosen,5,"No shortcuts, just great beer and passion. This is what a craft beer bar should be.",2026-05-03T20:43:44.494396+00:00
sim_lager_ale_tlv,tick_sim_lager_ale_tlv_1c8835d1c52c,Ilan Gross,3,"Good beer, slow service on a busy night. Had to flag someone down twice.",2026-05-03T21:42:34.492830+00:00
sim_beer_garden,tick_sim_beer_garden_2e04e82fa0cc,Amos Tzur,3,"Service is inconsistent — sometimes fast, sometimes you're waiting forever. Nice garden though.",2026-05-03T21:42:52.075774+00:00
sim_beer_garden,tick_sim_beer_garden_7f2885685574,Erez Bar,4,Regular haunt for us. Not the most adventurous tap list but reliably good.,2026-05-03T21:42:52.075774+00:00
sim_tap_room,tick_sim_tap_room_2308da7d7ad9,Limor Sela,4,Serious craft beer bar. The staff can talk for hours about beer styles. Very knowledgeable.,2026-05-03T21:43:10.244676+00:00
sim_tap_room,tick_sim_tap_room_3ac2fe008356,Yonit Ziv,5,Consistent quality across every visit. The double IPA is exceptional and the staff are genuine experts.,2026-05-03T21:43:10.244676+00:00
sim_tap_room,tick_sim_tap_room_3c88c749cf3b,Rafi Levi,5,If you care about craft beer this is your place. They import rare stuff you genuinely can't find elsewhere.,2026-05-03T21:43:10.244676+00:00
sim_tap_room,tick_sim_tap_room_583abf48e924,Noam Elul,4,Love the chalkboard tap list. Something new every time. The sour this week is amazing.,2026-05-03T21:43:10.244676+00:00
sim_tap_room,tick_sim_tap_room_a83458fad2de,Pini Ben-Haim,5,For beer geeks this is paradise. Flight of four is the move for first-timers.,2026-05-03T21:43:10.244676+00:00
sim_tap_room,tick_sim_tap_room_aaa16093c60a,Inbal Mor,5,"The rotating list keeps me coming back weekly. Never the same beer twice, always excellent.",2026-05-03T21:43:10.244676+00:00
sim_lager_ale_tlv,tick_sim_lager_ale_tlv_ba1d113c0550,Ran Ofer,5,Outdoor seating on a warm evening with a cold craft lager. Tel Aviv at its finest.,2026-05-03T22:42:23.646257+00:00
sim_beer_garden,tick_sim_beer_garden_931ad1c5a205,Hila Ohayon,5,"Took my team here for a celebration. Big tables, great service, everyone was happy.",2026-05-03T22:42:41.132670+00:00
sim_beer_garden,tick_sim_beer_garden_f63a4098325b,Erez Bar,4,Regular haunt for us. Not the most adventurous tap list but reliably good.,2026-05-03T22:42:41.132670+00:00
sim_tap_room,tick_sim_tap_room_56970c8936bb,Tali Katz,4,Tiny bar but big on quality. Standing room only on Thursdays but worth the squeeze.,2026-05-03T22:42:57.892934+00:00
sim_tap_room,tick_sim_tap_room_79d7d0ca6a60,Amir Sagi,5,"24 taps, all rotating, all excellent. This is the only craft beer bar that really gets it in Tel Aviv.",2026-05-03T22:42:57.892934+00:00
sim_tap_room,tick_sim_tap_room_81e14d9bb36b,Moshe Shaul,5,Raised the bar for craft beer in this city. The session IPA on tap now is brilliant.,2026-05-03T22:42:57.892934+00:00
sim_tap_room,tick_sim_tap_room_93a565d9ed16,Orli Bar,5,Staff recommended a sour I would never have picked myself — it was outstanding. Real expertise here.,2026-05-03T22:42:57.892934+00:00
sim_tap_room,tick_sim_tap_room_9a2ef1e78022,Limor Sela,4,Serious craft beer bar. The staff can talk for hours about beer styles. Very knowledgeable.,2026-05-03T22:42:57.892934+00:00
sim_tap_room,tick_sim_tap_room_f6d9a276b2b3,Rafi Levi,5,If you care about craft beer this is your place. They import rare stuff you genuinely can't find elsewhere.,2026-05-03T22:42:57.892934+00:00
sim_lager_ale_tlv,tick_sim_lager_ale_tlv_8999f3056f5d,Dana Freed,4,"Great spot, gets crowded on weekends but the quality is consistent. Love the rotating taps.",2026-05-03T23:47:18.715881+00:00
sim_lager_ale_tlv,tick_sim_lager_ale_tlv_904eaeb6fbd4,Shai Biton,5,Live jazz on Friday + that porter = perfect evening. Will return weekly.,2026-05-03T23:47:18.715881+00:00
sim_beer_garden,tick_sim_beer_garden_3d8d9eb41454,Kobi Levi,5,The cider is a hidden gem here. Garden is well maintained and vibe is just right.,2026-05-03T23:47:35.498512+00:00
sim_beer_garden,tick_sim_beer_garden_7ed34c9ef387,Neta Gold,4,The garden in the evening is beautiful. Service is friendly if a little slow.,2026-05-03T23:47:35.498512+00:00
sim_beer_garden,tick_sim_beer_garden_d1967e4480ec,Gadi Mor,5,"Came on a Tuesday evening — quiet, gorgeous, and the lager was perfectly cold. Love this place.",2026-05-03T23:47:35.498512+00:00
sim_tap_room,tick_sim_tap_room_185f54eec04e,Pini Ben-Haim,5,For beer geeks this is paradise. Flight of four is the move for first-timers.,2026-05-03T23:47:51.148551+00:00
sim_tap_room,tick_sim_tap_room_1f05a580cda2,Yaron Green,4,The flight of four is a great way to explore. Always discover something new here.,2026-05-03T23:47:51.148551+00:00
sim_tap_room,tick_sim_tap_room_8129150eb709,Noam Elul,4,Love the chalkboard tap list. Something new every time. The sour this week is amazing.,2026-05-03T23:47:51.148551+00:00
sim_tap_room,tick_sim_tap_room_9a25bec575ff,Rafi Levi,5,If you care about craft beer this is your place. They import rare stuff you genuinely can't find elsewhere.,2026-05-03T23:47:51.148551+00:00
sim_tap_room,tick_sim_tap_room_dfa4e042d60c,Tali Katz,4,Tiny bar but big on quality. Standing room only on Thursdays but worth the squeeze.,2026-05-03T23:47:51.148551+00:00
sim_lager_ale_tlv,tick_sim_lager_ale_tlv_e1a9242a08b4,Nadav Shapiro,4,Great discovery. The flight of four is perfect for exploring without committing to a pint.,2026-05-04T02:55:35.281772+00:00
sim_lager_ale_tlv,tick_sim_lager_ale_tlv_e87b48088dac,Ayelet Ron,4,Love the concept — always something on tap I haven't tried. Wish they did more food.,2026-05-04T02:55:35.281772+00:00
sim_beer_garden,tick_sim_beer_garden_e4aab9dcf324,Kobi Levi,5,The cider is a hidden gem here. Garden is well maintained and vibe is just right.,2026-05-04T02:55:50.779293+00:00
sim_tap_room,tick_sim_tap_room_1e715ae41232,Yonit Ziv,5,Consistent quality across every visit. The double IPA is exceptional and the staff are genuine experts.,2026-05-04T02:56:05.343287+00:00
sim_tap_room,tick_sim_tap_room_705d0a606ff1,Ronit Shahar,4,Great beer education — staff will help you find exactly what you're looking for.,2026-05-04T02:56:05.343287+00:00
sim_lager_ale_tlv,tick_sim_lager_ale_tlv_13a15e3ce31b,Shai Biton,5,Live jazz on Friday + that porter = perfect evening. Will return weekly.,2026-05-04T06:15:46.649192+00:00
sim_lager_ale_tlv,tick_sim_lager_ale_tlv_dfa75304411e,Michal Saar,5,"The sampler board is the move for a first visit. Five styles, all excellent, good value.",2026-05-04T06:15:46.649192+00:00
sim_beer_garden,tick_sim_beer_garden_5c5c9a4405cc,Tal Weiss,5,The garden brunch is an institution. Go on a Sunday morning and thank me later.,2026-05-04T06:16:04.763663+00:00
sim_tap_room,tick_sim_tap_room_a44680dc598b,Gad Cohen,4,Serious about craft in a way most Tel Aviv bars aren't. Pricey but fair for the curation.,2026-05-04T06:16:20.716224+00:00
sim_lager_ale_tlv,tick_sim_lager_ale_tlv_2836ee60c17b,Michal Saar,5,"The sampler board is the move for a first visit. Five styles, all excellent, good value.",2026-05-04T09:03:19.889578+00:00
sim_lager_ale_tlv,tick_sim_lager_ale_tlv_53140cda4790,Ran Ofer,5,Outdoor seating on a warm evening with a cold craft lager. Tel Aviv at its finest.,2026-05-04T09:03:19.889578+00:00
sim_lager_ale_tlv,tick_sim_lager_ale_tlv_bf42753b1e89,Dor Avni,5,"Incredible tap list, something new every visit. The double IPA right now is world class.",2026-05-04T11:22:25.294317+00:00
sim_lager_ale_tlv,tick_sim_lager_ale_tlv_2560354a7db9,Dor Avni,5,"Incredible tap list, something new every visit. The double IPA right now is world class.",2026-05-04T13:07:40.381265+00:00
sim_tap_room,tick_sim_tap_room_aa1b5735af65,Limor Sela,4,Serious craft beer bar. The staff can talk for hours about beer styles. Very knowledgeable.,2026-05-04T13:08:00.468998+00:00
sim_lager_ale_tlv,tick_sim_lager_ale_tlv_5d57388a80da,Nadav Shapiro,4,Great discovery. The flight of four is perfect for exploring without committing to a pint.,2026-05-04T15:30:13.400855+00:00
sim_tap_room,tick_sim_tap_room_37e7aeb093a8,Limor Sela,4,Serious craft beer bar. The staff can talk for hours about beer styles. Very knowledgeable.,2026-05-04T15:30:31.043440+00:00
sim_tap_room,tick_sim_tap_room_3ee9762134fc,Moshe Shaul,5,Raised the bar for craft beer in this city. The session IPA on tap now is brilliant.,2026-05-04T15:30:31.043440+00:00
sim_tap_room,tick_sim_tap_room_7c0395fcaadb,Shani Cohen,5,The barrel-aged stout they had last week was the best beer I've had in years. Staff know their stuff.,2026-05-04T15:30:31.043440+00:00
sim_beer_garden,tick_sim_beer_garden_d11a99b6eeb1,Dina Koren,3,Pretty place but the beer selection is limited to mainstream brands. Go for the atmosphere.,2026-05-04T17:15:15.968727+00:00
sim_tap_room,tick_sim_tap_room_3082feae8854,Moshe Shaul,5,Raised the bar for craft beer in this city. The session IPA on tap now is brilliant.,2026-05-04T17:15:32.152280+00:00
sim_tap_room,tick_sim_tap_room_76a97ad4ae80,Dotan Peretz,5,The chalkboard tap list changes constantly. Something new every visit. The DIPA right now is extraordinary.,2026-05-04T17:15:32.152280+00:00
sim_tap_room,tick_sim_tap_room_9fb747f2d5d3,Inbal Mor,5,"The rotating list keeps me coming back weekly. Never the same beer twice, always excellent.",2026-05-04T17:15:32.152280+00:00
sim_tap_room,tick_sim_tap_room_c407cf38a968,Shani Cohen,5,The barrel-aged stout they had last week was the best beer I've had in years. Staff know their stuff.,2026-05-04T17:15:32.152280+00:00
sim_beer_garden,tick_sim_beer_garden_ff3df8ecabf0,Dina Koren,3,Pretty place but the beer selection is limited to mainstream brands. Go for the atmosphere.,2026-05-04T19:04:50.284495+00:00
sim_tap_room,tick_sim_tap_room_1cc4f0bd910c,Yonit Ziv,5,Consistent quality across every visit. The double IPA is exceptional and the staff are genuine experts.,2026-05-04T19:05:07.377363+00:00
sim_tap_room,tick_sim_tap_room_38ed76d2689a,Stav Rosen,5,"No shortcuts, just great beer and passion. This is what a craft beer bar should be.",2026-05-04T19:05:07.377363+00:00
sim_tap_room,tick_sim_tap_room_5cccf0434039,Inbal Mor,5,"The rotating list keeps me coming back weekly. Never the same beer twice, always excellent.",2026-05-04T19:05:07.377363+00:00
sim_tap_room,tick_sim_tap_room_b518484ddd7a,Amir Sagi,5,"24 taps, all rotating, all excellent. This is the only craft beer bar that really gets it in Tel Aviv.",2026-05-04T19:05:07.377363+00:00
sim_tap_room,tick_sim_tap_room_fd1c04cff669,Rafi Levi,5,If you care about craft beer this is your place. They import rare stuff you genuinely can't find elsewhere.,2026-05-04T19:05:07.377363+00:00
sim_lager_ale_tlv,tick_sim_lager_ale_tlv_6d3f178f7dc4,Noa Eitan,5,"Best bar on Rothschild, no contest. Knowledgeable staff and rotating craft options.",2026-05-04T20:47:46.283315+00:00
sim_beer_garden,tick_sim_beer_garden_a38fa56fba9e,Ran Blum,2,"Expected more given the reputation. Noisy, cramped on the weekend, and the service was scattered.",2026-05-04T20:48:02.908664+00:00
sim_beer_garden,tick_sim_beer_garden_e31050a324dd,Kobi Levi,5,The cider is a hidden gem here. Garden is well maintained and vibe is just right.,2026-05-04T20:48:02.908664+00:00
sim_tap_room,tick_sim_tap_room_8fcde92b4787,Inbal Mor,5,"The rotating list keeps me coming back weekly. Never the same beer twice, always excellent.",2026-05-04T20:48:20.179799+00:00
sim_tap_room,tick_sim_tap_room_921ccc715ee7,Tali Katz,4,Tiny bar but big on quality. Standing room only on Thursdays but worth the squeeze.,2026-05-04T20:48:20.179799+00:00
sim_tap_room,tick_sim_tap_room_c56c20b1282c,Dotan Peretz,5,The chalkboard tap list changes constantly. Something new every visit. The DIPA right now is extraordinary.,2026-05-04T20:48:20.179799+00:00
sim_tap_room,tick_sim_tap_room_cf8a18371020,Shani Cohen,5,The barrel-aged stout they had last week was the best beer I've had in years. Staff know their stuff.,2026-05-04T20:48:20.179799+00:00
sim_tap_room,tick_sim_tap_room_d59070fe5452,Amir Sagi,5,"24 taps, all rotating, all excellent. This is the only craft beer bar that really gets it in Tel Aviv.",2026-05-04T20:48:20.179799+00:00
sim_tap_room,tick_sim_tap_room_e929f0b9beaa,Stav Rosen,5,"No shortcuts, just great beer and passion. This is what a craft beer bar should be.",2026-05-04T20:48:20.179799+00:00
sim_lager_ale_tlv,tick_sim_lager_ale_tlv_f6c40f3b34dd,Benny Har,3,"Decent selection, nothing extraordinary. Prices are on the high side for the area.",2026-05-04T22:01:38.674160+00:00
sim_beer_garden,tick_sim_beer_garden_abd40caf99bd,Amos Tzur,3,"Service is inconsistent — sometimes fast, sometimes you're waiting forever. Nice garden though.",2026-05-04T22:01:57.141638+00:00
sim_beer_garden,tick_sim_beer_garden_b01d99b46c2e,Limor Raz,4,Solid neighborhood bar elevated by the outdoor area. The burger + pale ale is the combo.,2026-05-04T22:01:57.141638+00:00
sim_tap_room,tick_sim_tap_room_6334812ff728,Shani Cohen,5,The barrel-aged stout they had last week was the best beer I've had in years. Staff know their stuff.,2026-05-04T22:02:14.105942+00:00
sim_tap_room,tick_sim_tap_room_70d626bf99d5,Inbal Mor,5,"The rotating list keeps me coming back weekly. Never the same beer twice, always excellent.",2026-05-04T22:02:14.105942+00:00
sim_tap_room,tick_sim_tap_room_92a283912c43,Stav Rosen,5,"No shortcuts, just great beer and passion. This is what a craft beer bar should be.",2026-05-04T22:02:14.105942+00:00
sim_tap_room,tick_sim_tap_room_a1f522d3f9e4,Pini Ben-Haim,5,For beer geeks this is paradise. Flight of four is the move for first-timers.,2026-05-04T22:02:14.105942+00:00
sim_tap_room,tick_sim_tap_room_ad747600502a,Orli Bar,5,Staff recommended a sour I would never have picked myself — it was outstanding. Real expertise here.,2026-05-04T22:02:14.105942+00:00
sim_tap_room,tick_sim_tap_room_f1160b257714,Michal Raz,3,The beer is great but the food menu is very limited. Come for drinks only.,2026-05-04T22:02:14.105942+00:00
sim_lager_ale_tlv,tick_sim_lager_ale_tlv_be6affd9d583,Ofer Mizrahi,4,"Good selection, friendly staff. Slightly pricey but you're paying for curation.",2026-05-04T23:27:31.497100+00:00
sim_lager_ale_tlv,tick_sim_lager_ale_tlv_f76c60feaaa4,Dana Freed,4,"Great spot, gets crowded on weekends but the quality is consistent. Love the rotating taps.",2026-05-04T23:27:31.497100+00:00
sim_beer_garden,tick_sim_beer_garden_0286d3d24015,Avi Stern,5,Magical atmosphere on a warm night. Staff are genuinely friendly and the garden is immaculate.,2026-05-04T23:27:53.386039+00:00
sim_beer_garden,tick_sim_beer_garden_3c0f04a96d0b,Yael Gross,3,Nice on a weekday. Packed and hard to find a seat on weekends.,2026-05-04T23:27:53.386039+00:00
sim_tap_room,tick_sim_tap_room_28d823eacd34,Yonit Ziv,5,Consistent quality across every visit. The double IPA is exceptional and the staff are genuine experts.,2026-05-04T23:28:09.334238+00:00
sim_tap_room,tick_sim_tap_room_2b51cf2d081e,Stav Rosen,5,"No shortcuts, just great beer and passion. This is what a craft beer bar should be.",2026-05-04T23:28:09.334238+00:00
sim_tap_room,tick_sim_tap_room_37ae58d87186,Inbal Mor,5,"The rotating list keeps me coming back weekly. Never the same beer twice, always excellent.",2026-05-04T23:28:09.334238+00:00
sim_tap_room,tick_sim_tap_room_9ec02ff49489,Orli Bar,5,Staff recommended a sour I would never have picked myself — it was outstanding. Real expertise here.,2026-05-04T23:28:09.334238+00:00
sim_tap_room,tick_sim_tap_room_d374a97eff30,Pini Ben-Haim,5,For beer geeks this is paradise. Flight of four is the move for first-timers.,2026-05-04T23:28:09.334238+00:00
sim_tap_room,tick_sim_tap_room_e5d85e382a08,Yaron Green,4,The flight of four is a great way to explore. Always discover something new here.,2026-05-04T23:28:09.334238+00:00
sim_lager_ale_tlv,tick_sim_lager_ale_tlv_56fa024b8da5,Ayelet Ron,4,Love the concept — always something on tap I haven't tried. Wish they did more food.,2026-05-05T01:12:28.383584+00:00
sim_lager_ale_tlv,tick_sim_lager_ale_tlv_f1a4656b3a46,Benny Har,3,"Decent selection, nothing extraordinary. Prices are on the high side for the area.",2026-05-05T01:12:28.383584+00:00
sim_lager_ale_tlv,tick_sim_lager_ale_tlv_f58e03191342,Tamar Levy,5,The cheese board and the Belgian wheat are a match made in heaven. Flawless experience.,2026-05-05T01:12:28.383584+00:00
sim_beer_garden,tick_sim_beer_garden_1638fbbc193c,Nurit Ben-David,5,"Perfect for a first date — beautiful setting, relaxed pace, good drink list.",2026-05-05T01:12:47.983830+00:00
sim_beer_garden,tick_sim_beer_garden_2a1ee8c9a397,Yael Gross,3,Nice on a weekday. Packed and hard to find a seat on weekends.,2026-05-05T01:12:47.983830+00:00
sim_beer_garden,tick_sim_beer_garden_a247753c4bfe,Amos Tzur,3,"Service is inconsistent — sometimes fast, sometimes you're waiting forever. Nice garden though.",2026-05-05T01:12:47.983830+00:00
sim_tap_room,tick_sim_tap_room_171e77f6a0a6,Noam Elul,4,Love the chalkboard tap list. Something new every time. The sour this week is amazing.,2026-05-05T01:13:05.152607+00:00
sim_tap_room,tick_sim_tap_room_1f794311dccc,Moshe Shaul,5,Raised the bar for craft beer in this city. The session IPA on tap now is brilliant.,2026-05-05T01:13:05.152607+00:00
sim_tap_room,tick_sim_tap_room_2b904cb40dea,Yonit Ziv,5,Consistent quality across every visit. The double IPA is exceptional and the staff are genuine experts.,2026-05-05T01:13:05.152607+00:00
sim_tap_room,tick_sim_tap_room_788f34d3cefd,Amir Sagi,5,"24 taps, all rotating, all excellent. This is the only craft beer bar that really gets it in Tel Aviv.",2026-05-05T01:13:05.152607+00:00
sim_tap_room,tick_sim_tap_room_814430691388,Dotan Peretz,5,The chalkboard tap list changes constantly. Something new every visit. The DIPA right now is extraordinary.,2026-05-05T01:13:05.152607+00:00
sim_lager_ale_tlv,tick_sim_lager_ale_tlv_0489584938cb,Ayelet Ron,4,Love the concept — always something on tap I haven't tried. Wish they did more food.,2026-05-05T04:41:25.467616+00:00
sim_lager_ale_tlv,tick_sim_lager_ale_tlv_57e2f408f6ea,Adi Ben-Shahar,5,"Quiet Monday evening, bartender talked me through six taps. Left knowing a lot more about beer.",2026-05-05T04:41:25.467616+00:00
sim_lager_ale_tlv,tick_sim_lager_ale_tlv_5a2a5fc0e066,Nadav Shapiro,4,Great discovery. The flight of four is perfect for exploring without committing to a pint.,2026-05-05T04:41:25.467616+00:00
sim_lager_ale_tlv,tick_sim_lager_ale_tlv_90056f59ec87,Ran Ofer,5,Outdoor seating on a warm evening with a cold craft lager. Tel Aviv at its finest.,2026-05-05T04:41:25.467616+00:00
sim_beer_garden,tick_sim_beer_garden_b6b5c8b3f0c7,Inbal Cohen,4,Lovely garden bar. The wheat beer is refreshing and the food is better than expected.,2026-05-05T04:41:41.176287+00:00
sim_beer_garden,tick_sim_beer_garden_f6a81bbc2bd0,Yael Gross,3,Nice on a weekday. Packed and hard to find a seat on weekends.,2026-05-05T04:41:41.176287+00:00
sim_tap_room,tick_sim_tap_room_02b003f47ea8,Pini Ben-Haim,5,For beer geeks this is paradise. Flight of four is the move for first-timers.,2026-05-05T04:41:55.134635+00:00
sim_tap_room,tick_sim_tap_room_0fe2f9130225,Barak Levi,3,"Good selection but pricey. You're paying for the curation, which is fair, but still.",2026-05-05T04:41:55.134635+00:00
sim_lager_ale_tlv,tick_sim_lager_ale_tlv_07d0bd47477c,Omer Katz,5,Happy hour deals on weekdays are genuinely good. The pale ale hits different at half price.,2026-05-05T07:18:27.020455+00:00
sim_lager_ale_tlv,tick_sim_lager_ale_tlv_0ae188244fa1,Dor Avni,5,"Incredible tap list, something new every visit. The double IPA right now is world class.",2026-05-05T07:18:27.020455+00:00
sim_lager_ale_tlv,tick_sim_lager_ale_tlv_91c678d03caf,Shai Biton,5,Live jazz on Friday + that porter = perfect evening. Will return weekly.,2026-05-05T07:18:27.020455+00:00
sim_lager_ale_tlv,tick_sim_lager_ale_tlv_afabdd45af15,Michal Saar,5,"The sampler board is the move for a first visit. Five styles, all excellent, good value.",2026-05-05T07:18:27.020455+00:00
sim_beer_garden,tick_sim_beer_garden_04d522c4b5af,Inbal Cohen,4,Lovely garden bar. The wheat beer is refreshing and the food is better than expected.,2026-05-05T07:18:40.864852+00:00
sim_beer_garden,tick_sim_beer_garden_23e56cf8191f,Limor Raz,4,Solid neighborhood bar elevated by the outdoor area. The burger + pale ale is the combo.,2026-05-05T07:18:40.864852+00:00
sim_tap_room,tick_sim_tap_room_f7b20449c1cf,Dotan Peretz,5,The chalkboard tap list changes constantly. Something new every visit. The DIPA right now is extraordinary.,2026-05-05T07:18:55.106190+00:00
sim_lager_ale_tlv,tick_sim_lager_ale_tlv_bd7621b969a8,Adi Ben-Shahar,5,"Quiet Monday evening, bartender talked me through six taps. Left knowing a lot more about beer.",2026-05-05T09:27:40.065726+00:00
sim_lager_ale_tlv,tick_sim_lager_ale_tlv_dbc691108828,Shai Biton,5,Live jazz on Friday + that porter = perfect evening. Will return weekly.,2026-05-05T09:27:40.065726+00:00
sim_lager_ale_tlv,tick_sim_lager_ale_tlv_f0be5c0b0e78,Dana Freed,4,"Great spot, gets crowded on weekends but the quality is consistent. Love the rotating taps.",2026-05-05T09:27:40.065726+00:00
sim_beer_garden,tick_sim_beer_garden_cb3da457ce5e,Neta Gold,4,The garden in the evening is beautiful. Service is friendly if a little slow.,2026-05-05T09:27:56.934257+00:00
sim_lager_ale_tlv,tick_sim_lager_ale_tlv_e90f68250cc4,Tamar Levy,5,The cheese board and the Belgian wheat are a match made in heaven. Flawless experience.,2026-05-05T11:03:43.380528+00:00
sim_lager_ale_tlv,tick_sim_lager_ale_tlv_fc47253b3caa,Michal Saar,5,"The sampler board is the move for a first visit. Five styles, all excellent, good value.",2026-05-05T11:03:43.380528+00:00
sim_beer_garden,tick_sim_beer_garden_95efe751a1aa,Roni Samson,4,Beautiful outdoor setting. Beer selection is mostly mainstream but the atmosphere makes up for it.,2026-05-05T11:04:01.004199+00:00
sim_lager_ale_tlv,tick_sim_lager_ale_tlv_6029a60441fd,Nadav Shapiro,4,Great discovery. The flight of four is perfect for exploring without committing to a pint.,2026-05-05T12:48:02.724784+00:00
sim_lager_ale_tlv,tick_sim_lager_ale_tlv_8aa1e5559791,Noa Eitan,5,"Best bar on Rothschild, no contest. Knowledgeable staff and rotating craft options.",2026-05-05T12:48:02.724784+00:00
sim_tap_room,tick_sim_tap_room_3a909700dcbf,Tali Katz,4,Tiny bar but big on quality. Standing room only on Thursdays but worth the squeeze.,2026-05-05T12:48:18.959785+00:00
sim_lager_ale_tlv,tick_sim_lager_ale_tlv_bc28a5a8b56d,Dana Freed,4,"Great spot, gets crowded on weekends but the quality is consistent. Love the rotating taps.",2026-05-05T15:08:40.017777+00:00
sim_tap_room,tick_sim_tap_room_358998b97387,Limor Sela,4,Serious craft beer bar. The staff can talk for hours about beer styles. Very knowledgeable.,2026-05-05T15:08:59.022661+00:00
sim_tap_room,tick_sim_tap_room_ed04e5ee2338,Ronit Shahar,4,Great beer education — staff will help you find exactly what you're looking for.,2026-05-05T15:08:59.022661+00:00
sim_beer_garden,tick_sim_beer_garden_bef0e290ad32,Inbal Cohen,4,Lovely garden bar. The wheat beer is refreshing and the food is better than expected.,2026-05-05T17:04:46.845921+00:00
sim_tap_room,tick_sim_tap_room_1cc3e5cc0596,Moshe Shaul,5,Raised the bar for craft beer in this city. The session IPA on tap now is brilliant.,2026-05-05T17:05:02.430486+00:00
sim_tap_room,tick_sim_tap_room_67093853dff4,Inbal Mor,5,"The rotating list keeps me coming back weekly. Never the same beer twice, always excellent.",2026-05-05T17:05:02.430486+00:00
sim_tap_room,tick_sim_tap_room_82811b398c54,Rafi Levi,5,If you care about craft beer this is your place. They import rare stuff you genuinely can't find elsewhere.,2026-05-05T17:05:02.430486+00:00
sim_tap_room,tick_sim_tap_room_dc8af22a4cc0,Pini Ben-Haim,5,For beer geeks this is paradise. Flight of four is the move for first-timers.,2026-05-05T17:05:02.430486+00:00
sim_beer_garden,tick_sim_beer_garden_29641fa849ed,Yael Gross,3,Nice on a weekday. Packed and hard to find a seat on weekends.,2026-05-05T18:54:12.296868+00:00
sim_tap_room,tick_sim_tap_room_4f29ade5997f,Amir Sagi,5,"24 taps, all rotating, all excellent. This is the only craft beer bar that really gets it in Tel Aviv.",2026-05-05T18:54:35.207904+00:00
sim_tap_room,tick_sim_tap_room_87f499ce8c88,Inbal Mor,5,"The rotating list keeps me coming back weekly. Never the same beer twice, always excellent.",2026-05-05T18:54:35.207904+00:00
sim_tap_room,tick_sim_tap_room_93b66a0a9e41,Barak Levi,3,"Good selection but pricey. You're paying for the curation, which is fair, but still.",2026-05-05T18:54:35.207904+00:00
sim_tap_room,tick_sim_tap_room_ce4374612bfe,Moshe Shaul,5,Raised the bar for craft beer in this city. The session IPA on tap now is brilliant.,2026-05-05T18:54:35.207904+00:00
sim_tap_room,tick_sim_tap_room_d1a7a83e73db,Tali Katz,4,Tiny bar but big on quality. Standing room only on Thursdays but worth the squeeze.,2026-05-05T18:54:35.207904+00:00
sim_beer_garden,tick_sim_beer_garden_80c1783617d4,Erez Bar,4,Regular haunt for us. Not the most adventurous tap list but reliably good.,2026-05-05T20:08:06.942003+00:00
sim_beer_garden,tick_sim_beer_garden_be8935f4f6dc,Dina Koren,3,Pretty place but the beer selection is limited to mainstream brands. Go for the atmosphere.,2026-05-05T20:08:06.942003+00:00
sim_tap_room,tick_sim_tap_room_2608dc9e5dca,Noam Elul,4,Love the chalkboard tap list. Something new every time. The sour this week is amazing.,2026-05-05T20:08:23.914162+00:00
sim_tap_room,tick_sim_tap_room_420f21ee80c2,Inbal Mor,5,"The rotating list keeps me coming back weekly. Never the same beer twice, always excellent.",2026-05-05T20:08:23.914162+00:00
sim_tap_room,tick_sim_tap_room_83a04b73cdec,Amir Sagi,5,"24 taps, all rotating, all excellent. This is the only craft beer bar that really gets it in Tel Aviv.",2026-05-05T20:08:23.914162+00:00
sim_tap_room,tick_sim_tap_room_bc0db8fe5c8f,Moshe Shaul,5,Raised the bar for craft beer in this city. The session IPA on tap now is brilliant.,2026-05-05T20:08:23.914162+00:00
sim_tap_room,tick_sim_tap_room_edcff24004eb,Stav Rosen,5,"No shortcuts, just great beer and passion. This is what a craft beer bar should be.",2026-05-05T20:08:23.914162+00:00
sim_lager_ale_tlv,tick_sim_lager_ale_tlv_0e83caa3e75e,Noa Eitan,5,"Best bar on Rothschild, no contest. Knowledgeable staff and rotating craft options.",2026-05-05T21:35:34.335588+00:00
sim_beer_garden,tick_sim_beer_garden_591611444aa3,Dina Koren,3,Pretty place but the beer selection is limited to mainstream brands. Go for the atmosphere.,2026-05-05T21:35:52.041401+00:00
sim_beer_garden,tick_sim_beer_garden_e247eb93cfdf,Nurit Ben-David,5,"Perfect for a first date — beautiful setting, relaxed pace, good drink list.",2026-05-05T21:35:52.041401+00:00
sim_tap_room,tick_sim_tap_room_065b84f15542,Moshe Shaul,5,Raised the bar for craft beer in this city. The session IPA on tap now is brilliant.,2026-05-05T21:36:08.692814+00:00
sim_tap_room,tick_sim_tap_room_4d0155368782,Tali Katz,4,Tiny bar but big on quality. Standing room only on Thursdays but worth the squeeze.,2026-05-05T21:36:08.692814+00:00
sim_tap_room,tick_sim_tap_room_6a59769c5ab4,Limor Sela,4,Serious craft beer bar. The staff can talk for hours about beer styles. Very knowledgeable.,2026-05-05T21:36:08.692814+00:00
sim_tap_room,tick_sim_tap_room_7481928b80f5,Orli Bar,5,Staff recommended a sour I would never have picked myself — it was outstanding. Real expertise here.,2026-05-05T21:36:08.692814+00:00
sim_tap_room,tick_sim_tap_room_bcd952aec58e,Amir Sagi,5,"24 taps, all rotating, all excellent. This is the only craft beer bar that really gets it in Tel Aviv.",2026-05-05T21:36:08.692814+00:00
sim_tap_room,tick_sim_tap_room_d5db6a850a9b,Dotan Peretz,5,The chalkboard tap list changes constantly. Something new every visit. The DIPA right now is extraordinary.,2026-05-05T21:36:08.692814+00:00
sim_lager_ale_tlv,tick_sim_lager_ale_tlv_bf2b933181f8,Ofer Mizrahi,4,"Good selection, friendly staff. Slightly pricey but you're paying for curation.",2026-05-05T22:55:57.369763+00:00
sim_lager_ale_tlv,tick_sim_lager_ale_tlv_d8d7454cbfcf,Liron Ben-Zvi,4,Industrial design and long bar are a vibe. Service is fast even when full.,2026-05-05T22:55:57.369763+00:00
sim_beer_garden,tick_sim_beer_garden_14909fd8e801,Inbal Cohen,4,Lovely garden bar. The wheat beer is refreshing and the food is better than expected.,2026-05-05T22:56:16.912495+00:00
sim_beer_garden,tick_sim_beer_garden_6dce5dc4d585,Amos Tzur,3,"Service is inconsistent — sometimes fast, sometimes you're waiting forever. Nice garden though.",2026-05-05T22:56:16.912495+00:00
sim_tap_room,tick_sim_tap_room_56a311734c68,Yonit Ziv,5,Consistent quality across every visit. The double IPA is exceptional and the staff are genuine experts.,2026-05-05T22:56:32.187511+00:00
sim_tap_room,tick_sim_tap_room_a99b500bd1e9,Pini Ben-Haim,5,For beer geeks this is paradise. Flight of four is the move for first-timers.,2026-05-05T22:56:32.187511+00:00
sim_tap_room,tick_sim_tap_room_c76b04b5de53,Orli Bar,5,Staff recommended a sour I would never have picked myself — it was outstanding. Real expertise here.,2026-05-05T22:56:32.187511+00:00
sim_tap_room,tick_sim_tap_room_d33b69fde539,Shani Cohen,5,The barrel-aged stout they had last week was the best beer I've had in years. Staff know their stuff.,2026-05-05T22:56:32.187511+00:00
sim_tap_room,tick_sim_tap_room_ea48a633fd15,Moshe Shaul,5,Raised the bar for craft beer in this city. The session IPA on tap now is brilliant.,2026-05-05T22:56:32.187511+00:00
sim_tap_room,tick_sim_tap_room_f2fc9b45ad8d,Amir Sagi,5,"24 taps, all rotating, all excellent. This is the only craft beer bar that really gets it in Tel Aviv.",2026-05-05T22:56:32.187511+00:00
sim_lager_ale_tlv,tick_sim_lager_ale_tlv_6d7e7c96da01,Shai Biton,5,Live jazz on Friday + that porter = perfect evening. Will return weekly.,2026-05-05T23:51:08.769753+00:00
sim_lager_ale_tlv,tick_sim_lager_ale_tlv_a3c76d563969,Adi Ben-Shahar,5,"Quiet Monday evening, bartender talked me through six taps. Left knowing a lot more about beer.",2026-05-05T23:51:08.769753+00:00
sim_beer_garden,tick_sim_beer_garden_8b6343b310af,Tal Weiss,5,The garden brunch is an institution. Go on a Sunday morning and thank me later.,2026-05-05T23:51:20.221686+00:00
sim_beer_garden,tick_sim_beer_garden_e37a7b6e71be,Avi Stern,5,Magical atmosphere on a warm night. Staff are genuinely friendly and the garden is immaculate.,2026-05-05T23:51:20.221686+00:00
sim_beer_garden,tick_sim_beer_garden_e7feb5ec4d01,Erez Bar,4,Regular haunt for us. Not the most adventurous tap list but reliably good.,2026-05-05T23:51:20.221686+00:00
sim_tap_room,tick_sim_tap_room_4cec639169be,Michal Raz,3,The beer is great but the food menu is very limited. Come for drinks only.,2026-05-05T23:51:30.048846+00:00
sim_tap_room,tick_sim_tap_room_5e799f44caeb,Stav Rosen,5,"No shortcuts, just great beer and passion. This is what a craft beer bar should be.",2026-05-05T23:51:30.048846+00:00
sim_tap_room,tick_sim_tap_room_a1e7a343d5d2,Yaron Green,4,The flight of four is a great way to explore. Always discover something new here.,2026-05-05T23:51:30.048846+00:00
sim_tap_room,tick_sim_tap_room_dab724e11750,Moshe Shaul,5,Raised the bar for craft beer in this city. The session IPA on tap now is brilliant.,2026-05-05T23:51:30.048846+00:00
sim_tap_room,tick_sim_tap_room_fe6fe6820a84,Ronit Shahar,4,Great beer education — staff will help you find exactly what you're looking for.,2026-05-05T23:51:30.048846+00:00
sim_lager_ale_tlv,tick_sim_lager_ale_tlv_00f0c06dd9d4,Dana Freed,4,"Great spot, gets crowded on weekends but the quality is consistent. Love the rotating taps.",2026-05-06T02:53:47.176359+00:00
sim_lager_ale_tlv,tick_sim_lager_ale_tlv_1823a5a55482,Tamar Levy,5,The cheese board and the Belgian wheat are a match made in heaven. Flawless experience.,2026-05-06T02:53:47.176359+00:00
sim_lager_ale_tlv,tick_sim_lager_ale_tlv_ebee4e3085e2,Dor Avni,5,"Incredible tap list, something new every visit. The double IPA right now is world class.",2026-05-06T02:53:47.176359+00:00
sim_beer_garden,tick_sim_beer_garden_0fd363ea43b6,Yossi Katz,4,Great for groups — big tables and the staff handles crowds well. Wish the tap list were wider.,2026-05-06T02:54:04.420188+00:00
sim_beer_garden,tick_sim_beer_garden_36484c9b3da9,Boaz Ofer,3,"Overpriced for what it is. You're paying for the garden, not the beer quality.",2026-05-06T02:54:04.420188+00:00
sim_beer_garden,tick_sim_beer_garden_f107c07879f0,Neta Gold,4,The garden in the evening is beautiful. Service is friendly if a little slow.,2026-05-06T02:54:04.420188+00:00
sim_tap_room,tick_sim_tap_room_008eea20b375,Ronit Shahar,4,Great beer education — staff will help you find exactly what you're looking for.,2026-05-06T02:54:17.978075+00:00
sim_tap_room,tick_sim_tap_room_8f3d8f1b4b8e,Omer Klein,3,"Amazing tap list, claustrophobic space. Hard to relax when you're shoulder to shoulder.",2026-05-06T02:54:17.978075+00:00
sim_lager_ale_tlv,tick_sim_lager_ale_tlv_2cb196a4dbaa,Tali Sela,3,Nice place but quite loud. Hard to hold a conversation at peak hours.,2026-05-06T06:06:32.679504+00:00
sim_lager_ale_tlv,tick_sim_lager_ale_tlv_514c55e353e8,Ofer Mizrahi,4,"Good selection, friendly staff. Slightly pricey but you're paying for curation.",2026-05-06T06:06:32.679504+00:00
sim_lager_ale_tlv,tick_sim_lager_ale_tlv_aa93d06467e7,Dor Avni,5,"Incredible tap list, something new every visit. The double IPA right now is world class.",2026-05-06T06:06:32.679504+00:00
sim_lager_ale_tlv,tick_sim_lager_ale_tlv_fa55ff20e96e,Nadav Shapiro,4,Great discovery. The flight of four is perfect for exploring without committing to a pint.,2026-05-06T06:06:32.679504+00:00
sim_beer_garden,tick_sim_beer_garden_a4d879f66d73,Shir Blum,5,Best outdoor bar in the city. We come every Sunday — the brunch + beer combo is a ritual now.,2026-05-06T06:06:49.224353+00:00
sim_beer_garden,tick_sim_beer_garden_c6cbe1a77d6b,Yuval Paz,5,"The garden at sunset is something else. Cold lager, fairy lights, zero stress.",2026-05-06T06:06:49.224353+00:00
sim_tap_room,tick_sim_tap_room_c830046b697c,Ronit Shahar,4,Great beer education — staff will help you find exactly what you're looking for.,2026-05-06T06:07:03.171590+00:00
sim_lager_ale_tlv,tick_sim_lager_ale_tlv_f37267111712,Itai Gold,4,Solid bar with real personality. The porter is my regular order. Seating gets tight by 9pm.,2026-05-06T13:13:26.962634+00:00
sim_tap_room,tick_sim_tap_room_8ebebd1488b3,Yaron Green,4,The flight of four is a great way to explore. Always discover something new here.,2026-05-06T13:13:44.411805+00:00
sim_lager_ale_tlv,tick_sim_lager_ale_tlv_7c563c541e4b,Liron Ben-Zvi,4,Industrial design and long bar are a vibe. Service is fast even when full.,2026-05-06T14:09:02.259990+00:00
sim_tap_room,tick_sim_tap_room_d821e2c40cd4,Omer Klein,3,"Amazing tap list, claustrophobic space. Hard to relax when you're shoulder to shoulder.",2026-05-06T14:09:28.641067+00:00
sim_lager_ale_tlv,tick_sim_lager_ale_tlv_8cc9cd5c5923,Ayelet Ron,4,Love the concept — always something on tap I haven't tried. Wish they did more food.,2026-05-06T15:40:47.664770+00:00
sim_tap_room,tick_sim_tap_room_1665916a402b,Noam Elul,4,Love the chalkboard tap list. Something new every time. The sour this week is amazing.,2026-05-06T15:41:03.593684+00:00
sim_beer_garden,tick_sim_beer_garden_3137a67c1985,Limor Raz,4,Solid neighborhood bar elevated by the outdoor area. The burger + pale ale is the combo.,2026-05-06T16:19:04.268087+00:00
sim_tap_room,tick_sim_tap_room_035b4e7b48b7,Barak Levi,3,"Good selection but pricey. You're paying for the curation, which is fair, but still.",2026-05-06T16:19:27.848630+00:00
sim_tap_room,tick_sim_tap_room_26d40360621d,Omer Klein,3,"Amazing tap list, claustrophobic space. Hard to relax when you're shoulder to shoulder.",2026-05-06T16:19:27.848630+00:00
sim_beer_garden,tick_sim_beer_garden_236cafe62fa8,Yossi Katz,4,Great for groups — big tables and the staff handles crowds well. Wish the tap list were wider.,2026-05-06T17:42:06.137774+00:00
sim_tap_room,tick_sim_tap_room_0a41009747f7,Yonit Ziv,5,Consistent quality across every visit. The double IPA is exceptional and the staff are genuine experts.,2026-05-06T17:42:28.612576+00:00
sim_tap_room,tick_sim_tap_room_ed9f19ce7192,Omer Klein,3,"Amazing tap list, claustrophobic space. Hard to relax when you're shoulder to shoulder.",2026-05-06T17:42:28.612576+00:00
sim_tap_room,tick_sim_tap_room_edb13c098ebe,Barak Levi,3,"Good selection but pricey. You're paying for the curation, which is fair, but still.",2026-05-06T17:42:28.612576+00:00
sim_lager_ale_tlv,tick_sim_lager_ale_tlv_37c2f60e1b92,Dor Avni,5,"Incredible tap list, something new every visit. The double IPA right now is world class.",2026-05-06T19:47:10.737785+00:00
sim_beer_garden,tick_sim_beer_garden_443d69c92852,Ran Blum,2,"Expected more given the reputation. Noisy, cramped on the weekend, and the service was scattered.",2026-05-06T19:47:26.364494+00:00
sim_beer_garden,tick_sim_beer_garden_6835055938a6,Limor Raz,4,Solid neighborhood bar elevated by the outdoor area. The burger + pale ale is the combo.,2026-05-06T19:47:26.364494+00:00
sim_tap_room,tick_sim_tap_room_29d11d80e643,Pini Ben-Haim,5,For beer geeks this is paradise. Flight of four is the move for first-timers.,2026-05-06T19:47:40.970815+00:00
sim_tap_room,tick_sim_tap_room_4372212f3236,Rafi Levi,5,If you care about craft beer this is your place. They import rare stuff you genuinely can't find elsewhere.,2026-05-06T19:47:40.970815+00:00
sim_tap_room,tick_sim_tap_room_f2d4651abdcb,Shani Cohen,5,The barrel-aged stout they had last week was the best beer I've had in years. Staff know their stuff.,2026-05-06T19:47:40.970815+00:00
sim_tap_room,tick_sim_tap_room_fec05bbe6e25,Ronit Shahar,4,Great beer education — staff will help you find exactly what you're looking for.,2026-05-06T19:47:40.970815+00:00
sim_lager_ale_tlv,tick_sim_lager_ale_tlv_2a8994ad7afb,Noa Eitan,5,"Best bar on Rothschild, no contest. Knowledgeable staff and rotating craft options.",2026-05-06T21:11:26.203320+00:00
sim_beer_garden,tick_sim_beer_garden_ac94f1278ef1,Limor Raz,4,Solid neighborhood bar elevated by the outdoor area. The burger + pale ale is the combo.,2026-05-06T21:11:43.948677+00:00
sim_beer_garden,tick_sim_beer_garden_e5795fa030e9,Amos Tzur,3,"Service is inconsistent — sometimes fast, sometimes you're waiting forever. Nice garden though.",2026-05-06T21:11:43.948677+00:00
sim_tap_room,tick_sim_tap_room_5b598483e373,Moshe Shaul,5,Raised the bar for craft beer in this city. The session IPA on tap now is brilliant.,2026-05-06T21:12:11.057779+00:00
sim_tap_room,tick_sim_tap_room_f36b62ee2d99,Noam Elul,4,Love the chalkboard tap list. Something new every time. The sour this week is amazing.,2026-05-06T21:12:11.057779+00:00
sim_tap_room,tick_sim_tap_room_fd2d13b4c88c,Gad Cohen,4,Serious about craft in a way most Tel Aviv bars aren't. Pricey but fair for the curation.,2026-05-06T21:12:11.057779+00:00
sim_lager_ale_tlv,tick_sim_lager_ale_tlv_62b286515b67,Gal Peretz,5,My friends think I work here because I keep recommending it. The stout is life-changing.,2026-05-06T22:13:55.531516+00:00
sim_beer_garden,tick_sim_beer_garden_7705c5be32af,Yael Gross,3,Nice on a weekday. Packed and hard to find a seat on weekends.,2026-05-06T22:14:15.160690+00:00
sim_beer_garden,tick_sim_beer_garden_ee742e6a8c47,Boaz Ofer,3,"Overpriced for what it is. You're paying for the garden, not the beer quality.",2026-05-06T22:14:15.160690+00:00
sim_tap_room,tick_sim_tap_room_873ddbba10f3,Dotan Peretz,5,The chalkboard tap list changes constantly. Something new every visit. The DIPA right now is extraordinary.,2026-05-06T22:14:28.985590+00:00
sim_tap_room,tick_sim_tap_room_a2837a99d050,Pini Ben-Haim,5,For beer geeks this is paradise. Flight of four is the move for first-timers.,2026-05-06T22:14:28.985590+00:00
sim_tap_room,tick_sim_tap_room_b072d9825e24,Stav Rosen,5,"No shortcuts, just great beer and passion. This is what a craft beer bar should be.",2026-05-06T22:14:28.985590+00:00
sim_lager_ale_tlv,tick_sim_lager_ale_tlv_0f986943aff2,Nadav Shapiro,4,Great discovery. The flight of four is perfect for exploring without committing to a pint.,2026-05-06T23:26:46.235280+00:00
sim_lager_ale_tlv,tick_sim_lager_ale_tlv_3ca84ab63325,Michal Saar,5,"The sampler board is the move for a first visit. Five styles, all excellent, good value.",2026-05-06T23:26:46.235280+00:00
sim_beer_garden,tick_sim_beer_garden_2470853bb2b5,Yossi Katz,4,Great for groups — big tables and the staff handles crowds well. Wish the tap list were wider.,2026-05-06T23:27:02.229007+00:00
sim_beer_garden,tick_sim_beer_garden_73c88fdd8558,Shir Blum,5,Best outdoor bar in the city. We come every Sunday — the brunch + beer combo is a ritual now.,2026-05-06T23:27:02.229007+00:00
sim_tap_room,tick_sim_tap_room_6b1e833ed0f3,Noam Elul,4,Love the chalkboard tap list. Something new every time. The sour this week is amazing.,2026-05-06T23:27:17.834448+00:00
sim_tap_room,tick_sim_tap_room_e3bcbf0250f2,Tali Katz,4,Tiny bar but big on quality. Standing room only on Thursdays but worth the squeeze.,2026-05-06T23:27:17.834448+00:00
sim_tap_room,tick_sim_tap_room_f8da159040d3,Pini Ben-Haim,5,For beer geeks this is paradise. Flight of four is the move for first-timers.,2026-05-06T23:27:17.834448+00:00
sim_lager_ale_tlv,tick_sim_lager_ale_tlv_15f9a61e685c,Nadav Shapiro,4,Great discovery. The flight of four is perfect for exploring without committing to a pint.,2026-05-07T01:16:24.264264+00:00
sim_lager_ale_tlv,tick_sim_lager_ale_tlv_71e0cb0f7be1,Shai Biton,5,Live jazz on Friday + that porter = perfect evening. Will return weekly.,2026-05-07T01:16:24.264264+00:00
sim_lager_ale_tlv,tick_sim_lager_ale_tlv_9d914b6a11ce,Ran Ofer,5,Outdoor seating on a warm evening with a cold craft lager. Tel Aviv at its finest.,2026-05-07T01:16:24.264264+00:00
sim_beer_garden,tick_sim_beer_garden_742aba9d45af,Yossi Katz,4,Great for groups — big tables and the staff handles crowds well. Wish the tap list were wider.,2026-05-07T01:16:42.516146+00:00
sim_beer_garden,tick_sim_beer_garden_cab627b89037,Neta Gold,4,The garden in the evening is beautiful. Service is friendly if a little slow.,2026-05-07T01:16:42.516146+00:00
sim_beer_garden,tick_sim_beer_garden_ff6801353bf7,Inbal Cohen,4,Lovely garden bar. The wheat beer is refreshing and the food is better than expected.,2026-05-07T01:16:42.516146+00:00
sim_tap_room,tick_sim_tap_room_874ac6c7c4c3,Omer Klein,3,"Amazing tap list, claustrophobic space. Hard to relax when you're shoulder to shoulder.",2026-05-07T01:16:58.271814+00:00
sim_tap_room,tick_sim_tap_room_d19dfbbc58fd,Gad Cohen,4,Serious about craft in a way most Tel Aviv bars aren't. Pricey but fair for the curation.,2026-05-07T01:16:58.271814+00:00
sim_lager_ale_tlv,tick_sim_lager_ale_tlv_3d7e08f1f32b,Shai Biton,5,Live jazz on Friday + that porter = perfect evening. Will return weekly.,2026-05-07T04:56:08.731695+00:00
sim_lager_ale_tlv,tick_sim_lager_ale_tlv_51f8758c1c5a,Noa Eitan,5,"Best bar on Rothschild, no contest. Knowledgeable staff and rotating craft options.",2026-05-07T04:56:08.731695+00:00
sim_lager_ale_tlv,tick_sim_lager_ale_tlv_60a9c09c3013,Ran Ofer,5,Outdoor seating on a warm evening with a cold craft lager. Tel Aviv at its finest.,2026-05-07T04:56:08.731695+00:00
sim_lager_ale_tlv,tick_sim_lager_ale_tlv_91667d31186b,Nadav Shapiro,4,Great discovery. The flight of four is perfect for exploring without committing to a pint.,2026-05-07T04:56:08.731695+00:00
sim_beer_garden,tick_sim_beer_garden_74a0567815a9,Kobi Levi,5,The cider is a hidden gem here. Garden is well maintained and vibe is just right.,2026-05-07T04:56:31.881407+00:00
sim_beer_garden,tick_sim_beer_garden_a0d8803006aa,Gadi Mor,5,"Came on a Tuesday evening — quiet, gorgeous, and the lager was perfectly cold. Love this place.",2026-05-07T04:56:31.881407+00:00
sim_tap_room,tick_sim_tap_room_c144a249af35,Anat Friedman,3,The beer is excellent but the bar is small and cramped. Hard to get a seat on weekends.,2026-05-07T04:56:50.830293+00:00
sim_lager_ale_tlv,tick_sim_lager_ale_tlv_2ad07b533b32,Dana Freed,4,"Great spot, gets crowded on weekends but the quality is consistent. Love the rotating taps.",2026-05-07T07:43:35.642241+00:00
sim_lager_ale_tlv,tick_sim_lager_ale_tlv_3d646f5d4d82,Yarden Cohen,5,"Came for one beer, stayed for three. The seasonal sour was outstanding.",2026-05-07T07:43:35.642241+00:00
sim_lager_ale_tlv,tick_sim_lager_ale_tlv_cc4038c5543b,Dor Avni,5,"Incredible tap list, something new every visit. The double IPA right now is world class.",2026-05-07T07:43:35.642241+00:00
sim_lager_ale_tlv,tick_sim_lager_ale_tlv_f334c526f634,Michal Saar,5,"The sampler board is the move for a first visit. Five styles, all excellent, good value.",2026-05-07T07:43:35.642241+00:00
sim_beer_garden,tick_sim_beer_garden_918a765ba7e9,Yael Gross,3,Nice on a weekday. Packed and hard to find a seat on weekends.,2026-05-07T07:43:51.208299+00:00
sim_beer_garden,tick_sim_beer_garden_982db2a08cbd,Yuval Paz,5,"The garden at sunset is something else. Cold lager, fairy lights, zero stress.",2026-05-07T07:43:51.208299+00:00
sim_lager_ale_tlv,tick_sim_lager_ale_tlv_04a2e8d2380f,Adi Ben-Shahar,5,"Quiet Monday evening, bartender talked me through six taps. Left knowing a lot more about beer.",2026-05-07T10:24:56.680629+00:00
sim_lager_ale_tlv,tick_sim_lager_ale_tlv_06c8b35a34f0,Noa Eitan,5,"Best bar on Rothschild, no contest. Knowledgeable staff and rotating craft options.",2026-05-07T10:24:56.680629+00:00
sim_lager_ale_tlv,tick_sim_lager_ale_tlv_fd3de8f38620,Shai Biton,5,Live jazz on Friday + that porter = perfect evening. Will return weekly.,2026-05-07T10:24:56.680629+00:00
sim_beer_garden,tick_sim_beer_garden_e230e71ed474,Neta Gold,4,The garden in the evening is beautiful. Service is friendly if a little slow.,2026-05-07T10:25:20.712794+00:00
sim_lager_ale_tlv,tick_sim_lager_ale_tlv_06bdbb7e49d6,Gal Peretz,5,My friends think I work here because I keep recommending it. The stout is life-changing.,2026-05-07T12:16:42.340089+00:00
sim_lager_ale_tlv,tick_sim_lager_ale_tlv_9c798340f341,Dana Freed,4,"Great spot, gets crowded on weekends but the quality is consistent. Love the rotating taps.",2026-05-07T12:16:42.340089+00:00
sim_lager_ale_tlv,tick_sim_lager_ale_tlv_2e3092e4f46d,Liron Ben-Zvi,4,Industrial design and long bar are a vibe. Service is fast even when full.,2026-05-07T15:12:39.942231+00:00
sim_tap_room,tick_sim_tap_room_4cd9326a3f9c,Limor Sela,4,Serious craft beer bar. The staff can talk for hours about beer styles. Very knowledgeable.,2026-05-07T15:13:02.610947+00:00
sim_beer_garden,tick_sim_beer_garden_5df8df638fd5,Tal Weiss,5,The garden brunch is an institution. Go on a Sunday morning and thank me later.,2026-05-07T17:16:28.646921+00:00
sim_tap_room,tick_sim_tap_room_749453a668f8,Tali Katz,4,Tiny bar but big on quality. Standing room only on Thursdays but worth the squeeze.,2026-05-07T17:16:52.573029+00:00
sim_tap_room,tick_sim_tap_room_cb149a95f4fc,Limor Sela,4,Serious craft beer bar. The staff can talk for hours about beer styles. Very knowledgeable.,2026-05-07T17:16:52.573029+00:00
sim_tap_room,tick_sim_tap_room_e404ee28a3c0,Noam Elul,4,Love the chalkboard tap list. Something new every time. The sour this week is amazing.,2026-05-07T17:16:52.573029+00:00
sim_lager_ale_tlv,tick_sim_lager_ale_tlv_631dcdddaaf0,Ofer Mizrahi,4,"Good selection, friendly staff. Slightly pricey but you're paying for curation.",2026-05-07T19:14:25.705639+00:00
sim_beer_garden,tick_sim_beer_garden_8f04c5b7ba42,Boaz Ofer,3,"Overpriced for what it is. You're paying for the garden, not the beer quality.",2026-05-07T19:14:41.931896+00:00
sim_beer_garden,tick_sim_beer_garden_93d9f643072e,Inbal Cohen,4,Lovely garden bar. The wheat beer is refreshing and the food is better than expected.,2026-05-07T19:14:41.931896+00:00
sim_tap_room,tick_sim_tap_room_110970e3924b,Noam Elul,4,Love the chalkboard tap list. Something new every time. The sour this week is amazing.,2026-05-07T19:15:00.131692+00:00
sim_tap_room,tick_sim_tap_room_7261b746feb5,Ronit Shahar,4,Great beer education — staff will help you find exactly what you're looking for.,2026-05-07T19:15:00.131692+00:00
sim_tap_room,tick_sim_tap_room_a2e5bcd7324f,Limor Sela,4,Serious craft beer bar. The staff can talk for hours about beer styles. Very knowledgeable.,2026-05-07T19:15:00.131692+00:00
sim_tap_room,tick_sim_tap_room_c9dffe82df43,Yaron Green,4,The flight of four is a great way to explore. Always discover something new here.,2026-05-07T19:15:00.131692+00:00
sim_lager_ale_tlv,tick_sim_lager_ale_tlv_a7a95036740d,Liron Ben-Zvi,4,Industrial design and long bar are a vibe. Service is fast even when full.,2026-05-07T20:47:40.434868+00:00
sim_beer_garden,tick_sim_beer_garden_0efa3ca06ed3,Yossi Katz,4,Great for groups — big tables and the staff handles crowds well. Wish the tap list were wider.,2026-05-07T20:47:56.195375+00:00
sim_beer_garden,tick_sim_beer_garden_837034615765,Nurit Ben-David,5,"Perfect for a first date — beautiful setting, relaxed pace, good drink list.",2026-05-07T20:47:56.195375+00:00
sim_tap_room,tick_sim_tap_room_5d8a228c6795,Inbal Mor,5,"The rotating list keeps me coming back weekly. Never the same beer twice, always excellent.",2026-05-07T20:48:10.372667+00:00
sim_tap_room,tick_sim_tap_room_660f83a6ae3b,Noam Elul,4,Love the chalkboard tap list. Something new every time. The sour this week is amazing.,2026-05-07T20:48:10.372667+00:00
sim_tap_room,tick_sim_tap_room_7b6760bef96c,Rafi Levi,5,If you care about craft beer this is your place. They import rare stuff you genuinely can't find elsewhere.,2026-05-07T20:48:10.372667+00:00
sim_tap_room,tick_sim_tap_room_807541d56252,Yaron Green,4,The flight of four is a great way to explore. Always discover something new here.,2026-05-07T20:48:10.372667+00:00
sim_tap_room,tick_sim_tap_room_d3a152fb70d0,Moshe Shaul,5,Raised the bar for craft beer in this city. The session IPA on tap now is brilliant.,2026-05-07T20:48:10.372667+00:00
sim_lager_ale_tlv,tick_sim_lager_ale_tlv_11dfc7072b46,Nadav Shapiro,4,Great discovery. The flight of four is perfect for exploring without committing to a pint.,2026-05-07T21:59:28.644894+00:00
sim_lager_ale_tlv,tick_sim_lager_ale_tlv_6268c2f30d11,Dana Freed,4,"Great spot, gets crowded on weekends but the quality is consistent. Love the rotating taps.",2026-05-07T21:59:28.644894+00:00
sim_beer_garden,tick_sim_beer_garden_3adeb2662365,Erez Bar,4,Regular haunt for us. Not the most adventurous tap list but reliably good.,2026-05-07T21:59:47.205223+00:00
sim_beer_garden,tick_sim_beer_garden_633032322447,Ran Blum,2,"Expected more given the reputation. Noisy, cramped on the weekend, and the service was scattered.",2026-05-07T21:59:47.205223+00:00
sim_beer_garden,tick_sim_beer_garden_a9beb4917643,Dina Koren,3,Pretty place but the beer selection is limited to mainstream brands. Go for the atmosphere.,2026-05-07T21:59:47.205223+00:00
sim_tap_room,tick_sim_tap_room_2028c8fba7e5,Yonit Ziv,5,Consistent quality across every visit. The double IPA is exceptional and the staff are genuine experts.,2026-05-07T22:00:06.620247+00:00
sim_tap_room,tick_sim_tap_room_22fc5785e7a2,Anat Friedman,3,The beer is excellent but the bar is small and cramped. Hard to get a seat on weekends.,2026-05-07T22:00:06.620247+00:00
sim_tap_room,tick_sim_tap_room_2f41673d731c,Michal Raz,3,The beer is great but the food menu is very limited. Come for drinks only.,2026-05-07T22:00:06.620247+00:00
sim_tap_room,tick_sim_tap_room_9430b404cf71,Ronit Shahar,4,Great beer education — staff will help you find exactly what you're looking for.,2026-05-07T22:00:06.620247+00:00
sim_tap_room,tick_sim_tap_room_9a8b82c3c2ef,Inbal Mor,5,"The rotating list keeps me coming back weekly. Never the same beer twice, always excellent.",2026-05-07T22:00:06.620247+00:00
sim_lager_ale_tlv,tick_sim_lager_ale_tlv_c344221a78d2,Ran Ofer,5,Outdoor seating on a warm evening with a cold craft lager. Tel Aviv at its finest.,2026-05-07T23:06:22.243632+00:00
sim_lager_ale_tlv,tick_sim_lager_ale_tlv_d605b798cc1c,Liron Ben-Zvi,4,Industrial design and long bar are a vibe. Service is fast even when full.,2026-05-07T23:06:22.243632+00:00
sim_beer_garden,tick_sim_beer_garden_9682b1e1027a,Amos Tzur,3,"Service is inconsistent — sometimes fast, sometimes you're waiting forever. Nice garden though.",2026-05-07T23:06:39.824308+00:00
sim_beer_garden,tick_sim_beer_garden_ed6bedc7b368,Avi Stern,5,Magical atmosphere on a warm night. Staff are genuinely friendly and the garden is immaculate.,2026-05-07T23:06:39.824308+00:00
sim_tap_room,tick_sim_tap_room_0d9018a85fc8,Pini Ben-Haim,5,For beer geeks this is paradise. Flight of four is the move for first-timers.,2026-05-07T23:06:53.816270+00:00
sim_tap_room,tick_sim_tap_room_b2cfac7709be,Amir Sagi,5,"24 taps, all rotating, all excellent. This is the only craft beer bar that really gets it in Tel Aviv.",2026-05-07T23:06:53.816270+00:00
sim_tap_room,tick_sim_tap_room_caaf5cbf1ac8,Gad Cohen,4,Serious about craft in a way most Tel Aviv bars aren't. Pricey but fair for the curation.,2026-05-07T23:06:53.816270+00:00
